-- --------------------------------------------------------
-- Host:                         127.0.0.1
-- Server version:               5.6.26-log - MySQL Community Server (GPL)
-- Server OS:                    Win64
-- HeidiSQL Version:             9.3.0.4984
-- --------------------------------------------------------

/*!40101 SET @OLD_CHARACTER_SET_CLIENT=@@CHARACTER_SET_CLIENT */;
/*!40101 SET NAMES utf8mb4 */;
/*!40014 SET @OLD_FOREIGN_KEY_CHECKS=@@FOREIGN_KEY_CHECKS, FOREIGN_KEY_CHECKS=0 */;
/*!40101 SET @OLD_SQL_MODE=@@SQL_MODE, SQL_MODE='NO_AUTO_VALUE_ON_ZERO' */;

-- Dumping database structure for azit
DROP DATABASE IF EXISTS `azit`;
CREATE DATABASE IF NOT EXISTS `azit` /*!40100 DEFAULT CHARACTER SET utf8 */;
USE `azit`;


-- Dumping structure for table azit.activities
DROP TABLE IF EXISTS `activities`;
CREATE TABLE IF NOT EXISTS `activities` (
  `id` int(11) NOT NULL AUTO_INCREMENT,
  `created_at` date DEFAULT NULL,
  `goal` varchar(255) DEFAULT NULL,
  `contents` varchar(255) DEFAULT NULL,
  `is_repeated` tinyint(1) DEFAULT NULL,
  `student_id` int(11) NOT NULL,
  `type_id` int(11) NOT NULL,
  `is_deleted` tinyint(1) DEFAULT NULL,
  PRIMARY KEY (`id`),
  UNIQUE KEY `id` (`id`),
  KEY `student_id` (`student_id`),
  KEY `type_id` (`type_id`),
  CONSTRAINT `Activities_ibfk_1` FOREIGN KEY (`type_id`) REFERENCES `activity_type` (`id`) ON DELETE NO ACTION ON UPDATE NO ACTION,
  CONSTRAINT `Activities_ibfk_2` FOREIGN KEY (`student_id`) REFERENCES `students` (`id`) ON DELETE NO ACTION ON UPDATE NO ACTION,
  CONSTRAINT `Activities_ibfk_3` FOREIGN KEY (`type_id`) REFERENCES `activity_type` (`id`) ON DELETE NO ACTION ON UPDATE NO ACTION
) ENGINE=InnoDB AUTO_INCREMENT=30 DEFAULT CHARSET=utf8;

-- Dumping data for table azit.activities: ~6 rows (approximately)
DELETE FROM `activities`;
/*!40000 ALTER TABLE `activities` DISABLE KEYS */;
INSERT INTO `activities` (`id`, `created_at`, `goal`, `contents`, `is_repeated`, `student_id`, `type_id`, `is_deleted`) VALUES
	(1, '2015-10-29', '!!!!', '!!!!', 1, 1, 100, 0),
	(2, '2015-11-05', '뫽', '독서', 0, 1, 200, 1),
	(3, '2015-11-05', '휴', '휴', 0, 1, 600, 0),
	(4, '2015-11-05', '내', '내', 1, 1, 100, 1),
	(5, '2015-11-05', '독', '독', 0, 1, 200, 0),
	(6, '2015-11-06', '', '', 0, 50, 600, 1),
	(7, '2015-11-06', 'ㄹㄹ', 'ㅇㅇ', 1, 50, 500, 1),
	(8, '2015-11-09', '', '', 0, 53, 200, 0),
	(9, '2015-11-11', '', '', 0, 59, 200, 0),
	(10, '2015-11-11', '목표', '내용', 0, 1, 600, 0),
	(11, '2015-11-11', '', '', 0, 59, 700, 0),
	(12, '2015-11-11', 'kk', ';;', 0, 59, 700, 0),
	(13, '2015-11-11', '', '', 0, 62, 300, 0),
	(14, '2015-11-11', '', '', 0, 62, 400, 0),
	(15, '2015-11-11', '모', '내', 0, 1, 100, 0),
	(16, '2015-11-11', '', '', 0, 1, 200, 0),
	(17, '2015-11-12', '', '', 0, 1, 200, 0),
	(18, '2015-11-12', '', '', 0, 1, 400, 0),
	(19, '2015-11-12', '', '', 0, 1, 300, 0),
	(20, '2015-11-12', '', '', 0, 1, 600, 0),
	(21, '2015-11-12', '', '', 0, 1, 500, 0),
	(22, '2015-11-16', '', '', 0, 59, 200, 0),
	(23, '2015-11-16', '', '', 0, 59, 100, 0),
	(24, '2015-11-16', '', '', 0, 59, 500, 0),
	(25, '2015-11-16', '', '', 0, 59, 400, 0),
	(26, '2015-11-16', '', '', 0, 59, 400, 0),
	(27, '2015-11-16', '', '', 0, 59, 400, 0),
	(28, '2015-11-16', '', '', 0, 59, 400, 0),
	(29, '2015-11-16', '', '', 0, 59, 200, 0);
/*!40000 ALTER TABLE `activities` ENABLE KEYS */;


-- Dumping structure for table azit.activity_records
DROP TABLE IF EXISTS `activity_records`;
CREATE TABLE IF NOT EXISTS `activity_records` (
  `id` int(11) NOT NULL AUTO_INCREMENT,
  `created_at` date DEFAULT NULL,
  `start_time` time DEFAULT NULL,
  `end_time` time DEFAULT NULL,
  `duration` time DEFAULT NULL,
  `activity_id` int(11) NOT NULL,
  PRIMARY KEY (`id`),
  UNIQUE KEY `id` (`id`),
  KEY `activity_id` (`activity_id`),
  CONSTRAINT `Activity_records_ibfk_1` FOREIGN KEY (`activity_id`) REFERENCES `activities` (`id`) ON DELETE NO ACTION ON UPDATE NO ACTION
) ENGINE=InnoDB AUTO_INCREMENT=7 DEFAULT CHARSET=utf8;

-- Dumping data for table azit.activity_records: ~6 rows (approximately)
DELETE FROM `activity_records`;
/*!40000 ALTER TABLE `activity_records` DISABLE KEYS */;
INSERT INTO `activity_records` (`id`, `created_at`, `start_time`, `end_time`, `duration`, `activity_id`) VALUES
	(1, '2015-10-29', '11:10:00', '12:10:00', '00:30:00', 1),
	(2, '2015-11-05', '02:07:46', '02:07:46', '00:00:00', 1),
	(3, '2015-11-06', '11:15:22', '11:15:22', '00:00:00', 6),
	(4, '2015-11-06', '11:15:27', '11:15:27', '00:00:00', 7),
	(5, '2015-11-11', '12:28:26', '12:28:26', '00:00:00', 9),
	(6, '2015-11-11', '04:27:58', '04:27:58', '00:00:00', 13);
/*!40000 ALTER TABLE `activity_records` ENABLE KEYS */;


-- Dumping structure for table azit.activity_type
DROP TABLE IF EXISTS `activity_type`;
CREATE TABLE IF NOT EXISTS `activity_type` (
  `id` int(11) NOT NULL AUTO_INCREMENT,
  `title` varchar(255) DEFAULT NULL,
  PRIMARY KEY (`id`),
  UNIQUE KEY `id` (`id`)
) ENGINE=InnoDB AUTO_INCREMENT=701 DEFAULT CHARSET=utf8;

-- Dumping data for table azit.activity_type: ~7 rows (approximately)
DELETE FROM `activity_type`;
/*!40000 ALTER TABLE `activity_type` DISABLE KEYS */;
INSERT INTO `activity_type` (`id`, `title`) VALUES
	(100, '운동'),
	(200, '독서'),
	(300, '식사'),
	(400, '수면'),
	(500, '여가활동'),
	(600, '휴식'),
	(700, '수업');
/*!40000 ALTER TABLE `activity_type` ENABLE KEYS */;


-- Dumping structure for table azit.departments
DROP TABLE IF EXISTS `departments`;
CREATE TABLE IF NOT EXISTS `departments` (
  `id` int(11) NOT NULL AUTO_INCREMENT,
  `title` varchar(255) DEFAULT NULL,
  `parent_id` int(11) DEFAULT NULL,
  PRIMARY KEY (`id`),
  UNIQUE KEY `id` (`id`)
) ENGINE=InnoDB AUTO_INCREMENT=201 DEFAULT CHARSET=utf8;

-- Dumping data for table azit.departments: ~10 rows (approximately)
DELETE FROM `departments`;
/*!40000 ALTER TABLE `departments` DISABLE KEYS */;
INSERT INTO `departments` (`id`, `title`, `parent_id`) VALUES
	(100, '문과', 100),
	(101, '미술대학', 100),
	(102, '법과대학', 100),
	(103, '사범대학', 100),
	(104, '사회과학대학', 100),
	(105, '상경대학', 100),
	(106, '예·체능대학', 100),
	(107, '의학과 및 보건계열대학', 100),
	(108, '인문과학대학', 100),
	(200, '이과', 200);
/*!40000 ALTER TABLE `departments` ENABLE KEYS */;


-- Dumping structure for table azit.d_day
DROP TABLE IF EXISTS `d_day`;
CREATE TABLE IF NOT EXISTS `d_day` (
  `id` int(11) NOT NULL AUTO_INCREMENT,
  `title` varchar(255) DEFAULT NULL,
  `date` varchar(255) DEFAULT NULL,
  `is_active` tinyint(1) DEFAULT NULL,
  `student_id` int(11) NOT NULL,
  PRIMARY KEY (`id`),
  UNIQUE KEY `id` (`id`),
  KEY `student_id` (`student_id`),
  CONSTRAINT `D_day_ibfk_1` FOREIGN KEY (`student_id`) REFERENCES `students` (`id`) ON DELETE NO ACTION ON UPDATE NO ACTION
) ENGINE=InnoDB AUTO_INCREMENT=20 DEFAULT CHARSET=utf8;

-- Dumping data for table azit.d_day: ~11 rows (approximately)
DELETE FROM `d_day`;
/*!40000 ALTER TABLE `d_day` DISABLE KEYS */;
INSERT INTO `d_day` (`id`, `title`, `date`, `is_active`, `student_id`) VALUES
	(1, '수능 수정', '2015/11/11', 0, 1),
	(2, '수능', '2015/11/11', 1, 1),
	(7, '수능', '2015/11/11', 1, 4),
	(9, '디데이테스트', '2015/11/10', 1, 50),
	(10, '으', '2016/11/6', 0, 1),
	(11, 'ㅁㄴ', '2015/12/14', 1, 53),
	(13, 'ㅁㅁㅁ', '2015/6/11', 1, 59),
	(14, '..', '2015/8/11', 0, 59),
	(15, 'ㅑㅓ', '2015/8/11', 1, 52),
	(17, 'ㅂㄷㄱ\n', '2015/10/02', 0, 62),
	(18, 'ㅈㄷㅅ', '2015/2/11', 1, 62);
/*!40000 ALTER TABLE `d_day` ENABLE KEYS */;


-- Dumping structure for table azit.educational_inst
DROP TABLE IF EXISTS `educational_inst`;
CREATE TABLE IF NOT EXISTS `educational_inst` (
  `id` int(11) NOT NULL AUTO_INCREMENT,
  `name` varchar(255) DEFAULT NULL,
  `location` varchar(255) DEFAULT NULL,
  `type_id` int(11) NOT NULL,
  `zipcode` varchar(255) DEFAULT NULL,
  PRIMARY KEY (`id`),
  UNIQUE KEY `id` (`id`),
  KEY `type_id` (`type_id`),
  CONSTRAINT `Educational_inst_ibfk_1` FOREIGN KEY (`type_id`) REFERENCES `edu_inst_type` (`id`) ON DELETE NO ACTION ON UPDATE NO ACTION
) ENGINE=InnoDB AUTO_INCREMENT=4229 DEFAULT CHARSET=utf8;

-- Dumping data for table azit.educational_inst: ~4,153 rows (approximately)
DELETE FROM `educational_inst`;
/*!40000 ALTER TABLE `educational_inst` DISABLE KEYS */;
INSERT INTO `educational_inst` (`id`, `name`, `location`, `type_id`, `zipcode`) VALUES
	(1, '경기상업고등학교', '서울특별시 종로구 자하문로 136', 101, '110-030'),
	(2, '경복고등학교', '서울특별시 종로구 자하문로28가길 9 . 경복고등학교 (청운동.경복고등학교)', 102, '110-030'),
	(3, '경신고등학교', '서울특별시 종로구 혜화로 74 (혜화동.경신중고등학교)', 102, '110-530'),
	(4, '대동세무고등학교', '서울특별시 종로구 계동길 84-10 (계동.대동세무고등학교)', 101, '110-800'),
	(5, '대신고등학교', '서울특별시 종로구 사직로 9 (행촌동.대신중고등학교)', 102, '110-091'),
	(6, '덕성여자고등학교', '서울특별시 종로구 율곡로3길 50 (안국동.덕성여자고등학교)', 102, '110-240'),
	(7, '동성고등학교', '서울특별시 종로구 대학로 156 (혜화동)동성고등학교', 103, '110-530'),
	(8, '배화여자고등학교', '서울특별시 종로구 필운대로1길 34 (필운동.배화여자고등학교)', 102, '110-735'),
	(9, '상명대학교사범대학부속여자고등학교', '서울특별시 종로구 홍지문2길 20 (홍지동.상명대학교)', 102, '110-743'),
	(10, '서울과학고등학교', '서울특별시 종로구 혜화로 63 (명륜1가.서울과학고등학교)', 104, '110-521'),
	(11, '서울국제고등학교', '서울특별시 종로구 성균관로13길 40 (명륜1가.서울국제고등학교)', 104, '110-521'),
	(12, '서울예술고등학교', '서울특별시 종로구 평창문화로 70 (평창동.서울예술고등학교)', 104, '110-847'),
	(13, '서일국제경영고등학교', '서울특별시 종로구 지봉로17길 49 (창신동.서일국제경영고등학교)', 101, '110-861'),
	(14, '중앙고등학교', '서울특별시 종로구 창덕궁길 164 (계동.중앙고등학교)', 103, '110-800'),
	(15, '풍문여자고등학교', '서울특별시 종로구 율곡로3길 4 (안국동.풍문여자고등학교)', 102, '110-240'),
	(16, '경기여자상업고등학교', '서울특별시 중구 만리재로37길 30 (만리동1가.경기여자상업고등학교)', 101, '100-808'),
	(17, '계성여자고등학교', '서울특별시 중구 명동길 74-1 (명동2가.계성여자고등학교)', 102, '100-809'),
	(18, '대경정보산업고등학교', '서울특별시 중구 매봉18길 111 . 대경정보산업고등학교 (신당동)', 101, '100-826'),
	(19, '리라아트고등학교', '서울특별시 중구 소파로2길 24 (예장동.리라아트고등학교)', 101, '100-250'),
	(20, '성동고등학교', '서울특별시 중구 퇴계로90길 17 (신당동.성동고등학교)', 103, '100-821'),
	(21, '성동공업고등학교', '서울특별시 중구 다산로 290 성동공업고등학교', 101, '100-878'),
	(22, '성동글로벌경영고등학교', '서울특별시 중구 퇴계로 375 (신당동.성동글로벌경영고등학교)', 101, '100-889'),
	(23, '이화여자고등학교', '서울특별시 중구 정동길 26 . 이화여자고등학교 (정동.심슨기념관)', 103, '100-120'),
	(24, '이화여자외국어고등학교', '서울특별시 중구 통일로4길 30 (순화동)', 104, '100-130'),
	(25, '장충고등학교', '서울특별시 중구 동호로15길 93 (신당동)', 102, '100-835'),
	(26, '한양공업고등학교', '서울특별시 중구 을지로 299 (신당동)', 101, '100-450'),
	(27, '환일고등학교', '서울특별시 중구 환일길 47 . 환일중고등학교 (만리동2가)', 102, '100-372'),
	(28, '배문고등학교', '서울특별시 용산구 효창원로 258 (서계동.배문중고등학교)', 102, '140-830'),
	(29, '보성여자고등학교', '서울특별시 용산구 신흥로3가길 66 (용산동2가.보성여자고등학교)', 102, '140-833'),
	(30, '서울디지텍고등학교', '서울특별시 용산구 회나무로12길 27 (이태원동.서울디지텍고등학교)', 101, '140-857'),
	(31, '선린인터넷고등학교', '서울특별시 용산구 원효로97길 33-4 (청파동3가.선린인터넷고등학교)', 101, '140-133'),
	(32, '성심여자고등학교', '서울특별시 용산구 원효로19길 49 (원효로4가)', 102, '140-850'),
	(33, '신광여자고등학교', '서울특별시 용산구 청파로 263 (청파동3가.학교법인신광학원)', 102, '140-133'),
	(34, '오산고등학교', '서울특별시 용산구 보광로7길 17 (보광동.오산고등학교)', 102, '140-823'),
	(35, '용산고등학교', '서울특별시 용산구 두텁바위로 60 (용산동2가.용산고등학교)', 102, '140-833'),
	(36, '용산공업고등학교', '서울특별시 용산구 서빙고로 24 (한강로3가.용산공업고등학교)', 101, '140-883'),
	(37, '중경고등학교', '서울특별시 용산구 이촌로84길 34 (이촌동.중경고등학교)', 103, '140-853'),
	(38, '경일고등학교', '서울특별시 성동구 성수일로 27 경일고등학교 (성수동1가.경일 중.고등학교)', 103, '133-819'),
	(39, '덕수고등학교', '서울특별시 성동구 왕십리로 199 (행당동.덕수고등학교)', 101, '133-862'),
	(40, '무학여자고등학교', '서울특별시 성동구 고산자로 197 무학여자고등학교', 102, '133-870'),
	(41, '서울방송고등학교', '서울특별시 성동구 동호로5길 131 (옥수동.서울방송고등학교)', 101, '133-846'),
	(42, '성수고등학교', '서울특별시 성동구 서울숲길 18 (성수동1가.성수중학교)', 102, '133-923'),
	(43, '성수공업고등학교', '서울특별시 성동구 뚝섬로 365 . 성수공업고등학교 (성수동2가.성수공업고등학교)', 101, '133-827'),
	(44, '한양대학교사범대학부속고등학교', '서울특별시 성동구 마조로 42 . 한양대학교사범대학부속고등학교 (사근동)', 103, '133-817'),
	(45, '건국대학교사범대학부속고등학교', '서울특별시 광진구 능동로 120 . 건국대학교사범대학부속고등학교 (화양동.건국대학교)', 102, '143-701'),
	(46, '광남고등학교', '서울 광진구 아차산로70길 17-16 . 광남고등학교 (광장동.광남고등학교)', 102, '143-815'),
	(47, '광양고등학교', '서울특별시 광진구 자양로3가길 31 (자양동.광양고등학교)', 103, '143-873'),
	(48, '대원고등학교', '서울특별시 광진구 용마산로22길 26 (중곡동.대원고등학교)', 102, '143-713'),
	(49, '대원여자고등학교', '서울특별시 광진구 용마산로22길 26 (중곡동.대원여자고등학교)', 102, '143-713'),
	(50, '대원외국어고등학교', '서울특별시 광진구 용마산로22길 26 (중곡동.대원외국어고등학교)', 104, '143-713'),
	(51, '동국대학교사범대학부속여자고등학교', '서울특별시 광진구 광나루로36길 47 (구의동.동국대학교사범대학부속여자중고등학교)', 102, '143-824'),
	(52, '선화예술고등학교', '서울특별시 광진구 천호대로 664 (능동.선화예술중고등학교)', 104, '143-847'),
	(53, '자양고등학교', '서울특별시 광진구 뚝섬로37길 28 (자양동.자양고등학교)', 102, '143-861'),
	(54, '경희고등학교', '서울특별시 동대문구 경희대로 26 (회기동.경희고등학교)', 103, '130-701'),
	(55, '경희여자고등학교', '서울특별시 동대문구 경희대로 26 . 경희여자고등학교  (회기동.경희대학교)', 102, '130-701'),
	(56, '대광고등학교', '서울특별시 동대문구 안암로 6 (신설동.대광고등학교)', 103, '130-810'),
	(57, '동국대학교사범대학부속고등학교', '서울특별시 동대문구 장안벚꽃로 201 (장안동.동국대학교사범대학부속고등학교)', 102, '130-839'),
	(58, '정화여자상업고등학교', '서울특별시 동대문구 홍릉로15길 50 . 정화여자상업고등하교 (제기동.정화여자중학교)', 101, '130-862'),
	(59, '청량고등학교', '서울특별시 동대문구 왕산로 303 (청량리동.청량고등학교)', 103, '130-866'),
	(60, '해성국제컨벤션고등학교', '서울특별시 동대문구 전농로20길 31 (전농동.해성국제컨벤션고등학교)', 101, '130-850'),
	(61, '해성여자고등학교', '서울특별시 동대문구 전농로20길 31 (전농동.해성여자고등학교)', 102, '130-850'),
	(62, '휘경공업고등학교', '서울특별시 동대문구 겸재로 21 (휘경동.휘경공업고등학교)', 101, '130-874'),
	(63, '휘경여자고등학교', '서울특별시 동대문구 한천로 247 (휘경동.휘경여자고등학교)', 102, '130-874'),
	(64, '휘봉고등학교', '서울특별시 동대문구 한천로 272 . 휘봉고등학교 (휘경동)', 102, '130-874'),
	(65, '면목고등학교', '서울특별시 중랑구 용마산로72길 36-14 (면목동.면목고등학교)', 103, '131-812'),
	(66, '송곡고등학교', '서울특별시 중랑구 양원역로 50 (망우동.송곡고등학교)', 102, '131-800'),
	(67, '송곡관광고등학교', '서울특별시 중랑구 양원역로 67 (망우동.송곡여자정보산업고등학교)', 101, '131-230'),
	(68, '송곡여자고등학교', '서울특별시 중랑구 양원역로 67 . (망우동) (망우동)', 102, '131-800'),
	(69, '신현고등학교', '서울특별시 중랑구 봉화산로 174 (상봉동.신현고등학교)', 102, '131-863'),
	(70, '원묵고등학교', '서울특별시 중랑구 숙선옹주로 82 . 원묵고등학교 (묵동.원묵고등학교)', 103, '131-846'),
	(71, '이화여자대학교병설미디어고등학교', '서울특별시 중랑구 망우로73길 56 (망우동.이화여대병설미디어고등학교  영란여중)', 101, '131-802'),
	(72, '중화고등학교', '서울특별시 중랑구 봉화산로27길 62 (중화동.중화고등학교)', 102, '131-875'),
	(73, '태릉고등학교', '서울특별시 중랑구 신내로23길 36 태릉고등학교', 102, '131-846'),
	(74, '혜원여자고등학교', '서울특별시 중랑구 봉우재로58길 39 (망우동.혜원여자중고등학교)', 102, '131-807'),
	(75, '경동고등학교', '서울특별시 성북구 보문로29길 49 (삼선동3가.경동고등학교)', 103, '136-043'),
	(76, '고려대학교사범대학부속고등학교', '서울특별시 성북구 정릉로 161 . 고려대학교사범대학부속고등학교 (정릉동.고려대학교부설보건전문대)', 102, '136-703'),
	(77, '고명정보산업고등학교', '서울특별시 성북구 북악산로 870 (돈암동.고명정보산업고등학교)', 101, '136-890'),
	(78, '대일관광고등학교', '서울특별시 성북구 서경로 118 (정릉동.대일관광고등학교)', 101, '136-857'),
	(79, '대일외국어고등학교', '서울특별시 성북구 서경로 116 (정릉동.대일외국어고등학교)', 104, '136-857'),
	(80, '동구마케팅고등학교', '서울특별시 성북구 성북로8길 71 (성북동)', 101, '136-825'),
	(81, '서울대학교사범대학부설고등학교', '서울특별시 성북구 월곡로6 국립대학법인서울대학교사범대학부설고등학교 (종암동)', 102, '136-090'),
	(82, '서울도시과학기술고등학교', '서울특별시 성북구 종암로 196 (하월곡동.서울도시과학기술고등학교)', 101, '136-130'),
	(83, '석관고등학교', '서울특별시 성북구 한천로70길 30 (석관동.석관고등학교)', 102, '136-816'),
	(84, '성신여자고등학교', '서울특별시 성북구 동소문로26가길 80 (돈암동.성신여자고등학교)', 102, '136-060'),
	(85, '용문고등학교', '서울특별시 성북구 인촌로17가길 46 . 용문고등학교 (안암동2가)', 102, '136-072'),
	(86, '한성여자고등학교', '서울특별시 성북구 삼선교로16길 117 (삼선동2가.한성여자고등학교)', 102, '136-042'),
	(87, '홍익대학교사범대학부속고등학교', '서울특별시 성북구 성북로 14가길 23 (성북동.홍익대학교부속고등학교)', 102, '136-825'),
	(88, '미양고등학교', '서울특별시 강북구 인수봉로 39 (미아동.무유빌딩)', 103, '142-822'),
	(89, '삼각산고등학교', '서울특별시 강북구 삼양로19길 40 (미아동.삼각산고등학교)', 102, '142-100'),
	(90, '성암국제무역고등학교', '서울특별시 강북구 도봉로29길 52 (미아동.성암국제무역고등학교)', 101, '142-816'),
	(91, '신일고등학교', '서울특별시 강북구 솔매로49길 20 (미아동.신일중고등학교)', 103, '142-711'),
	(92, '영훈고등학교', '서울특별시 강북구 도봉로13가길 19 (미아동.학교법인영훈학원)', 102, '142-709'),
	(93, '창문여자고등학교', '서울특별시 강북구 월계로 61 (미아동.창문여자중고등학교)', 102, '142-802'),
	(94, '혜화여자고등학교', '서울특별시 강북구 인수봉로 127 (수유동.혜화여자고등학교)', 102, '142-886'),
	(95, '누원고등학교', '서울특별시 도봉구 마들로 849 (도봉동.누원고등학교)', 102, '132-010'),
	(96, '도봉고등학교', '서울특별시 도봉구 도봉산길 27 (도봉동.도봉고등학교)', 103, '132-812'),
	(97, '서울문화고등학교', '서울특별시 도봉구 마들로 598 (방학동.서울문화고등학교)', 101, '132-854'),
	(98, '서울외국어고등학교', '서울특별시 도봉구 덕릉로66길 22 (창동.서울외국어고등학교)', 104, '132-901'),
	(99, '선덕고등학교', '서울특별시 도봉구 시루봉로 53 (쌍문동.선덕중학교)', 103, '132-715'),
	(100, '세그루패션디자인고등학교', '서울특별시 도봉구 시루봉로 53 (쌍문동.동북초등학교)', 101, '132-030'),
	(101, '자운고등학교', '서울특별시 도봉구 노해로69길 150 (창동.자운고등학교)', 102, '132-898'),
	(102, '정의여자고등학교', '서울특별시 도봉구 노해로49길 69 (쌍문동.정의여자고등학교)', 102, '132-716'),
	(103, '창동고등학교', '서울특별시 도봉구 노해로62길 7 (창동.창동고등학교)', 102, '132-925'),
	(104, '효문고등학교', '서울특별시 도봉구 우이천로 432 (쌍문동.효문중 고등학교)', 102, '132-887'),
	(105, '경기기계공업고등학교', '서울특별시 노원구 공릉로 264 (하계동.경기기계공업고등학교)', 101, '139-869'),
	(106, '광운전자공업고등학교', '서울특별시 노원구 광운로1길 24 (월계동.광운중학교/전자공업고등학교)', 101, '139-875'),
	(107, '노원고등학교', '서울특별시 노원구 노원로 586 . 노원고등학교 (상계동.노원고등학교)', 102, '139-824'),
	(108, '대진고등학교', '서울특별시 노원구 공릉로62가길 47 (하계동.대진고등학교)', 102, '139-869'),
	(109, '대진여자고등학교', '서울특별시 노원구 공릉로 438 (중계동.대진여자고등학교)', 102, '139-865'),
	(110, '동산정보산업고등학교', '서울특별시 노원구 공릉로 257 (공릉동.동산정보산업고등학교)', 101, '139-804'),
	(111, '미래산업과학고등학교', '서울특별시 노원구 덕릉로82길 54 (중계동)', 101, '139-859'),
	(112, '불암고등학교', '서울특별시 노원구 중계로 155 (중계동.불암고등학교)', 102, '139-861'),
	(113, '상계고등학교', '서울특별시 노원구 노해로 432 (상계동.상계고등학교)', 102, '139-200'),
	(114, '상명고등학교', '서울특별시 노원구 덕릉로 553 (중계동.상명고등학교)', 102, '139-725'),
	(115, '서라벌고등학교', '서울특별시 노원구 한글비석로5길 18 (중계동.서라벌고등학교)', 102, '139-860'),
	(116, '서울아이티고등학교', '서울특별시 노원구 섬밭로 299 (중계동.서울아이티고등학교)', 101, '139-863'),
	(117, '수락고등학교', '서울특별시 노원구 동일로245길 143 (상계동.수락고등학교)', 103, '139-838'),
	(118, '염광고등학교', '서울특별시 노원구 월계로45가길 9 . 염광고등학교 (월계동.염광 중/고등/여자메디텍고등학교)', 102, '139-724'),
	(119, '염광여자메디텍고등학교', '서울특별시 노원구 월계로45가길 9 . 염광여자메디텍고등학교 (월계동.염광 중/고등/여자메디텍고등학교)', 101, '139-724'),
	(120, '영신간호비즈니스고등학교', '서울특별시 노원구 중계로16나길 13 (중계동.영신여자고등학교/영신여자실업고등학교)', 101, '139-220'),
	(121, '영신여자고등학교', '서울특별시 노원구 중계로16나길 13 . 영시여자고등학교 (중계동.영신여자고등학교/영신여자실업고등학교)', 102, '139-855'),
	(122, '용화여자고등학교', '서울특별시 노원구 동일로 1461 (상계동.용화여자고등학교)', 102, '139-827'),
	(123, '월계고등학교', '서울특별시 노원구 초안산로5길 66 (월계동.월계고등학교)', 102, '139-851'),
	(124, '인덕공업고등학교', '서울특별시 노원구 초안산로 12 . 인덕공업고등학교 (월계동.인덕대학/인덕공업고등학교)', 101, '139-749'),
	(125, '재현고등학교', '서울특별시 노원구 덕릉로82길 64 . 재현고등학교 (중계동.재현중/고등학교)', 102, '139-928'),
	(126, '청원고등학교', '서울특별시 노원구 한글비석로 506 (상계동.청원초/중/고등학교)', 102, '139-822'),
	(127, '청원여자고등학교', '서울특별시 노원구 한글비석로 506 . 청원여자고등학교 (상계동.청원초/중/고등학교)', 102, '139-822'),
	(128, '한국삼육고등학교', '서울특별시 노원구 화랑로 815 (공릉동.한국삼육고등학교)', 102, '139-800'),
	(129, '혜성여자고등학교', '서울특별시 노원구 노원로16길 2 (하계동.혜성여자고등학교)', 102, '139-230'),
	(130, '대성고등학교', '서울특별시 은평구 갈현로29길 51-24 . 대성고등학교 (갈현동.대성중고등학교)', 103, '122-802'),
	(131, '동명여자고등학교', '서울특별시 은평구 통일로 793 . 동명여자고등학교 (대조동)', 102, '122-840'),
	(132, '동명여자정보산업고등학교', '서울특별시 은평구 통일로 793 (대조동)', 101, '122-840'),
	(133, '선일여자고등학교', '서울특별시 은평구 갈현로29길 27 . 선일여자고등학교 (갈현동)', 102, '122-802'),
	(134, '선일이비즈니스고등학교', '서울특별시 은평구 갈현로29길 27 (갈현동)', 101, '122-802'),
	(135, '선정고등학교', '서울특별시 은평구 서오릉로20길 19 (갈현동.선정중.고등학교)', 102, '122-801'),
	(136, '선정관광고등학교', '서울특별시 은평구 서오릉로22길 19 . 선정관광고등학교 (갈현동)', 101, '122-801'),
	(137, '세명컴퓨터고등학교', '서울특별시 은평구 통일로92가길 33', 101, '122-867'),
	(138, '숭실고등학교', '서울특별시 은평구 은평터널로7길 6 (신사동)', 102, '122-890'),
	(139, '신도고등학교', '서울특별시 은평구 통일로 961 (진관동.신도고등학교)', 102, '122-200'),
	(140, '신진자동차고등학교', '서울특별시 은평구 은평로6길 16 (응암동.학교법인신진학원)', 101, '122-910'),
	(141, '예일디자인고등학교', '서울특별시 은평구 연서로 117 예일디자인고등학교', 101, '122-819'),
	(142, '예일여자고등학교', '서울특별시 은평구 연서로 117 . 예일여자고등학교 (구산동)', 102, '122-819'),
	(143, '은평고등학교', '서울특별시 은평구 갈현로15길 51 (구산동)', 102, '122-946'),
	(144, '은평메디텍고등학교', '서울특별시 은평구 진관2로 57-57 (진관동.은평메디텍고등학교)', 101, '122-200'),
	(145, '진관고등학교', '서울특별시 은평구 진관4로 26 (진관동.진관고등학교)', 102, '122-200'),
	(146, '충암고등학교', '서울특별시 은평구 가좌로5길 5 (응암동)', 102, '122-917'),
	(147, '하나고등학교', '서울특별시 은평구 연서로 535 (진관동.하나고등학교)', 103, '122-200'),
	(148, '가재울고등학교', '서울특별시 서대문구 수색로 100-35', 102, '120-811'),
	(149, '명지고등학교', '서울특별시 서대문구 명지2길 56 (홍은동.명지중？고등학교)', 102, '120-100'),
	(150, '이화여자대학교사범대학부속이화금란고등학교', '서울특별시 서대문구 성산로 560 이화여자대학교사범대학부속이화.금란고등학교', 103, '120-160'),
	(151, '인창고등학교', '서울특별시 서대문구 경기대로 65 (충정로2가.인창중？고등학교)', 102, '120-012'),
	(152, '중앙여자고등학교', '서울특별시 서대문구 북아현로 11가길 7 (북아현동)', 102, '120-819'),
	(153, '한성고등학교', '서울특별시 서대문구 북아현로3길 24 (북아현동.한성중？고등학교)', 102, '120-821'),
	(154, '한성과학고등학교', '서울특별시 서대문구 통일로 279-79 (현저동.한성과학고등학교)', 104, '120-080'),
	(155, '경성고등학교', '서울특별시 마포구 성미산로 111 (연남동.경성중고등학교)', 102, '121-866'),
	(156, '광성고등학교', '서울특별시 마포구 신수로8길 20 (신수동.광성중고등학교)', 102, '121-854'),
	(157, '상암고등학교', '서울특별시 마포구 월드컵북로 445 (상암동.상암고등학교)', 103, '121-904'),
	(158, '서울디자인고등학교', '서울특별시 마포구 백범로 139 (염리동.동도중 서울디자인고등학교)', 101, '121-873'),
	(159, '서울여자고등학교', '서울특별시 마포구 백범로25길 34 (염리동.서울여자중고등학교)', 103, '121-872'),
	(160, '숭문고등학교', '서울특별시 마포구 숭문길 99 . 숭문중고등학교 (대흥동.숭문중고등학교)', 103, '121-809'),
	(161, '한세사이버보안고등학교', '서울특별시 마포구 아현동 457-30 (아현동)', 101, '121-862'),
	(162, '홍익대학교사범대학부속여자고등학교', '서울특별시 마포구 성미산로 51 (성산동)', 102, '121-847'),
	(163, '홍익디자인고등학교', '서울특별시 마포구 성미산로 111 . 홍익디자인고등학교 (연남동.경성중고등학교)', 101, '121-866'),
	(164, '강서고등학교', '서울특별시 양천구 목동중앙남로 27 (목동.강서고등학교)', 102, '158-815'),
	(165, '광영고등학교', '서울시 양천구 남부순환로 30길 17 (신월동 . 광영고등학교)', 102, '158-823'),
	(166, '광영여자고등학교', '서울특별시 양천구 남부순환로30길 17 . 광영여자고등학교 (신월동.광영고등학교)', 102, '158-823'),
	(167, '금옥여자고등학교', '서울특별시 양천구 신정로 213 (신정동.금옥여자고등학교)', 102, '158-855'),
	(168, '목동고등학교', '서울특별시 양천구 목동동로2길 68 . 목동고등학교 (신정동.목동고등학교)', 102, '158-070'),
	(169, '백암고등학교', '서울특별시 양천구 신정로13길 16 (신정동.백암고등학교)', 102, '158-855'),
	(170, '서울금융고등학교', '서울특별시 양천구 가로공원로61길 19 (신월동.서울금융고등학교)', 101, '158-823'),
	(171, '서울영상고등학교', '서울특별시 양천구 목동로11길 46 (신정동.서울영상고등학교)', 101, '158-860'),
	(172, '신목고등학교', '서울특별시 양천구 안양천로 739 (신정동.신목고등학교)', 102, '158-887'),
	(173, '신서고등학교', '서울특별시 양천구 은행정로 42 (신정동.신서고등학교)', 102, '158-860'),
	(174, '양정고등학교', '서울특별시 양천구 안양천로 1039 (목동.양정고등학교)', 103, '158-879'),
	(175, '양천고등학교', '서울특별시 양천구 신정로14길 13 (신정동.양천고등학교)', 102, '158-867'),
	(176, '진명여자고등학교', '서울특별시 양천구 목동로 170 . 진명여자고등학교', 102, '158-050'),
	(177, '한가람고등학교', '서울특별시 양천구 목동서로 15 . 한가람고등학교 (목동.한가람고등학교)', 103, '158-879'),
	(178, '강서공업고등학교', '서울특별시 강서구 방화대로47길 9 (방화동.강서공업고등학교)', 101, '157-857'),
	(179, '경복비즈니스고등학교', '서울특별시 강서구 화곡로 379 (등촌동.경복비즈니스고등학교)', 101, '157-030'),
	(180, '경복여자고등학교', '서울특별시 강서구 화곡로63길 40 (등촌동.경복여자고등학교)', 102, '157-030'),
	(181, '공항고등학교', '서울특별시 강서구 개화동로 495 (방화동.공항고등학교)', 102, '157-853'),
	(182, '대일고등학교', '서울특별시 강서구 등촌로 105 (등촌동.대일고등학교)', 102, '157-837'),
	(183, '덕원여자고등학교', '서울특별시 강서구 강서로45길 91-44 (내발산동.덕원여자고등학교)', 102, '157-700'),
	(184, '덕원예술고등학교', '서울특별시 강서구 강서로45길 91-44 (내발산동.덕원예술고등학교)', 104, '157-700'),
	(185, '동양고등학교', '서울특별시 강서구 허준로 50 (가양동.동양고등학교)', 102, '157-806'),
	(186, '등촌고등학교', '서울특별시 강서구 공항대로39길 115 (등촌동.등촌고등학교)', 103, '157-930'),
	(187, '마포고등학교', '서울특별시 강서구 화곡로 403 . 마포고등학교 (등촌동.마포고등학교)', 102, '157-030'),
	(188, '명덕고등학교', '서울특별시 강서구 강서로47길 34-10 (내발산동.명덕고등학교)', 102, '157-726'),
	(189, '명덕여자고등학교', '서울특별시 강서구 강서로47길 34-10 (내발산동.명덕여자고등학교)', 102, '157-726'),
	(190, '명덕외국어고등학교', '서울특별시 강서구 강서로47길 34-10 . 명덕외국어고등학교 (내발산동.명덕여자고등학교)', 104, '157-726'),
	(191, '세민정보고등학교', '서울특별시 강서구 방화대로34길 13 (방화동.세민정보산업고등학교)', 101, '157-846'),
	(192, '세현고등학교', '서울특별시 강서구 허준로 227 (가양동.세현고등학교)', 102, '157-810'),
	(193, '수명고등학교', '서울특별시 강서구 수명로2길 15 (내발산동.수명고등학교)', 102, '157-280'),
	(194, '신정여자상업고등학교', '서울특별시 강서구 등촌로13아길 20 (화곡동.신정여자상업고등학교)', 101, '157-894'),
	(195, '영등포공업고등학교', '서울특별시 강서구 허준로5길 15 (가양동.영등포공업고등학교)', 101, '157-807'),
	(196, '영일고등학교', '서울특별시 강서구 등촌로51가길 26 (등촌동.영일고등학교)', 102, '157-836'),
	(197, '한광고등학교', '서울특별시 강서구 등촌로13길 110 . 한광고등학교 (화곡동.한광고등학교)', 102, '157-894'),
	(198, '한서고등학교', '서울 강서구 양천로11길 47 (방화동.한서고등학교)', 102, '157-849'),
	(199, '화곡고등학교', '서울특별시 강서구 강서로45길 69 (내발산동.화곡고등학교)', 102, '157-280'),
	(200, '화곡보건경영고등학교', '서울특별시 강서구 강서로45길 70 (내발산동.화곡보건경영고등학교)', 101, '157-834'),
	(201, '경인고등학교', '서울특별시 구로구 경인로46길 31 (고척동.경인고등학교)', 102, '152-826'),
	(202, '고척고등학교', '서울 구로구 중앙로15길 162 (고척동.고척고등학교)', 103, '152-832'),
	(203, '구로고등학교', '서울특별시 구로구 가마산로27길 45 (구로동.구로고등학교)', 102, '152-842'),
	(204, '구일고등학교', '서울특별시 구로구 구일로 90-51 (구로동.구일고등학교)', 102, '152-868'),
	(205, '구현고등학교', '서울특별시 구로구 경인로53가길 17 (구로동.구현고등학교)', 103, '152-865'),
	(206, '덕일전자공업고등학교', '서울특별시 구로구 서해안로21길 . 5-12 (오류동)', 101, '152-100'),
	(207, '서서울생활과학고등학교', '서울특별시 구로구 오리로 1355-10 (궁동.서서울생활과학고등학교)', 101, '152-881'),
	(208, '서울공연예술고등학교', '서울특별시 구로구 오리로22나길 16-26 (궁동.서울공연예술고)', 104, '152-883'),
	(209, '세종과학고등학교', '서울특별시 구로구 오리로21길 79 (궁동.세종과학고등학교)', 104, '152-883'),
	(210, '신도림고등학교', '서울특별시 구로구 경인로67길 159 (신도림동.신도림고등학교)', 102, '152-886'),
	(211, '예림디자인고등학교', '서울특별시 구로구 오리로21길 2 예림디자인고등학교', 101, '152-883'),
	(212, '오류고등학교', '서울특별시 구로구 오리로21길 2 (궁동.구로여자정보산업고등학교)', 102, '152-883'),
	(213, '우신고등학교', '서울특별시 구로구 부일로 917 (궁동.우신고등학교)', 103, '152-883'),
	(214, '유한공업고등학교', '서울특별시 구로구 경인로 8 (항동)', 101, '152-894'),
	(215, '금천고등학교', '서울특별시 금천구 시흥대로38길 26 (시흥동.금천고등학교)', 103, '153-030'),
	(216, '독산고등학교', '서울특별시 금천구 문성로 64 (독산동.독산고등학교)', 102, '153-820'),
	(217, '동일여자고등학교', '서울특별시 금천구 탑골로10길 45 (시흥동)', 102, '153-030'),
	(218, '동일여자상업고등학교', '서울특별시 금천구 탑골로10길 45 (시흥동)', 101, '153-030'),
	(219, '문일고등학교', '서울특별시 금천구 시흥대로47길 45 (시흥동.문일고등학교)', 102, '153-847'),
	(220, '전통예술고등학교', '서울특별시 금천구 시흥대로38길 62 . 전통예술고등학교 (시흥동.서울국악예술중.고등학교)', 104, '153-030'),
	(221, '관악고등학교', '서울특별시 영등포구 영등포로6길 26 (양평동2가.관악고등학교)', 102, '150-102'),
	(222, '대영고등학교', '서울특별시 영등포구 도림로86길 16 (신길동.대영고등학교)', 103, '150-848'),
	(223, '선유고등학교', '서울특별시 영등포구 선유로 227 . 선유고등학교 (양평동4가.선유고등학교)', 102, '150-866'),
	(224, '여의도고등학교', '서울특별시 영등포구 국제금융로7길 37 여의도고등학교', 102, '150-882'),
	(225, '여의도여자고등학교', '서울특별시 영등포구 국제금융로7가길 13 (여의도동.여의도여자고등학교)', 102, '150-888'),
	(226, '영등포여자고등학교', '서울특별시 영등포구 영등포로62길 13 (신길동.영등포여자고등학교)', 102, '150-840'),
	(227, '영신고등학교', '서울 영등포구 대방천로14길 18 . 영신고등학교 (신길동.영신고등학교)', 102, '150-860'),
	(228, '장훈고등학교', '서울특별시 영등포구 영등포로64길 26 . 장훈고등학교 (신길동.장훈고등학교)', 103, '150-840'),
	(229, '한강미디어고등학교', '서울특별시 영등포구 선유로55길 22 (양평동4가.한강미디어고등학교)', 101, '150-867'),
	(230, '경문고등학교', '서울 동작구 동작대로 171 (동작동.경문고등학교)', 103, '156-080'),
	(231, '동작고등학교', '서울특별시 동작구 솔밭로 51 (사당동.동작고등학교(복합정보센타))', 102, '156-883'),
	(232, '서울공업고등학교', '서울특별시 동작구 대방동1길 46 (대방동.서울공업고등학교)', 101, '156-810'),
	(233, '성남고등학교', '서울특별시 동작구 대방동길 74 (대방동.성남고등학교)', 102, '156-809'),
	(234, '수도여자고등학교', '서울특별시 동작구 여의대방로10길 73 . 신대방동 (신대방동.수도여자고등학교)', 102, '156-850'),
	(235, '숭의여자고등학교', '서울특별시 동작구 여의대방로36길 79 (대방동.숭의여자중고등학교)', 102, '156-807'),
	(236, '영등포고등학교', '서울특별시 동작구 등용로8길 5 (대방동.영등포고등학교)', 102, '156-807'),
	(237, '광신고등학교', '서울특별시 관악구 광신길 141 (신림동.광신중고등학교)', 102, '151-863'),
	(238, '광신정보산업고등학교', '서울특별시 관악구 광신길 141', 101, '151-015'),
	(239, '구암고등학교', '서울특별시 관악구 성현로 57 (봉천동.구암고등학교)', 102, '151-050'),
	(240, '남강고등학교', '서울특별시 관악구 난곡로34길 80 (신림동.남강중고등학교)', 102, '151-015'),
	(241, '당곡고등학교', '서울특별시 관악구 봉천로21길 108 (봉천동.당곡고등학교)', 103, '151-050'),
	(242, '미림여자고등학교', '서울특별시 관악구 호암로 546 (신림동.미림여자고등학교)', 103, '151-897'),
	(243, '미림여자정보과학고등학교', '서울특별시 관악구 호암로 546 (신림동.미림여자고등학교)', 104, '151-897'),
	(244, '삼성고등학교', '서울특별시 관악구 신림로 41 (신림동.삼성고등학교)', 102, '151-858'),
	(245, '서울관광고등학교', '서울특별시 관악구 은천로15길 25 (봉천동.서울관광고등학교)', 101, '151-826'),
	(246, '서울문영여자고등학교', '서울특별시 관악구 관악로 85 . 서울문영여자고등학교 (봉천동)', 102, '151-723'),
	(247, '서울미술고등학교', '서울특별시 관악구 남부순환로247길 26 (봉천동.서울미술고등학교)', 102, '151-727'),
	(248, '서울여자상업고등학교', '서울특별시 관악구 관악로 85 (봉천동.서울여자상업고등학교)', 101, '151-724'),
	(249, '성보고등학교', '서울특별시 관악구 남부순환로156길 39 (신림동.성보고등학교)', 102, '151-907'),
	(250, '신림고등학교', '서울특별시 관악구 문성로 119 (신림동.신림고등학교)', 102, '151-015'),
	(251, '영락고등학교', '서울특별시 관악구 청룡16길 25 (봉천동.영락여자상업고등학교  영락고등학교)', 102, '151-917'),
	(252, '영락유헬스고등학교', '서울특별시 관악구 청룡16길 25 (봉천동.영락유헬스고등학교)', 101, '151-917'),
	(253, '인헌고등학교', '서울특별시 관악구 인헌9길 74 (봉천동.인헌고등학교)', 102, '151-814'),
	(254, '동덕여자고등학교', '서울특별시 서초구 효령로2길 123-5 (방배동.동덕여자중고등학교)', 102, '137-854'),
	(255, '반포고등학교', '서울특별시 서초구 고무래로 71 (반포동.반포고등학교)', 102, '137-801'),
	(256, '상문고등학교', '서울특별시 서초구 명달로 45 (방배동.상문고등학교)', 102, '137-849'),
	(257, '서문여자고등학교', '서울특별시 서초구 동광로12길 84 (방배동.서문여자고등학교)', 102, '137-852'),
	(258, '서울고등학교', '서울특별시 서초구 효령로 197 (서초동.서울고등학교)', 102, '137-871'),
	(259, '서울전자고등학교', '서울특별시 서초구 과천대로 852-23 서울전자고등학교 (방배동.서초전자공업고등학교)', 101, '137-853'),
	(260, '서초고등학교', '서울특별시 서초구 반포대로27길 29 (서초동.서초고등학교)', 102, '137-952'),
	(261, '세화고등학교', '서울특별시 서초구 신반포로 56-7 (반포동)', 103, '137-040'),
	(262, '세화여자고등학교', '서울특별시 서초구 신반포로 56-7 . 세화여자고등학교', 103, '137-040'),
	(263, '양재고등학교', '서울특별시 서초구 남부순환로346길 9 (서초동.양재고등학교)', 102, '137-863'),
	(264, '언남고등학교', '서울특별시 서초구 동산로13길 35 (양재동.언남고등학교)', 102, '137-896'),
	(265, '개포고등학교', '서울특별시 강남구 개포로 402 (개포동.개포고등학교)', 102, '135-800'),
	(266, '경기고등학교', '서울특별시 강남구 영동대로 643 (삼성동.경기고등학교)', 102, '135-870'),
	(267, '경기여자고등학교', '서울특별시 강남구 삼성로 29 (개포동.경기여자고등학교)', 102, '135-800'),
	(268, '국악고등학교', '서울특별시 강남구 개포로22길 65 (개포동.국악고등학교)', 104, '135-962'),
	(269, '단국공업고등학교', '서울특별시 강남구 도곡로64길 21 (대치동.단국공업고등학교)', 101, '135-852'),
	(270, '단국대학교사범대학부속고등학교', '서울특별시 강남구 도곡로64길 21 . 단국대학교사범대학부속고등학교 (대치동.단국공업고등학교)', 102, '135-852'),
	(271, '대진디자인고등학교', '서울특별시 강남구 광평로39길 93 (수서동.대진디자인고등학교)', 101, '135-886'),
	(272, '서울로봇고등학교', '서울특별시 강남구 광평로20길 63 (일원동.서울로봇고등학교)', 104, '135-230'),
	(273, '서울세종고등학교', '서울특별시 강남구 광평로51길 36 (수서동.서울세종고등학교)', 102, '135-884'),
	(274, '수도전기공업고등학교', '서울특별시 강남구 개포로 410 (개포동.수도전기공업고등학교)', 104, '135-800'),
	(275, '숙명여자고등학교', '서울특별시 강남구 남부순환로 2807 (도곡동.숙명여자고등학교)', 102, '135-505'),
	(276, '압구정고등학교', '서울특별시 강남구 압구정로39길 20 . 압구정고등학교 (압구정동.압구정고등학교)', 102, '135-903'),
	(277, '영동고등학교', '서울특별시 강남구 선릉로 742 . 영동고등학교 (청담동.영동고등학교)', 102, '135-950'),
	(278, '은광여자고등학교', '서울특별시 강남구 남부순환로359길 36 . 은광여자고등학교 (도곡동.은광여자고등학교)', 102, '135-859'),
	(279, '중동고등학교', '서울특별시 강남구 일원로 7번지', 103, '135-943'),
	(280, '중산고등학교', '서울특별시 강남구 일원로14길 22 (일원동.중산고등학교)', 102, '135-230'),
	(281, '중앙대학교사범대학부속고등학교', '서울특별시 강남구 선릉로 207 . (도곡동 108) (도곡동.중대부속고교)', 102, '135-270'),
	(282, '진선여자고등학교', '서울특별시 강남구 선릉로85길 27 (역삼동.진선여자고등학교)', 102, '135-919'),
	(283, '청담고등학교', '서울특별시 강남구 압구정로 419 . 청담고등학교 (압구정동.청담고등학교)', 102, '135-906'),
	(284, '현대고등학교', '서울특별시 강남구 압구정로 127 (압구정동.현대고등학교)', 103, '135-899'),
	(285, '휘문고등학교', '서울특별시 강남구 역삼로 541', 103, '135-847'),
	(286, '가락고등학교', '서울특별시 송파구 송이로 42 (송파동.가락고등학교)', 102, '138-854'),
	(287, '문정고등학교', '서울특별시 송파구 송이로34길 62 (문정동.문정고등학교)', 102, '138-200'),
	(288, '문현고등학교', '서울특별시 송파구 충민로 115 (장지동.문현고등학교)', 102, '138-923'),
	(289, '방산고등학교', '서울특별시 송파구 오금로27길 18 (방이동.방산고등학교)', 102, '138-836'),
	(290, '배명고등학교', '서울특별시 송파구 삼학사로 11 (삼전동.배명중고등학교)', 102, '138-841'),
	(291, '보성고등학교', '서울특별시 송파구 양재대로 1278 (방이동.보성중고등학교)', 102, '138-829'),
	(292, '보인고등학교', '서울특별시 송파구 오금로49길 18 (오금동.보인중고등학교)', 103, '138-860'),
	(293, '서울체육고등학교', '서울특별시 송파구 강동대로 232 (방이동.서울체육고등학교)', 104, '138-829'),
	(294, '송파공업고등학교', '서울특별시 송파구 양산로 21 (거여동.송파공업고등학교)', 101, '138-816'),
	(295, '영동일고등학교', '서울특별시 송파구 석촌호수로 93 (잠실동.영동일고등학교)', 102, '138-915'),
	(296, '영파여자고등학교', '서울특별시 송파구 올림픽로 565 . 영파여자고등학교 (풍납동.영파여자고등학교)', 102, '138-879'),
	(297, '오금고등학교', '서울특별시 송파구 중대로 247 (오금동.오금고등학교)', 102, '138-855'),
	(298, '일신여자상업고등학교', '서울특별시 송파구 송파대로38길 8 . 일신여자상업고등학교 (송파동.잠실여자고등학교)', 101, '138-854'),
	(299, '잠신고등학교', '서울특별시 송파구 잠실로 24 (잠실동.잠신고등학교)', 102, '138-911'),
	(300, '잠실고등학교', '서울특별시 송파구 올림픽로33길 . 71 (신천동.잠실고등학교)', 102, '138-240'),
	(301, '잠실여자고등학교', '서울특별시 송파구 송파대로38길 8 (송파동.잠실여자고등학교)', 102, '138-854'),
	(302, '잠일고등학교', '서울특별시 송파구 백제고분로 21 (잠실동.잠일고등학교)', 102, '138-908'),
	(303, '정신여자고등학교', '서울특별시 송파구 올림픽로4길 16 (잠실동.정신여자고등학교)', 102, '138-892'),
	(304, '창덕여자고등학교', '서울특별시 송파구 양재대로 1240 . 창덕여자고등학교 (방이동.창덕여자고등학교)', 102, '138-829'),
	(305, '강동고등학교', '서울특별시 강동구 구천면로 572 . 강동고등학교 (상일동.강동고등학교)', 102, '134-837'),
	(306, '강일고등학교', '서울특별시 강동구 아리수로98길 40 (강일동.서울강일고등학교)', 102, '134-100'),
	(307, '광문고등학교', '서울특별시 강동구 동남로 968 (고덕동.광문고등학교)', 102, '134-803'),
	(308, '동북고등학교', '서울특별시 강동구 강동대로 305 (둔촌동)', 102, '134-820'),
	(309, '둔촌고등학교', '서울특별시 강동구 명일로 140 (둔촌동.둔촌고등학교)', 102, '134-817'),
	(310, '명일여자고등학교', '서울특별시 강동구 명일로 350 (명일동.명일여자고등학교)', 102, '134-825'),
	(311, '배재고등학교', '서울특별시 강동구 고덕로 227 (고덕동.배재중 고등학교)', 103, '134-878'),
	(312, '상일미디어고등학교', '서울특별시 강동구 천호대로219길 61 (상일동.상일미디어고등학교)', 101, '134-837'),
	(313, '상일여자고등학교', '서울특별시 강동구 천호대로219길 61 . 상일여자고등학교 (상일동.상일여자고등학교)', 102, '134-837'),
	(314, '서울컨벤션고등학교', '서울특별시 강동구 동남로 964 . 서울컨벤션고등학교', 101, '134-803'),
	(315, '선사고등학교', '서울 강동구 고덕로25길 17 (암사동.암사고등학교)', 102, '134-855'),
	(316, '성덕고등학교', '서울특별시 강동구 구천면로 396 (천호동.성덕고등학교)', 102, '134-861'),
	(317, '한영고등학교', '서울특별시 강동구 동남로 832 (상일동.한영고등학교)', 102, '134-710'),
	(318, '한영외국어고등학교', '서울특별시 강동구 동남로 832 . 한영외국어고등학교 (상일동.한영중 고등학교)', 104, '134-710'),
	(319, '남성여자고등학교', '부산광역시 중구 샘길 14 (대청동1가)', 102, '600-091'),
	(320, '동주여자고등학교', '부산광역시 중구 광복중앙로 18 (광복동3가.동주여자고등학교)', 102, '600-033'),
	(321, '부산디지털고등학교', '부산광역시 중구 망양로 356 (영주동)', 101, '600-110'),
	(322, '혜광고등학교', '부산광역시 중구 망양로259번길 5 (보수동1가.혜광고등학교)', 102, '600-802'),
	(323, '경남고등학교', '부산광역시 서구 망양로111번길 65 (동대신동3가.경남고등학교)', 103, '602-812'),
	(324, '경성전자고등학교', '부산광역시 서구 꽃마을로 25 (서대신동3가.경성전자고등학교)', 101, '602-824'),
	(325, '부경고등학교', '부산광역시 서구 망양로33번길 12 (서대신동3가.부경고등학교)', 102, '602-825'),
	(326, '부산관광고등학교', '부산광역시 서구 천마로 52 (남부민동.부산관광고등학교)', 101, '602-806'),
	(327, '부산서여자고등학교', '부산광역시 서구 보수대로 202-6 (동대신동2가.부산서여자고등학교)', 102, '602-809'),
	(328, '알로이시오전자기계고등학교', '부산광역시 서구 감천로 237 (암남동.마리아 수녀회)', 101, '602-830'),
	(329, '경남여자고등학교', '부산광역시 동구 수정중로 29 (수정동.경남여자고등학교)', 103, '601-816'),
	(330, '금성고등학교', '부산광역시 동구 증산로 83 . 금성고등학교 (좌천동.금성고등학교)', 102, '601-824'),
	(331, '데레사여자고등학교', '부산광역시 동구 정공단로47번길 14 (범일동.데레사여자고등학교)', 102, '601-804'),
	(332, '부산고등학교', '부산광역시 동구 초량로40번길 23 (초량동.부산고등학교)', 102, '601-832'),
	(333, '부산컴퓨터과학고등학교', '부산광역시 동구 초량로 80번길 5 부산컴퓨터과학고등학교 (초량동)', 101, '601-832'),
	(334, '광명고등학교', '부산광역시 영도구 와치로 131 (동삼동.광명고등학교)', 102, '606-806'),
	(335, '부산남고등학교', '부산광역시 영도구 중리북로 5 (동삼동.부산남고등학교)', 103, '606-809'),
	(336, '부산보건고등학교', '부산광역시 영도구 절영로 163 (영선동4가)', 101, '606-817'),
	(337, '부산영상예술고등학교', '부산광역시 영도구 영상길 100 (신선동3가.부산영상예술고등학교)', 101, '606-053'),
	(338, '부산체육고등학교', '부산광역시 영도구 중리북로21번길 5 (동삼동.부산체육고등학교)', 104, '606-809'),
	(339, '부산해사고등학교', '부산광역시 영도구 해양로 425 (동삼동.부산해사고등학교)', 104, '606-775'),
	(340, '영도여자고등학교', '부산광역시 영도구 중리북로 21 . 42 (동삼동)', 103, '606-809'),
	(341, '가야고등학교', '부산광역시 부산진구 엄광로 152 (가야동.가야고등학교)', 102, '614-803'),
	(342, '개금고등학교', '부산광역시 부산진구 백양대로208번길 71 (개금동.개금고등학교)', 102, '614-809'),
	(343, '개성고등학교', '부산광역시 부산진구 당감서로 137 (당감동.개성고등학교)', 103, '614-822'),
	(344, '경남공업고등학교', '부산광역시 부산진구 전포대로175번길 22 (전포동.경남공업고등학교)', 101, '614-869'),
	(345, '경원고등학교', '부산광역시 부산진구 백양관문로 40 (당감동.경원고등학교)', 102, '614-822'),
	(346, '동의공업고등학교', '부산광역시 부산진구 양지로 50 (전포동.동의공업고등학교)', 101, '614-862'),
	(347, '부산국제고등학교', '부산광역시 부산진구 백양관문로 105-70 (당감동.부산국제고등학교)', 104, '614-100'),
	(348, '부산동고등학교', '부산광역시 부산진구 동성로30번길 36 (전포동.부산동고등학교)', 102, '614-863'),
	(349, '부산동성고등학교', '부산광역시 부산진구 동성로 16 (전포동.동성고등학교)', 102, '614-863'),
	(350, '부산마케팅고등학교', '부산광역시 부산진구 봉수로 13 (전포동)부산마케팅고등학교', 101, '614-863'),
	(351, '부산정보고등학교', '부산광역시 부산진구 화지로 24 (양정동.부산정보고등학교)', 101, '614-857'),
	(352, '부산진고등학교', '부산광역시 부산진구 성지로94번길 54 (초읍동.부산진고등학교)', 103, '614-874'),
	(353, '부산진여자고등학교', '부산광역시 부산진구 양정로 48 (양정동.부산진여자고등학교)', 102, '614-852'),
	(354, '부산진여자상업고등학교', '부산광역시 부산진구 진남로 524 (양정동.부산진여자상업고등학교)', 101, '614-853'),
	(355, '성모여자고등학교', '부산광역시 부산진구 양지로 29-1 (양정동.성모여자고등학교)', 102, '614-853'),
	(356, '세정상업고등학교', '부산광역시 부산진구 양정로 88-12 (양정동.세정상업고등학교)', 101, '614-851'),
	(357, '양정고등학교', '부산광역시 부산진구 양정로 46 (양정동.양정고등학교)', 102, '614-852'),
	(358, '한국과학영재학교', '부산광역시 부산진구 백양관문로 105-47 (당감동.한국과학영재학교 본관동)', 104, '614-100'),
	(359, '금정고등학교', '부산광역시 동래구 명장로63번길 60-14 (명장동.금정고등학교)', 103, '607-809'),
	(360, '대명여자고등학교', '부산광역시 동래구 시실로 135 . (명장동) 대명여자고등학교 (명장동.대명여자고등학교)', 102, '607-807'),
	(361, '동래고등학교', '부산광역시 동래구 충렬대로285번길 22 (칠산동.동래고등학교)', 102, '607-030'),
	(362, '동래원예고등학교', '부산광역시 동래구 금강로 43 (온천동.동래원예고등학교)', 101, '607-838'),
	(363, '동인고등학교', '부산광역시 동래구 쇠미로31번길 34 (사직동.동인고등학교)', 102, '607-820'),
	(364, '부산전자공업고등학교', '부산광역시 동래구 금강로59번길 51 (온천동.부산전자공업고등학교)', 101, '607-838'),
	(365, '부산중앙여자고등학교', '부산광역시 동래구 온천천로 131 (명륜동.부산중앙여자고등학교)', 102, '607-805'),
	(366, '사직고등학교', '부산광역시 동래구 쇠미로119번길 51 (사직동.사직고등학교)', 102, '607-819'),
	(367, '사직여자고등학교', '부산광역시 동래구 쇠미로27번길 21 (사직동.사직여자고등학교)', 102, '607-820'),
	(368, '용인고등학교', '부산광역시 동래구 시실로107번길 37 (명장동.용인고등학교)', 102, '607-811'),
	(369, '충렬고등학교', '부산광역시 동래구 명장로106번길 26 (명장동.충렬고등학교)', 102, '607-810'),
	(370, '학산여자고등학교', '부산광역시 동래구 충렬사로51번길 62 (명장동.학산여자고등학교)', 102, '607-811'),
	(371, '혜화여자고등학교', '부산광역시 동래구 명장로99번길 23 (명장동.혜화여자고등학교)', 102, '607-810'),
	(372, '대양전자통신고등학교', '부산광역시 남구 지게골로 128-27 (문현동.대양전자통신고등학교)', 101, '608-828'),
	(373, '대연고등학교', '부산광역시 남구 조각공원로 20 (대연동.대연고등학교)', 102, '608-810'),
	(374, '대연정보고등학교', '부산광역시 남구 진남로 82-19 (대연동.대연정보고등학교)', 101, '608-020'),
	(375, '동천고등학교', '부산광역시 남구 못골번영로 105 (대연동.동천고등학교)', 102, '608-817'),
	(376, '문현여자고등학교', '부산광역시 남구 고동골로 86-41 (문현동.문현여자고등학교)', 102, '608-820'),
	(377, '배정고등학교', '부산광역시 남구 장고개로85번길 14-16 (문현동.배정고등학교)', 102, '608-828'),
	(378, '부산경영고등학교', '부산광역시 남구 장고개로85번길 14-40 (문현동.부산경영고등학교)', 101, '608-828'),
	(379, '부산공업고등학교', '부산광역시 남구 수영로196번길 80 (대연동.부산공업고등학교)', 101, '608-814'),
	(380, '부산중앙고등학교', '부산광역시 남구 진남로127번길 50 (대연동.부산중앙고등학교)', 103, '608-819'),
	(381, '부산항만물류고등학교', '부산광역시 남구 신선로 410 (용당동.부산항만물류고등학교)', 101, '608-830'),
	(382, '부성고등학교', '부산광역시 남구 고동골로69번가길 54 (문현동.부성고등학교)', 102, '608-825'),
	(383, '분포고등학교', '부산광역시 남구 분포로 57 (용호동.분포고등학교)', 102, '608-832'),
	(384, '성지고등학교', '부산광역시 남구 유엔로 39 (우암동.성지고등학교)', 102, '608-060'),
	(385, '예문여자고등학교', '부산광역시 남구 동명로92번길 76 (용호동.예문여자고등학교)', 102, '608-840'),
	(386, '한국조형예술고등학교', '부산광역시 남구 동명로169번길 38 (용호동.한국조형예술고등학교)', 104, '608-835'),
	(387, '경혜여자고등학교', '부산광역시 북구 시랑로21번길 138 (구포동.경혜여자고등학교)', 102, '616-090'),
	(388, '금곡고등학교', '부산광역시 북구 화명신도시로 236 (금곡동.금곡고등학교)', 102, '616-841'),
	(389, '금명여자고등학교', '부산광역시 북구 양달로 101 (화명동307번지.금명여자고등학교)', 102, '616-833'),
	(390, '낙동고등학교', '부산광역시 북구 의성로47번길 23 (덕천동.낙동고등학교)', 103, '616-816'),
	(391, '만덕고등학교', '부산광역시 북구 함박봉로140번길 98-12 (만덕동.만덕고등학교)', 102, '616-842'),
	(392, '부산백양고등학교', '부산광역시 북구 백양대로1016번길 64 (구포동.부산백양고등학교)', 102, '616-806'),
	(393, '삼정고등학교', '부산광역시 북구 시랑로118번길 53 (구포동.부산삼정고등학교)', 102, '616-809'),
	(394, '성도고등학교', '부산광역시 북구 시랑로132번길 87 (구포동.성도고등학교)', 102, '616-805'),
	(395, '화명고등학교', '부산광역시 북구 화명신도시로 169 (화명동.화명고등학교)', 102, '616-851'),
	(396, '반여고등학교', '부산광역시 해운대구 반여로 136 (반여동.반여고등학교)', 102, '612-060'),
	(397, '부산국제외국어고등학교', '부산광역시 해운대구 해운대로469번길 50-1 (우동. 부산국제외국어고등학교)', 104, '612-825'),
	(398, '부산기계공업고등학교', '부산광역시 해운대구 해운대로 569 (우동.부산기계공고)', 104, '612-820'),
	(399, '부산문화여자고등학교', '부산광역시 해운대구 해운대로469번길 50-1 (우동.부산문화여자고등학교)', 101, '612-825'),
	(400, '부흥고등학교', '부산광역시 해운대구 좌동순환로 248 (좌동.부흥고등학교)', 102, '612-839'),
	(401, '성심보건고등학교', '부산광역시 해운대구 반송순환로 142-1 (반송동.성심보건고등학교)', 101, '612-802'),
	(402, '센텀고등학교', '부산광역시 해운대구 해운대로 246 (재송동.센텀고등학교)', 102, '612-050'),
	(403, '신도고등학교', '부산광역시 해운대구 좌동순환로 64 (좌동.신도고등학교)', 102, '612-853'),
	(404, '양운고등학교', '부산광역시 해운대구 양운로 176 (좌동.양운고등학교)', 102, '612-863'),
	(405, '해강고등학교', '부산광역시 해운대구 해운대해변로 33 (우동.해강고등학교)', 102, '612-894'),
	(406, '해운대고등학교', '부산광역시 해운대구 우동3로11번길 43 (우동.해운대고등학교)', 103, '612-818'),
	(407, '해운대공업고등학교', '부산광역시 해운대구 해운대로469번길 96 (우동.해운대공업고등학교)', 101, '612-823'),
	(408, '해운대관광고등학교', '부산광역시 해운대구 우동2로60번길 38 (우동.해운대관광고등학교)', 101, '612-819'),
	(409, '해운대여자고등학교', '부산광역시 해운대구 우동1로85번길 71 (우동.해운대여자고등학교)', 102, '612-020'),
	(410, '건국고등학교', '부산광역시 사하구 승학로17번길 76-8 (하단동.건국중.고등학교)', 102, '604-853'),
	(411, '다대고등학교', '부산광역시 사하구 다대낙조2길 199 (다대동.다대고등학교)', 102, '604-827'),
	(412, '대광발명과학고등학교', '부산광역시 사하구 동매로 135 (당리동.대광발명과학고등학교)', 101, '604-830'),
	(413, '대동고등학교', '부산광역시 사하구 을숙도대로709번길 27 (신평동.대동중고등학교)', 102, '604-836'),
	(414, '동아고등학교', '부산광역시 사하구 괴정로244번길 63 (괴정동.동아고등학교)', 102, '604-812'),
	(415, '동아공업고등학교', '부산광역시 사하구 괴정로260번길 79 (괴정1동 619-46.동아공업고등학교)', 101, '604-812'),
	(416, '부산여자고등학교', '부산광역시 사하구 낙동대로520번길 36 (하단동.부산여자고등학교)', 103, '604-851'),
	(417, '부산일과학고등학교', '부산광역시 사하구 제석로 242 (당리동)', 104, '604-828'),
	(418, '부산자동차고등학교', '부산광역시 사하구 하신중앙로3번나길 16 (장림동.부산자동차고등학교)', 104, '604-842'),
	(419, '부일외국어고등학교', '부산광역시 사하구 감천로73번길 36 (감천동.부일외고 전자디자인고등학교)', 104, '604-806'),
	(420, '부일전자디자인고등학교', '부산광역시 사하구 감천로73번길 36 (감천동.부일외고 전자디자인고등학교)', 101, '604-806'),
	(421, '삼성여자고등학교', '부산광역시 사하구 감천로43번길 45 (감천동.삼성여자고등학교)', 102, '604-806'),
	(422, '성일여자고등학교', '부산광역시 사하구 다대로 161 (신평동.성일여자고등학교)', 102, '604-833'),
	(423, '해동고등학교', '부산광역시 사하구 사하로141번나길 11-15 (괴정동.해동고등학교)', 102, '604-812'),
	(424, '금정여자고등학교', '부산광역시 금정구 서부로76번길 21 (서동.금정여자고등학교)', 102, '609-827'),
	(425, '금정전자공업고등학교', '부산광역시 금정구 서금로 75 (서동.금정전자공업고등학교)', 101, '609-858'),
	(426, '남산고등학교', '부산광역시 금정구 남산로 66 (남산동.남산고등학교)', 102, '609-813'),
	(427, '내성고등학교', '부산광역시 금정구 서동로31번길 11 (부곡동.내성고등학교)', 102, '609-824'),
	(428, '대진정보통신고등학교', '부산광역시 금정구 수림로 92 대진정보통신고등학교', 101, '609-725'),
	(429, '동래여자고등학교', '부산광역시 금정구 체육공원로 20 (구서동.동래여고(기숙사))', 102, '609-719'),
	(430, '부산과학고등학교', '부산광역시 금정구 금샘로 455-1 (구서동.부산과학고등학교)', 104, '609-310'),
	(431, '부산대학교사범대학부설고등학교', '부산광역시 금정구 기찰로22번길 30 (부곡동.부산대학교사범대학부설고등학교)', 102, '609-717'),
	(432, '부산예술고등학교', '부산광역시 금정구 체육공원로 . 20 (부곡동)', 104, '609-800'),
	(433, '부산정보관광고등학교', '부산광역시 금정구 동현로 37 (부곡동.부산정보관광고등학교)', 101, '609-826'),
	(434, '브니엘고등학교', '부산광역시 금정구 체육공원로 160 (구서동.브니엘고등학교)', 102, '609-310'),
	(435, '브니엘국제예술고등학교', '부산광역시 금정구 체육공원로 154 (구서동.브니엘국제예술고등학교)', 104, '609-731'),
	(436, '브니엘여자고등학교', '부산광역시 금정구 체육공원로 154 (구서동.브니엘여자고등학교)', 102, '609-731'),
	(437, '지산고등학교', '부산광역시 금정구 오륜대로 50 (부곡동.지산고등학교)', 102, '609-817'),
	(438, '경일고등학교', '부산광역시 강서구 영강길 153-42 (명지동.경일고등학교)', 102, '618-813'),
	(439, '덕문고등학교', '부산광역시 강서구 천가길 372 (성북동.덕문고등학교)', 102, '618-410'),
	(440, '명호고등학교', '부산광역시 강서구 명지오션시티2로 97 (명지동.명호고등학교)', 102, '618-814'),
	(441, '부산강서고등학교', '부산광역시 강서구 공항로1309번길 96-7 (대저1동.강서고등학교)', 102, '618-803'),
	(442, '부산대저고등학교', '부산광역시 강서구 공항로811번가길 46 (대저2동.대저중고등학교)', 102, '618-807'),
	(443, '부산산업과학고등학교', '부산광역시 강서구 가락대로 1393 (봉림동.부산산업과학고등학교)', 101, '618-350'),
	(444, '계성여자상업고등학교', '부산광역시 연제구 해맞이로109번길 47 (거제동.계성여자상업고등학교)', 101, '611-805'),
	(445, '부산외국어고등학교', '부산광역시 연제구 고분로 144 (연산동.부산외국어고등학교)', 104, '611-815'),
	(446, '연제고등학교', '부산광역시 연제구 쌍미천로30번길 31 (연산동.연제고등학교)', 103, '611-825'),
	(447, '이사벨고등학교', '부산광역시 연제구 중앙대로 1197 (거제동.이사벨고등학교)', 102, '611-802'),
	(448, '지구촌고등학교', '부산광역시 연제구 중앙대로 1197 (거제동.지구촌고등학교)', 105, '611-802'),
	(449, '덕문여자고등학교', '부산광역시 수영구 연수로310번길 114 (광안동.덕문여자고등학교)', 102, '613-100'),
	(450, '부산남일고등학교', '부산광역시 수영구 망미배산로48번길 85-23 (망미동.남일고등학교)', 102, '613-824'),
	(451, '부산동여자고등학교', '부산광역시 수영구 남천서로32번길 39 (남천동.부산동여자고등학교)', 102, '613-816'),
	(452, '부산여자상업고등학교', '부산광역시 수영구 금련로 43 (망미동.부산여자상업고등학교)', 101, '613-824'),
	(453, '구덕고등학교', '부산광역시 사상구 학감대로 81 (학장동.구덕고등학교)', 102, '617-841'),
	(454, '대덕여자고등학교', '부산광역시 사상구 백양대로804번길 42-55 (덕포동.대덕여자고등학교)', 102, '617-040'),
	(455, '부산에너지과학고등학교', '부산광역시 사상구 백양대로768길 115 (덕포동.부산에너지과학고등학교)', 101, '617-811'),
	(456, '사상고등학교', '부산광역시 사상구 강선로 24 (덕포동.사상고등학교)', 103, '617-813'),
	(457, '주례여자고등학교', '부산광역시 사상구 가야대로366번길 146 (주례동.주례여자고등학교)', 103, '617-833'),
	(458, '기장고등학교', '부산광역시 기장군 기장읍 차성서로 77 (기장읍.기장고등학교)', 102, '619-903'),
	(459, '부산장안고등학교', '부산광역시 기장군 장안읍 장안고길 8-16 (장안읍.부산장안고등학교)', 102, '619-953'),
	(460, '시온식품과학고등학교', '부산광역시 기장군 기장읍 죽성로 197 (기장읍)', 101, '619-721'),
	(461, '신정고등학교', '부산광역시 기장군 정관면 정관3로 14 (정관면.신정고등학교)', 102, '619-963'),
	(462, '장안제일고등학교', '부산광역시 기장군 장안읍 좌천2길 43 (장안읍.장안중/제일고등학교)', 102, '619-953'),
	(463, '경북공업고등학교', '대구광역시 중구 남산로 20 (남산동.경북공업고등학교)', 101, '700-805'),
	(464, '경북대학교사범대학부설고등학교', '대구광역시 중구 달구벌대로 2178 (대봉동.경북대학교사범대학부설중.고등학교)', 102, '700-810'),
	(465, '경북여자고등학교', '대구광역시 중구 중앙대로 288 (남산동.경북여자고등학교)', 103, '700-802'),
	(466, '계성고등학교', '대구광역시 중구 달성로 35 (대신동.계성중고등학교)', 103, '700-817'),
	(467, '신명고등학교', '대구광역시 중구 국채보상로102길 48 (동산동.신명고등학교)', 102, '700-821'),
	(468, '강동고등학교', '대구광역시 동구 금강로 65 (신서동.강동고등학교)', 103, '701-869'),
	(469, '달구벌고등학교', '대구광역시 동구 팔공산로2길 16 (덕곡동.달구벌고등학교)', 105, '701-510'),
	(470, '대구공업고등학교', '대구광역시 동구 대현로 135 (신암동.대구공업고등학교)', 101, '701-820'),
	(471, '대구관광고등학교', '대구광역시 동구 동북로71길 37 (신암동.대구관광고등학교)', 101, '701-811'),
	(472, '대구동부고등학교', '대구광역시 동구 반야월북로 199 (각산동.대구동부고등학교)', 102, '701-855'),
	(473, '대구동부공업고등학교', '대구광역시 동구 효동로 48 (효목동.대구동부공업고등학교)', 101, '701-843'),
	(474, '대구일과학고등학교', '대구광역시 동구 경안로 987 대구일과학고등학교', 104, '701-855'),
	(475, '영신고등학교', '대구광역시 동구 팔공로50길 32 (봉무동.영신고등학교)', 102, '701-170'),
	(476, '정동고등학교', '대구광역시 동구 용계로1길 49 (용계동.정동고등학교)', 102, '701-835'),
	(477, '조일로봇고등학교', '대구광역시 동구 신덕로 136-11 (신평동.조일공업고등학교)', 101, '701-140'),
	(478, '청구고등학교', '대구광역시 동구 국채보상로 827 (신천동.청구중고등학교)', 102, '701-834'),
	(479, '경덕여자고등학교', '대구광역시 서구 국채보상로34길 50 (중리동.경덕여자고등학교)', 102, '703-831'),
	(480, '달성고등학교', '대구광역시 서구 달구벌대로 1725 (내당동.달성고등학교)', 103, '703-804'),
	(481, '대구서부고등학교', '대구광역시 서구 국채보상로53길 32 (평리동.서부고등학교)', 103, '703-843'),
	(482, '대구서부공업고등학교', '대구광역시 서구 당산로 228 (내당동.서부공업고등학교)', 101, '703-805'),
	(483, '대구제일고등학교', '대구광역시 서구 국채보상로 384 . 대구제일고등학교 (비산동)', 102, '703-813'),
	(484, '경북여자상업고등학교', '대구광역시 남구 명덕로38길 36 (대명동.경북여자상업고등학교)', 101, '705-817'),
	(485, '경북예술고등학교', '대구광역시 남구 중앙대로47길 30 (대명동.경북예술고등학교)', 104, '705-817'),
	(486, '경상공업고등학교', '대구광역시 남구 대경길 151 (대명동.경상공업고등학교)', 101, '705-825'),
	(487, '경일여자고등학교', '대구광역시 남구 효성로 37 (봉덕동.경일여자중고등학교)', 103, '705-832'),
	(488, '대구고등학교', '대구광역시 남구 중앙대로 171 (대명동.대구고등학교)', 103, '705-802'),
	(489, '대구여자상업고등학교', '대구광역시 남구 현충로40길 50 (대명동.대구여자상업정보고등학교)', 101, '705-818'),
	(490, '심인고등학교', '대구광역시 남구 현충로39길 29 . 심인고등학교 (대명동.심인중고등학교)', 102, '705-816'),
	(491, '협성고등학교', '대구광역시 남구 효성로 33 (봉덕동.협성중고등학교)', 102, '705-832'),
	(492, '강북고등학교', '대구광역시 북구 태전로 100 (태전동.강북고등학교)', 102, '702-260'),
	(493, '경명여자고등학교', '대구광역시 북구 칠성로17길 18 (칠성동2가.경명여자중고등학교)', 102, '702-853'),
	(494, '경상고등학교', '대구광역시 북구 공항로15길 24 (복현동.경상고등학교)', 102, '702-827'),
	(495, '경상여자고등학교', '대구광역시 북구 침산남로9길 164 (침산동.경상여자고등학교)', 102, '702-862'),
	(496, '구암고등학교', '대구광역시 북구 태암남로11길 7 (구암동.구암고등학교)', 103, '702-808'),
	(497, '대구체육고등학교', '대구광역시 북구 칠곡중앙대로136길 29 (동호동.대구체육고등학교)', 104, '702-320'),
	(498, '매천고등학교', '대구광역시 북구 매전로 70 (태전동.매천고등학교)', 102, '702-866'),
	(499, '성광고등학교', '대구광역시 북구 검단로 150 (복현동.성광중고등학교)', 102, '702-827'),
	(500, '성화여자고등학교', '대구광역시 북구 복현로 140 . 성화여자고등학교 (복현동.성화여자중고등학교)', 102, '702-709'),
	(501, '영송여자고등학교', '대구광역시 북구 태전로 92 (태전동.영송여자고등학교)', 102, '702-260'),
	(502, '영진고등학교', '대구광역시 북구 동북로57길 9 (복현동)', 102, '702-828'),
	(503, '운암고등학교', '대구 북구 학정로 378 (구암동.운암고등학교)', 102, '702-807'),
	(504, '칠성고등학교', '대구광역시 북구 칠성로 13 (칠성동2가.칠성고등학교)', 103, '702-851'),
	(505, '학남고등학교', '대구 북구 학남로 78 (국우동)', 103, '702-877'),
	(506, '함지고등학교', '대구광역시 북구 학정로48길 46 (구암동.함지고등학교)', 102, '702-806'),
	(507, '경북고등학교', '대구광역시 수성구 청호로 300 (황금동.경북고등학교)', 102, '706-850'),
	(508, '경신고등학교', '대구광역시 수성구 달구벌대로504길 34 . (범어4동 100)', 103, '706-819'),
	(509, '능인고등학교', '대구광역시 수성구 무학로 207 (지산동.능인고등학교)', 102, '706-731'),
	(510, '대구과학고등학교', '대구광역시 수성구 동대구로 154 (황금동.과학고등학교)', 104, '706-852'),
	(511, '대구남산고등학교', '대구광역시 수성구 신천동로 364 (수성동1가.대구남산고등학교)', 102, '706-831'),
	(512, '대구여자고등학교', '대구광역시 수성구 달구벌대로488길 17 (범어동.대구여자고등학교)', 102, '706-824'),
	(513, '대구자연과학고등학교', '대구광역시 수성구 달구벌대로 3170 (노변동.대구자연과학고등학교)', 101, '706-230'),
	(514, '대구중앙고등학교', '대구광역시 수성구 신천동로 496 (수성동4가.중앙경영정보고등학교)', 102, '706-836'),
	(515, '대구혜화여자고등학교', '대구광역시 수성구 교학로12길 62 . (만촌3동 1256-26)', 102, '706-710'),
	(516, '대륜고등학교', '대구광역시 수성구 달구벌대로 2700 (만촌동.대륜고등학교)', 102, '706-708'),
	(517, '덕원고등학교', '대구광역시 수성구 욱수길 37 (욱수동.덕원고등학교)', 102, '706-180'),
	(518, '동문고등학교', '대구광역시 수성구 효행로 17 (만촌동.동문고등학교)', 102, '706-803'),
	(519, '수성고등학교', '대구광역시 수성구 용학로28길 36 (지산동.수성고등학교)', 103, '706-844'),
	(520, '시지고등학교', '대구광역시 수성구 신매로 6 (신매동.시지고등학교)', 102, '706-170'),
	(521, '영남공업고등학교', '대구광역시 수성구 교학로 96 (만촌동.영남공업고등학교)', 101, '706-709'),
	(522, '오성고등학교', '대구 수성구 달구벌대로522길 78 (만촌동.오성고등학교)', 102, '706-808'),
	(523, '정화여자고등학교', '대구광역시 수성구 청호로84길 123 (범어동.정화여자고등학교)', 102, '706-819'),
	(524, '경북기계공업고등학교', '대구광역시 달서구 월배로 275 (상인동.경북기계공업고등학교)', 104, '704-808'),
	(525, '경원고등학교', '대구광역시 달서구 새방로 77 (용산동.경원고등학교)', 102, '704-923'),
	(526, '경화여자고등학교', '대구 달서구 당산로30길 20 (성당동)', 102, '704-918'),
	(527, '구남보건고등학교', '대구광역시 달서구 두류남길 10 (두류동.구남보건고등학교)', 101, '704-907'),
	(528, '대건고등학교', '대구광역시 달서구 월곡로94길 46 (월성동.대건중 고등학교)', 103, '704-828'),
	(529, '대곡고등학교', '대구광역시 달서구 도원남로 80 (도원동.대곡고등학교)', 102, '704-803'),
	(530, '대구달서공업고등학교', '대구광역시 달서구 학산남로 50 (상인동.대구달서공업고등학교)', 101, '704-808'),
	(531, '대구상원고등학교', '대구광역시 달서구 월배로 241 (상인동.대구상원고등학교)', 102, '704-808'),
	(532, '대구외국어고등학교', '대구광역시 달서구 선원로11길 21 (신당동.대구외국어고등학교)', 104, '704-919'),
	(533, '대구전자공업고등학교', '대구광역시 달서구 용산로 113 (장기동.대구전자공업고등학교)', 101, '704-944'),
	(534, '대구제일여자상업고등학교', '대구광역시 달서구 대명천로 120 (본리동.대구제일여자상업고등학교)', 101, '704-913'),
	(535, '대진고등학교', '대구광역시 달서구 화암로73길 15 (대곡동.대진고등학교)', 103, '704-838'),
	(536, '도원고등학교', '대구광역시 달서구 미리샘길 52 (도원동.도원고등학교)', 102, '704-802'),
	(537, '상서고등학교', '대구광역시 달서구 야외음악당로 107 (성당동.상서고등학교)', 101, '704-918'),
	(538, '상인고등학교', '대구광역시 달서구 상인로 24 (상인동.상인고등학교)', 103, '704-816'),
	(539, '성산고등학교', '대구광역시 달서구 새방로7길 33 (용산동.성산고등학교)', 102, '704-934'),
	(540, '성서고등학교', '대구광역시 달서구 선원로 221 (용산동.성서고등학교)', 102, '704-934'),
	(541, '송현여자고등학교', '대구광역시 달서구 송현로 156 (송현동.송현여자고등학교)', 102, '704-825'),
	(542, '영남고등학교', '대구광역시 달서구 월곡로 300 상인동 70번지', 102, '704-808'),
	(543, '와룡고등학교', '대구광역시 달서구 선원로23북길 20 (이곡동.와룡고등학교)', 102, '704-941'),
	(544, '원화여자고등학교', '대구광역시 달서구 당산로30길 30 (성당동.원화여자고등학교  원화중학교)', 102, '704-918'),
	(545, '호산고등학교', '대구광역시 달서구 달서대로109길 86 (호산동.호산고등학교)', 103, '704-946'),
	(546, '효성여자고등학교', '대구광역시 달서구 월곡로94길 48 (월성동.효성여자중 고등학교)', 102, '704-828'),
	(547, '다사고등학교', '대구광역시 달성군 다사읍 달구벌대로 839 (다사고등학교)', 102, '711-815'),
	(548, '달서고등학교', '대구광역시 달성군 하빈면 하빈로 118 (하빈면.달서중고등학교)', 102, '711-821'),
	(549, '달성정보고등학교', '대구광역시 달성군 구지면 창리로11길 93 (구지면.구지중.달성정보고등학교)', 101, '711-891'),
	(550, '대원고등학교', '대구 달성군 화원읍 비슬로 2658 (화원읍.대원고등학교)', 102, '711-838'),
	(551, '대중금속공업고등학교', '대구광역시 달성군 가창면 가창로 1076-1 (가창면.대중금속공업고등학교)', 101, '711-865'),
	(552, '포산고등학교', '대구광역시 달성군 현풍면 비슬로 556-13 (현풍면.포산중고등학교)', 103, '711-873'),
	(553, '현풍고등학교', '대구광역시 달성군 비슬로 675 (현풍면)', 102, '711-872'),
	(554, '화원고등학교', '대구광역시 달성군 화원읍 비슬로 2458 (화원읍.화원고등학교)', 102, '711-833'),
	(555, '광성고등학교', '인천광역시 중구 참외전로 244 47 (도원동)', 102, '400-140'),
	(556, '영종국제물류고등학교', '인천광역시 중구 운남서로10번길 1 (운남동.영종중학교 영종국제물류고등학교)', 101, '400-812'),
	(557, '인성여자고등학교', '인천광역시 중구 홍예문로 39 . 인성여자고등학교 (송학동2가.인성여자고등학교)', 102, '400-052'),
	(558, '인일여자고등학교', '인천광역시 중구 참외전로72번길 10 (전동.인일여자고등학교)', 102, '400-190'),
	(559, '인천공항고등학교', '인천광역시 중구 신도시북로 20 (운서동.공항고등학교)', 103, '400-833'),
	(560, '인천과학고등학교', '인천광역시 중구 영종대로277번길 74-37 (운서동.인천과학고등학교)', 104, '400-831'),
	(561, '인천국제고등학교', '인천광역시 중구 영종대로277번길 74-40 (운서동.인천국제고등학교)', 104, '400-831'),
	(562, '인천여자상업고등학교', '인천광역시 중구 인중로 146 (신생동.인천여자상업고등학교)', 101, '400-070'),
	(563, '인천영종고등학교', '인천광역시 중구 영종대로 278번길 34 (운서동 3103-8번지)', 102, '400-831'),
	(564, '인천정보산업고등학교', '인천광역시 중구 참외전로 192 (율목동.인천정보산업고등학교)', 101, '400-130'),
	(565, '인천중앙여자상업고등학교', '인천광역시 중구 샛골로 31 (도원동)', 101, '400-140'),
	(566, '인천하늘고등학교', '인천광역시 중구 영종대로277번길 117 (운서동)', 103, '400-831'),
	(567, '인천해사고등학교', '인천광역시 중구 월미로 338 (북성동1가.인천해사고등학교)', 104, '400-201'),
	(568, '제물포고등학교', '인천광역시 중구 자유공원로 58-9 (전동.제물포고등학교)', 102, '400-190'),
	(569, '동산고등학교', '인천광역시 동구 동산로 58 동산고등학교 (송림동.동산고등학교)', 102, '401-818'),
	(570, '박문여자고등학교', '인천광역시 동구 박문로 1 (송림동.인천박문여자중고등학교)', 102, '401-818'),
	(571, '영화관광경영고등학교', '인천광역시 동구 우각로 39 (창영동.영화여자정보고등학교)', 101, '401-802'),
	(572, '재능고등학교', '인천광역시 동구 재능로 178 (송림동.재능대학)', 101, '401-714'),
	(573, '도화기계공업고등학교', '인천광역시 남구 석정로 165 (도화동.도화기계공업고등학교)', 101, '402-803'),
	(574, '문학정보고등학교', '인천광역시 남구 소성로350번길 29 (문학동.문학정보고등학교)', 101, '402-070'),
	(575, '선인고등학교', '인천광역시 남구 석정로 165 (도화동.선인고등학교)', 102, '402-808'),
	(576, '인명여자고등학교', '인천광역시 남구 문화로 11 (관교동.인명여자고등학교)', 102, '402-800'),
	(577, '인천고등학교', '인천광역시 남구 경원대로 804 (주안동.인천고등학교)', 102, '402-859'),
	(578, '인천기계공업고등학교', '인천광역시 남구 한나루로 545 (주안동.인천기계공업고등학교)', 101, '402-844'),
	(579, '인천비즈니스고등학교', '인천광역시 남구 숙골로 116 (도화동.인천비즈니스고등학교)', 101, '402-804'),
	(580, '인천전자마이스터고등학교', '인천광역시 남구 석정로 165 (도화동)', 104, '402-803'),
	(581, '인천하이텍고등학교', '인천광역시 남구 석정로 165 (도화동.운봉공업고등학교)', 101, '402-803'),
	(582, '인하대학교사범대학부속고등학교', '인천 남구 재넘이길123번길 29 (학익동.인하사범대부속중고등학교)', 102, '402-867'),
	(583, '인항고등학교', '인천광역시 남구 매소홀로 135 (용현동.인항고등학교)', 102, '402-834'),
	(584, '인화여자고등학교', '인천광역시 남구 석정로 165 . 165 (도화동.인화여자고등학교)', 102, '402-803'),
	(585, '정석항공과학고등학교', '인천광역시 남구 인하로 100 (용현동.정석항공과학고등학교)', 101, '402-751'),
	(586, '학익고등학교', '인천광역시 남구 한나루로 358 . 23-22 (학익동)', 102, '402-040'),
	(587, '학익여자고등학교', '인천광역시 남구 주승로52번길 8 (학익동.학익여자고등학교)', 102, '402-865'),
	(588, '송도고등학교', '인천광역시 연수구 독배로 91 (옥련동)', 102, '406-050'),
	(589, '신송고등학교', '인천광역시 연수구 신송로6번길 56 (송도동.신송고등학교)', 102, '406-840'),
	(590, '연수고등학교', '인천광역시 연수구 원인재로 145 (연수동.연수고등학교)', 102, '406-818'),
	(591, '연수여자고등학교', '인천 연수구 먼우금로141번길 9 (동춘동.연수여자고등학교)', 102, '406-801'),
	(592, '옥련여자고등학교', '인천광역시 연수구 옥골로77번길(옥련동) (옥련동)', 102, '406-837'),
	(593, '인천대건고등학교', '인천광역시 연수구 능허대로 437 (동춘동.대건고등학교)', 102, '406-800'),
	(594, '인천생활과학고등학교', '인천광역시 연수구 함박뫼로 103 (연수동.인천생활과학고등학교)', 101, '406-813'),
	(595, '인천여자고등학교', '인천광역시 연수구 비류대로506번길 14 (연수동.인천여자고등학교)', 102, '406-812'),
	(596, '인천여자공업고등학교', '인천광역시 연수구 원인재로 21 (동춘동.인천여자공업고등학교)', 101, '406-130'),
	(597, '인천연송고등학교', '인천광역시 연수구 컨벤시아대로42번길 72 (송도동.인천연송고등학교)', 102, '406-840'),
	(598, '인천해송고등학교', '인천광역시 연수구 해송로 20 (송도동.해송고등학교)', 102, '406-840'),
	(599, '인천해양과학고등학교', '인천광역시 연수구 능허대로 71 (옥련동.인천해양과학고등학교)', 101, '406-838'),
	(600, '청학공업고등학교', '인천광역시 연수구 용담로 12 (청학동.청학공업고등학교)', 101, '406-120'),
	(601, '도림고등학교', '인천광역시 남동구 비류대로762번길 10 (도림동.도림고등학교)', 102, '405-280'),
	(602, '동인천고등학교', '인천광역시 남동구 만수로75번길 71-15 (만수동.동인천고등학교)', 103, '405-852'),
	(603, '문일여자고등학교', '인천광역시 남동구 구월로372번길 98 (만수동)', 102, '405-865'),
	(604, '미추홀외국어고등학교', '인천광역시 남동구 에코중앙로 130 (고잔동)', 104, '405-300'),
	(605, '석정여자고등학교', '인천광역시 남동구 방축로 469번길 27 (간석동.석정여자고등학교)', 102, '405-810'),
	(606, '숭덕여자고등학교', '인천광역시 남동구 만수로73번길 20-23 (만수동.숭덕여자중고등학교)', 102, '405-852'),
	(607, '신명여자고등학교', '인천광역시 남동구 용천로205번길 42 (간석동.신명여자고등학교)', 102, '405-800'),
	(608, '인제고등학교', '인천광역시 남동구 석산로197번길 19 (간석동.인제고등학교)', 102, '405-802'),
	(609, '인천고잔고등학교', '인천광역시 남동구 에코중앙로 117 (논현동.고잔고등학교)', 102, '405-300'),
	(610, '인천남고등학교', '인천광역시 남동구 석정로551번길 41 (간석동.인천남고등학교)', 102, '405-810'),
	(611, '인천남동고등학교', '인천광역시 남동구 은봉로 283 (논현동.남동고등학교)', 102, '405-825'),
	(612, '인천논현고등학교', '인천광역시 남동구 청능대로 611번길 54 (논현동. 인천논현고등학교)', 102, '405-300'),
	(613, '인천만수고등학교', '인천광역시 남동구 장승로 91 (만수동.만수고등학교)', 102, '405-859'),
	(614, '인천송천고등학교', '인천광역시 남동구 앵고개로815번길 59 (논현동.인천송천고등학교)', 102, '405-300'),
	(615, '인천예술고등학교', '인천광역시 남동구 구월로115번길 36 (간석동.인천예술고등학교)', 104, '405-809'),
	(616, '한국문화콘텐츠고등학교', '인천광역시 남동구 구월로372번길 98 (만수동)', 101, '405-865'),
	(617, '명신여자고등학교', '인천광역시 부평구 원적로 260 . 원적로 260 (산곡동.명신여자고등학교)', 102, '403-833'),
	(618, '부개고등학교', '인천광역시 부평구 수변로57번길 36 (부개동.부개고등학교)', 102, '403-808'),
	(619, '부개여자고등학교', '인천광역시 부평구 부흥로 433 (부개동.부개여자고등학교)', 102, '403-100'),
	(620, '부광고등학교', '인천광역시 부평구 화랑로 28 . 부광고등학교 (산곡동.부광고등학교)', 102, '403-839'),
	(621, '부광여자고등학교', '인천광역시 부평구 충선로 143 (부개동.부광여자고등학교)', 102, '403-806'),
	(622, '부평고등학교', '인천광역시 부평구 부흥북로 43 (부평동.부평고등학교)', 102, '403-816'),
	(623, '부평공업고등학교', '인천광역시 부평구 주부토로 194 (갈산동.부평공업고등학교)', 101, '403-803'),
	(624, '부평디자인과학고등학교', '인천광역시 부평구 수변로 165 (부개동.부평디자인과학고등학교)', 101, '403-100'),
	(625, '부평여자고등학교', '인천광역시 부평구 부흥로243번길 44 (부평동.부평여자고등학교)', 102, '403-818'),
	(626, '삼산고등학교', '인천광역시 부평구 영성중로 54 (삼산동.삼산고등학교)', 102, '403-864'),
	(627, '세일고등학교', '인천광역시 부평구 원적로 245 (산곡동)', 102, '403-833'),
	(628, '인천부흥고등학교', '인천광역시 부평구 수변로57번길 61 (부개동.부흥고등학교)', 102, '403-807'),
	(629, '인천산곡고등학교', '인천광역시 부평구 원적로 416번길 . 25 (산곡동)', 102, '403-833'),
	(630, '인천상정고등학교', '인천광역시 부평구 경원대로 1109 (십정동.인천상정고등학교)', 103, '403-843'),
	(631, '인천세무고등학교', '인천광역시 부평구 상정로 33 (십정동.인천세무고등학교)', 101, '403-844'),
	(632, '인천영선고등학교', '인천광역시 부평구 체육관로 179 (삼산동.영선고등학교)', 102, '403-866'),
	(633, '인천외국어고등학교', '인천광역시 부평구 원적로 262 (산곡동.인천외국어고등학교)', 104, '403-833'),
	(634, '인천진산과학고등학교', '인천광역시 부평구 굴포로 194-9 (삼산동.진산과학고등학교)', 104, '403-866'),
	(635, '인평자동차정보고등학교', '인천광역시 부평구 화랑로 111 (산곡동)', 101, '403-840'),
	(636, '제일고등학교', '인천광역시 부평구 경인로759번길 28 (십정동.제일고등학교)', 102, '403-849'),
	(637, '계산고등학교', '인천광역시 계양구 주부토로 588 (계산동.계산고등학교)', 102, '407-804'),
	(638, '계산공업고등학교', '인천광역시 계양구 도두리로 47 (계산동)', 101, '407-813'),
	(639, '계산여자고등학교', '인천광역시 계양구 계산새로 131 (용종동.계산여자고등학교)', 102, '407-310'),
	(640, '계양고등학교', '인천 계양구 계양문화로 177 (용종동.계양고등학교 다목적실동)', 102, '407-310'),
	(641, '서운고등학교', '인천광역시 계양구 아나지로 481 . 서운고등학교 (서운동.서운고등학교)', 102, '407-070'),
	(642, '안남고등학교', '인천광역시 계양구 아나지로308번길 9 (작전동.안남고등학교)', 102, '407-820'),
	(643, '인천세원고등학교', '인천광역시 계양구 장제로 966 (병방동.인천세원고등학교)', 102, '407-320'),
	(644, '인천예일고등학교', '인천광역시 계양구 박촌로 23 (방축동.인천예일고등학교)', 103, '407-480'),
	(645, '인천효성고등학교', '인천광역시 계양구 새벌로171번길 21 (효성동.효성고등학교)', 102, '407-826'),
	(646, '작전고등학교', '인천광역시 계양구 봉오대로729번길 27 (작전동.작전고등학교)', 102, '407-817'),
	(647, '작전여자고등학교', '인천광역시 계양구 주부토로 426번길 15 (작전동92. 작전여자고등학교)', 102, '407-817'),
	(648, '가림고등학교', '인천광역시 서구 원적로 58 (가좌동.가림고등학교)', 102, '404-808'),
	(649, '가정고등학교', '인천광역시 서구 서달로 162 (석남동.가정고등학교)', 102, '404-823'),
	(650, '가좌고등학교', '인천광역시 서구 장고개로287번길 24 (가좌동.가좌고등학교)', 102, '404-814'),
	(651, '검단고등학교', '인천광역시 서구 검단로540번길 7 (마전동.검단고등학교)', 102, '404-820'),
	(652, '경인여자고등학교', '인천광역시 서구 서달로 58-16 (석남동.경인여자고등학교)', 101, '404-824'),
	(653, '대인고등학교', '인천광역시 서구 서곶로 446 (공촌동.대인고등학교)', 102, '404-200'),
	(654, '백석고등학교', '인천광역시 서구 서곶로 701 (백석동.백석고등학교)', 102, '404-140'),
	(655, '서인천고등학교', '인천광역시 서구 서곶로 475(검암동) 서인천고등학교', 102, '404-845'),
	(656, '인천디자인고등학교', '인천광역시 서구 대평로56번길 10 (연희동.인천디자인고등학교)', 101, '404-838'),
	(657, '인천신현고등학교', '인천광역시 서구 염곡로 399 (신현동.신현고등학교)', 103, '404-830'),
	(658, '인천원당고등학교', '인천광역시 서구 고산로 40번길 30 (원당동)', 102, '404-320'),
	(659, '인천청라고등학교', '인천광역시 서구 수변로86번길 16-14 (연희동.청라고등학교)', 102, '404-180'),
	(660, '인천체육고등학교', '인천광역시 서구 로봇랜드로 473 (경서동)', 104, '404-170'),
	(661, '인천초은고등학교', '인천광역시 서구 청라에메랄드로 42 (연희동.초은고등학교)', 102, '404-180'),
	(662, '인천해원고등학교', '인천광역시 서구 사파이어로 . 140번길 25', 102, '404-170'),
	(663, '한진고등학교', '인천광역시 서구 서곶로 693-1 (백석동.한진고등학교)', 101, '404-140'),
	(664, '강남영상미디어고등학교', '인천광역시 강화군 길상면 강화남로 57 (길상면.강남영상미디어고등학교)', 101, '417-841'),
	(665, '강화고등학교', '인천광역시 강화군 강화읍 고비고개로 20 . 강화고등학교 (강화읍)', 103, '417-804'),
	(666, '강화여자고등학교', '인천광역시 강화군 강화읍 송악길 58 (강화읍.강화여자고등학교)', 102, '417-803'),
	(667, '교동고등학교', '인천광역시 강화군 교동면 교동남로 17 . 교동중고등학교 (교동면)', 102, '417-922'),
	(668, '덕신고등학교', '인천광역시 강화군 강화읍 고비고개로 45 (강화읍.덕신고등학교)', 102, '417-804'),
	(669, '산마을고등학교', '인천광역시 강화군 양도면 강화남로1002번길 73-29 . 산마을고등학교 (양도면.산마을고등학교)', 105, '417-851'),
	(670, '삼량고등학교', '인천광역시 강화군 내가면 강화서로 184 (내가면.삼량중고등학교)', 102, '417-891'),
	(671, '서도고등학교', '인천광역시 강화군 서도면 주문도길 173 (서도면.서도초 중 고등학교)', 102, '417-933'),
	(672, '대청고등학교', '인천광역시 옹진군 대청면 대청로244번길 116-45 (대청면.대청중고등학교)', 102, '409-851'),
	(673, '덕적고등학교', '인천광역시 옹진군 덕적면 덕적남로 15 (덕적면.덕적초중고등학교)', 102, '409-893'),
	(674, '백령고등학교', '인천광역시 옹진군 백령면 백령로 708 (백령면.백령고등학교)', 102, '409-912'),
	(675, '연평고등학교', '인천광역시 옹진군 연평면 연평중앙로24번길 25 (연평면.연평중고등학교)', 102, '409-840'),
	(676, '인천영흥고등학교', '인천광역시 옹진군 영흥면 내동로 107 인천영흥고등학교', 102, '409-871'),
	(677, '광주고등학교', '광주광역시 동구 중앙로 302 (계림동)', 103, '503-825'),
	(678, '살레시오여자고등학교', '광주광역시 동구 필문대로273번길 21 (지산동 480번지)', 102, '501-838'),
	(679, '전남여자고등학교', '광주광역시 동구 제봉로 158 (궁동)', 102, '501-040'),
	(680, '조선대학교부속고등학교', '광주광역시 동구 의재로33번길 33 (학동.조선대학교부속고등학교)', 102, '501-846'),
	(681, '조선대학교여자고등학교', '광주광역시 동구 지산로 36 (지산동.조선대학교부속여자고등학교)', 102, '501-838'),
	(682, '광덕고등학교', '광주광역시 서구 화정로 202 (화정동.광덕중고등학교)', 102, '502-841'),
	(683, '광주대동고등학교', '광주광역시 서구 전평길 50 (매월동.대동고등학교)', 102, '502-153'),
	(684, '광주서석고등학교', '광주광역시 서구 화정로253번길 27 (화정동.광주서석고등학교)', 102, '502-840'),
	(685, '광주여자고등학교', '광주광역시 서구 상무대로1014번길 43 (화정동)', 102, '502-837'),
	(686, '상무고등학교', '광주광역시 서구 상무민주로32번길 28 (쌍촌동.상무고등학교)', 102, '502-859'),
	(687, '상일여자고등학교', '광주광역시 서구 내방로 217 (쌍촌동.상일여자고등학교)', 103, '502-860'),
	(688, '전남고등학교', '광주광역시 서구 상무공원로 32 (치평동.전남고등학교)', 102, '502-828'),
	(689, '풍암고등학교', '광주광역시 서구 풍암신흥로39번길 20 (풍암동)', 102, '502-832'),
	(690, '광주동성고등학교', '광주광역시 남구 서문대로627번길 20 (진월동)', 102, '503-843'),
	(691, '광주석산고등학교', '광주광역시 남구 백운로 . 26번길 20 (백운동)', 102, '503-809'),
	(692, '광주수피아여자고등학교', '광주광역시 남구 백서로 13 (양림동.수피아여자고등학교)', 102, '503-822'),
	(693, '광주여자상업고등학교', '광주광역시 남구 서문대로627번길 20 .광주여자상업고등학교(진월동)', 101, '503-843'),
	(694, '광주인성고등학교', '광주광역시 남구 서문대로 390 (송하동.인성고)', 102, '503-819'),
	(695, '대광여자고등학교', '광주광역시 남구 서문대로742번길 13 (주월동.대광여자고등학교)', 102, '503-310'),
	(696, '대성여자고등학교', '광주광역시 남구 서문대로663번길 37 (진월동.대성여자고등학교)', 102, '503-330'),
	(697, '동아여자고등학교', '광주광역시 남구 오방로 16-10 (봉선동.동아여자고등학교)', 102, '503-810'),
	(698, '동일전자정보고등학교', '광주광역시 남구 천변좌로604번안길 12 (방림동)', 101, '503-800'),
	(699, '문성고등학교', '광주광역시 남구 제석로 73 (봉선동.문성고등학교)', 102, '503-708'),
	(700, '서진여자고등학교', '광주광역시 남구 서문대로742번길 20 서진여자고등학교 (주월동)', 102, '503-310'),
	(701, '설월여자고등학교', '광주광역시 남구 천변좌로604번길 12 (방림동)', 102, '503-800'),
	(702, '송원고등학교', '광주광역시 남구 송암로 73 (송하동.송원고등학교)', 103, '503-742'),
	(703, '송원여자고등학교', '광주광역시 남구 송암로 73 (송하동)', 102, '503-742'),
	(704, '송원여자상업고등학교', '광주광역시 남구 송암로 73 (송하동.송원여자상업고등학교)', 101, '503-742'),
	(705, '숭의고등학교', '광주광역시 남구 오방로 34-13 (방림동.숭의고등학교)', 102, '503-800'),
	(706, '호남삼육고등학교', '광주광역시 남구 회서로 30 (주월동.삼육중고등학교)', 102, '503-836'),
	(707, '고려고등학교', '광주광역시 북구 설죽로 369 (삼각동.고려고등학교)', 102, '500-825'),
	(708, '광주경신여자고등학교', '광주광역시 북구 금호로 40번길 40 (용봉동)', 102, '500-845'),
	(709, '광주공업고등학교', '광주광역시 북구 설죽로315번길 14 (매곡동.광주공업고등학교)', 101, '500-815'),
	(710, '광주과학고등학교', '광주광역시 북구 첨단과기로 215 (오룡동.광주과학고등학교)', 104, '500-480'),
	(711, '광주동신고등학교', '광주광역시 북구 동문대로 50 . 광주동신고등학교', 102, '500-879'),
	(712, '광주동신여자고등학교', '광주광역시 북구 동문대로 50 (풍향동)', 102, '500-714'),
	(713, '광주숭일고등학교', '광주광역시 북구 모룡대길 40 (일곡동.광주숭일중고등학교)', 102, '500-865'),
	(714, '광주예술고등학교', '광주광역시 북구 서강로 133 (운암동1056-1.광주예술고등학교)', 104, '500-860'),
	(715, '광주자연과학고등학교', '광주광역시 북구 능안로 30 (오치동.자연과학고등학교)', 101, '500-836'),
	(716, '광주제일고등학교', '광주광역시 북구 독립로237번길 33 (누문동.광주제일고등학교)', 103, '500-030'),
	(717, '광주체육고등학교', '광주광역시 북구 하서로 55 (운암동.광주체육고등학교)', 104, '500-856'),
	(718, '국제고등학교', '광주광역시 북구 설죽로 433 (삼각동.학교법인춘태학원)', 102, '500-825'),
	(719, '금파공업고등학교', '광주광역시 북구 금호로 80 (운암동.금파공고)', 101, '500-852'),
	(720, '금호고등학교', '광주광역시 북구 금호로 100 (운암동.금호고등학교)', 102, '500-855'),
	(721, '금호중앙여자고등학교', '광주광역시 북구 금호로 100 . 금호중앙여자고등학교', 102, '500-855'),
	(722, '문정여자고등학교', '광주광역시 북구 능안로30번길 33 (오치동.문정여자고등학교)', 102, '500-836'),
	(723, '빛고을고등학교', '광주광역시 북구 첨단연신로133번길 16 (신용동)', 102, '500-832'),
	(724, '살레시오고등학교', '광주광역시 북구 모룡대길 67 (일곡동.학교법인 살레시오회)', 102, '500-866'),
	(725, '서강고등학교', '광주광역시 북구 서강로 1 . 서강고등학교 (운암동)', 102, '500-742'),
	(726, '전남대학교사범대학부설고등학교', '광주광역시 북구 용봉로 77 . 전남대학교사범대학부설고등학교 (용봉동.전남대학교)', 102, '500-757'),
	(727, '전남여자상업고등학교', '광주광역시 북구 설죽로 433 (삼각동.학교법인춘태학원)', 101, '500-825'),
	(728, '광일고등학교', '광주광역시 광산구 고봉로 812 (임곡동.광일고등학교)', 102, '506-350'),
	(729, '광주경영고등학교', '광주광역시 광산구 상무대로 312 (송정동)', 101, '506-805'),
	(730, '광주자동화설비공업고등학교', '광주광역시 광산구 금봉로 138-1 (우산동)', 104, '506-814'),
	(731, '광주전자공업고등학교', '광주광역시 광산구 첨단중앙로 7 (월계동)', 101, '506-824'),
	(732, '광주진흥고등학교', '광주광역시 광산구 왕버들로 307 . 광주진흥고등학교 (신창동)', 102, '506-838'),
	(733, '동명고등학교', '광주광역시 광산구 사이동길 16 (서봉동)', 105, '506-090'),
	(734, '명진고등학교', '광주광역시 광산구 수완로12번길 21 (수완동)', 102, '506-304'),
	(735, '보문고등학교', '광주광역시 광산구 어등대로529번길 37 (운수동)', 102, '506-110'),
	(736, '성덕고등학교', '광주광역시 광산구 장덕로 75 (장덕동)', 102, '506-251'),
	(737, '수완고등학교', '광주광역시 광산구 장덕로 155 (수완동)', 102, '506-304'),
	(738, '숭덕고등학교', '광주광역시 광산구 월계로 117-8 (월계동)', 103, '506-823'),
	(739, '운남고등학교', '광주광역시 광산구 임방울대로165번길 17 (운남동)', 102, '506-308'),
	(740, '장덕고등학교', '광주광역시 광산구 수등로 45 (장덕동)1684', 102, '506-251'),
	(741, '전남공업고등학교', '광주광역시 광산구 왕버들로322번길 26 (신창동)', 101, '506-839'),
	(742, '정광고등학교', '광주광역시 광산구 소촌로 90-36 (소촌동)', 102, '506-803'),
	(743, '첨단고등학교', '광주광역시 광산구 산월로 12-17 (월계동.첨단고등학교)', 102, '506-824'),
	(744, '계룡공업고등학교', '대전광역시 동구 소랑길 64 . 계룡공업고등학교 (삼성동.계룡중학교)', 101, '300-812'),
	(745, '대성여자고등학교', '대전광역시 동구 대성2길 20 (가양동.대성여자고등학교)', 101, '300-804'),
	(746, '대전가오고등학교', '대전광역시 동구 신기로 71 (가오동.대전가오고등학교)', 102, '300-050'),
	(747, '대전동신과학고등학교', '대전광역시 동구 옥천로 423 (비룡동.대전동신과학고등학교)', 104, '300-310'),
	(748, '대전여자고등학교', '대전광역시 동구 용운로 1 . 28-37 (대동.한우전문점)', 103, '300-811'),
	(749, '동아마이스터고등학교', '대전광역시 동구 충정로 97 (자양동.동아마이스터고등학교)', 104, '300-829'),
	(750, '명석고등학교', '대전광역시 동구 우암로 380 (가양동.명석고등학교)', 102, '300-092'),
	(751, '보문고등학교', '대전광역시 동구 우암로 57 (삼성동.보문고등학교)', 102, '300-812'),
	(752, '우송고등학교', '대전광역시 동구 동대전로131번길 53 (자양동.우송고등학교)', 102, '300-715'),
	(753, '남대전고등학교', '대전광역시 중구 보문로111번길 63 (남대전고등학교)', 102, '301-846'),
	(754, '대성고등학교', '대전광역시 중구 목동로 23 (목동.대성고등학교)', 103, '301-808'),
	(755, '대전고등학교', '대전광역시 중구 대흥로 110 (대흥동.대전고등학교)', 103, '301-805'),
	(756, '대전국제통상고등학교', '대전광역시 중구 서문로 47 (문화동.대전국제통상고등학교)', 101, '301-812'),
	(757, '대전동산고등학교', '대전 중구 문화로 183 (문화동.대전동산중고등학교)', 102, '301-811'),
	(758, '대전성모여자고등학교', '대전광역시 중구 대흥로 62 대전성모여자고등학교', 102, '301-804'),
	(759, '대전신일여자고등학교', '대전광역시 중구 부사로 48 (부사동.대전신일여자고등학교)', 101, '301-815'),
	(760, '대전여자상업고등학교', '대전광역시 중구 대종로550번길 31 (선화동.대전여자상업고등학교)', 101, '301-823'),
	(761, '대전중앙고등학교', '대전광역시 중구 대종로 634 (중촌동.대전중앙중.고등학교)', 102, '301-840'),
	(762, '대전한빛고등학교', '대전광역시 중구 대둔산로 119-37 (안영동.대전한빛고등학교)', 102, '301-213'),
	(763, '청란여자고등학교', '대전광역시 중구 보문로95번길 40 . 청란여자고등학교 (부사동)', 102, '301-816'),
	(764, '충남기계공업고등학교', '대전광역시 중구 산성로 154 (문화동.충남기계공업고등학교)', 101, '301-813'),
	(765, '충남여자고등학교', '대전광역시 중구 선화로43번길 77 (목동.충남여자고등학교)', 102, '301-807'),
	(766, '호수돈여자고등학교', '대전광역시 중구 선화로 50 (용두동.호수돈여자중.고등학교)', 102, '301-831'),
	(767, '대전관저고등학교', '대전광역시 서구 관저북로 94 대전관저고등학교', 102, '302-812'),
	(768, '대전괴정고등학교', '대전광역시 서구 가장로 15 (괴정동)', 102, '302-816'),
	(769, '대전구봉고등학교', '대전 서구 관저서로 36 (관저동.대전구봉고등학교)', 102, '302-812'),
	(770, '대전대신고등학교', '대전광역시 서구 오량1길 98 (복수동)', 103, '302-840'),
	(771, '대전둔산여자고등학교', '대전광역시 서구 갈마역로 33 (갈마동.대전둔산여자고등학교)', 102, '302-808'),
	(772, '대전둔원고등학교', '대전광역시 서구 대덕대로 101 (갈마동.대전둔원고등학교)', 102, '302-809'),
	(773, '대전만년고등학교', '대전 서구 만년로 6 . 만년고등학교 (만년동.만년고등학교)', 102, '302-834'),
	(774, '대전복수고등학교', '대전광역시 서구 혜천로 66 (복수동)', 102, '302-840'),
	(775, '대전외국어고등학교', '대전광역시 서구 신갈마로 19 (내동.대전외국어고등학교)', 104, '302-818'),
	(776, '대전제일고등학교', '대전광역시 서구 배재로 46번길 77 대전제일고등학교', 102, '302-823'),
	(777, '동방고등학교', '대전광역시 서구 계백로 1106 (관저동.동방고등학교)', 102, '302-811'),
	(778, '서대전고등학교', '대전광역시 서구 월평동로 60 (월평동.서대전고등학교)', 102, '302-849'),
	(779, '서대전여자고등학교', '대전광역시 서구 배재로197번길 20 (도마동.서대전여자고등학교)', 103, '302-871'),
	(780, '서일고등학교', '대전광역시 서구 계백로828번길 30 (관저동)', 102, '302-812'),
	(781, '서일여자고등학교', '대전광역시 서구 구봉산북로 22 (관저동.서일여자고등학교)', 102, '302-812'),
	(782, '충남고등학교', '대전광역시 서구 문정로 171 (둔산동.충남고등학교)', 103, '302-831'),
	(783, '한밭고등학교', '대전광역시 서구 신갈마로141번길 58 (갈마동.한밭고등학교)', 102, '302-807'),
	(784, '대덕고등학교', '대전광역시 유성구 대덕대로 556번길 . 158 (도룡동)', 102, '305-340'),
	(785, '대덕전자기계고등학교', '대전광역시 유성구 가정북로 76 (장동.대덕전자기계고등학교)', 101, '305-343'),
	(786, '대전공업고등학교', '대전광역시 유성구 진잠로42번길 35 (원내동.대전공업고등학교)', 101, '305-809'),
	(787, '대전과학고등학교', '대전광역시 유성구 과학로 46 (구성동.과학고등학교)', 104, '305-338'),
	(788, '대전노은고등학교', '대전광역시 유성구 노은동로 99 . 55 (노은동)', 103, '305-325'),
	(789, '대전도안고등학교', '대전광역시 유성구 원신흥남로 51 (원신흥동)', 102, '305-315'),
	(790, '대전반석고등학교', '대전광역시 유성구 지족로 332 (지족동.대전반석고등학교)', 102, '305-330'),
	(791, '대전예술고등학교', '대전 유성구 월드컵대로308번길 33 (상대동.대전예술고등학교)', 104, '305-313'),
	(792, '대전용산고등학교', '대전광역시 유성구 용산2로 2-16 (용산동)', 102, '305-500'),
	(793, '대전전민고등학교', '대전광역시 유성구 전민로 63 (전민동.대전전민고등학교)', 102, '305-811'),
	(794, '대전전자디자인고등학교', '대전광역시 유성구 대덕대로 939 (화암동.대전전자디자인고등학교)', 101, '305-348'),
	(795, '대전지족고등학교', '대전광역시 유성구 노은서로 202 (지족동.지족고등학교)', 102, '305-330'),
	(796, '대전체육고등학교', '대전광역시 유성구 원신흥로40번길 6 . 대전체육중고등학교 (원신흥동)', 104, '305-315'),
	(797, '유성고등학교', '대전광역시 유성구 유성대로654번길 130 (구암동.유성고등학교)', 102, '305-801'),
	(798, '유성생명과학고등학교', '대전광역시 유성구 월드컵대로 270 (구암동.유성생명과학고등학교)', 101, '305-800'),
	(799, '유성여자고등학교', '대전광역시 유성구 은구비로138번길 . 70 (죽동.유성여자고등학교)', 102, '305-328'),
	(800, '중일고등학교', '대전 유성구 배울2로 68 (관평동.중일고등학교)', 102, '305-509'),
	(801, '경덕공업고등학교', '대전광역시 대덕구 동산초교로63번길 12 . 경덕공업고등학교 (오정동.경덕중학교)', 101, '306-819'),
	(802, '대전송촌고등학교', '대전광역시 대덕구 선비마을로23번길 11 (송촌동.대전송촌고등학교)', 103, '306-813'),
	(803, '대전이문고등학교', '대전광역시 대덕구 석봉로 15 (석봉동.이문고등학교)', 102, '306-810'),
	(804, '동대전고등학교', '대전광역시 대덕구 청림길 33 (중리동.동대전고등학교)', 102, '306-826'),
	(805, '신탄진고등학교', '대전광역시 대덕구 신탄진북로 14 (신탄진동.신탄진고등학교)', 102, '306-815'),
	(806, '다운고등학교', '울산광역시 중구 다운로 180 (다운동.다운고등학교)', 102, '681-803'),
	(807, '성신고등학교', '울산광역시 중구 성신고교길 26 (복산동.성신고등학교)', 103, '681-825'),
	(808, '약사고등학교', '울산광역시 중구 종가로 560 (약사동)', 103, '681-430'),
	(809, '울산고등학교', '울산광역시 중구 도화골15길 15 (복산동.울산고등학교)', 102, '681-810'),
	(810, '울산애니원고등학교', '울산광역시 중구 성안11길 21 (성안동.울산애니원고등학교)', 101, '681-300'),
	(811, '울산중앙고등학교', '울산광역시 중구 난곡로 33 (태화동.중앙고등학교)', 102, '681-820'),
	(812, '울산중앙여자고등학교', '울산광역시 중구 내황2길 33 (반구동.울산중앙여자고등학교)', 102, '681-806'),
	(813, '학성여자고등학교', '울산광역시 중구 화합로 466 (약사동.학성여자고등학교)', 102, '681-430'),
	(814, '함월고등학교', '울산광역시 중구 원유곡길 6 (유곡동.함월고등학교)', 102, '681-310'),
	(815, '대현고등학교', '울산광역시 남구 수암로 164 (야음동.대현고등학교)', 102, '680-842'),
	(816, '무거고등학교', '울산광역시 남구 대학로1번길 17-28 (무거동.무거고등학교)', 102, '680-808'),
	(817, '문수고등학교', '울산광역시 남구 울밀로 2905 (무거동.문수고등학교)', 102, '680-806'),
	(818, '삼산고등학교', '울산광역시 남구 돋질로 339번길 . 13', 102, '680-817'),
	(819, '삼일여자고등학교', '울산광역시 남구 두왕로190번길 59 (선암동.삼일여자고등학교)', 102, '680-820'),
	(820, '성광여자고등학교', '울산광역시 남구 남부순환도로 97 (옥동.성광여자고등학교)', 102, '680-845'),
	(821, '신선여자고등학교', '울산광역시 남구 수암로178번길 14 (야음동.야음교육단지 신선여자고등학교교사동)', 102, '680-842'),
	(822, '신정고등학교', '울산광역시 남구 문수로 458 (신정동.신정고등학교)', 102, '680-832'),
	(823, '우신고등학교', '울산광역시 남구 대학로1번길 29 (무거동.우신고등학교)', 102, '680-808'),
	(824, '울산강남고등학교', '울산광역시 남구 팔등로 115 . 22 (신정동)', 102, '680-846'),
	(825, '울산공업고등학교', '울산광역시 남구 중앙로204번길 49 (신정동.울산공업고등학교)', 101, '680-718'),
	(826, '울산여자고등학교', '울산광역시 남구 삼산로9번길 16 (신정동)', 102, '680-719'),
	(827, '울산여자상업고등학교', '울산광역시 남구 두왕로 304 (신정동 787)', 101, '680-830'),
	(828, '울산제일고등학교', '울산 남구 남부순환도로 107 . 울산제일고등학교 (옥동.울산제일고등학교)', 102, '680-845'),
	(829, '학성고등학교', '울산광역시 남구 문수로 436 (신정동.학성고등학교)', 102, '680-832'),
	(830, '남목고등학교', '울산광역시 동구 방어진순환도로 1200 (서부동.남목고등학교)', 102, '682-807'),
	(831, '대송고등학교', '울산광역시 동구 봉수로 210 (화정동.대송고등학교)', 102, '682-820'),
	(832, '문현고등학교', '울산광역시 동구 화잠7길 25 (방어동.문현고등학교)', 103, '682-830'),
	(833, '방어진고등학교', '울산광역시 동구 학문로 50 (화정동.방어진고등학교)', 102, '682-820'),
	(834, '울산생활과학고등학교', '울산광역시 동구 학문로 70 (화정동.울산생활과학고등학교)', 101, '682-090'),
	(835, '현대고등학교', '울산광역시 동구 봉수로 455 (서부동.현대고등학교)', 102, '682-808'),
	(836, '현대공업고등학교', '울산광역시 동구 미포로 122 (동부동.현대공업고등학교)', 101, '682-800'),
	(837, '현대청운고등학교', '울산 동구 방어진순환도로 1077 (서부동.현대청운고등학교)', 103, '682-809'),
	(838, '화암고등학교', '울산광역시 동구 화암7길 55 (방어동.화암고등학교)', 102, '682-830'),
	(839, '달천고등학교', '울산광역시 북구 가재길 63-23 (달천동.달천고등학교)', 102, '683-470'),
	(840, '매곡고등학교', '울산광역시 북구 매산로 45 . 매곡고등학교 (매곡동)', 102, '683-420'),
	(841, '무룡고등학교', '울산광역시 북구 사청1길 30 (연암동.무룡고등학교)', 102, '683-804'),
	(842, '울산동천고등학교', '울산 북구 고래로 54 . 울산동천고등학교 (천곡동.농소고등학교)', 102, '683-500'),
	(843, '울산마이스터고등학교', '울산광역시 북구 율동6길 7 (효문동.울산마이스터고등학교)', 104, '683-360'),
	(844, '울산스포츠과학고등학교', '울산광역시 중구 곽남길 95 (약사동.울산동중학교)', 104, '681-430'),
	(845, '울산에너지고등학교', '울산광역시 북구 화동2길 28 (화봉동.울산에너지고등학교)', 104, '683-300'),
	(846, '울산외국어고등학교', '울산광역시 북구 중산동로 32-46 (중산동.울산외국어고등학교)', 104, '683-809'),
	(847, '호계고등학교', '울산광역시 북구 동대11길 31 호계고등학교(호계동262-4번지)', 102, '683-812'),
	(848, '화봉고등학교', '울산광역시 북구 화동로 47 (화봉동.화봉고등학교)', 102, '683-300'),
	(849, '효정고등학교', '울산광역시 북구 율동2길 41 (효문동.효정고등학교)', 102, '683-360'),
	(850, '남창고등학교', '울산광역시 울주군 온양읍 태화7길 43-16 (온양읍.남창고등학교)', 102, '689-905'),
	(851, '범서고등학교', '울산광역시 울주군 범서읍 대리로 69 (범서읍)', 102, '689-852'),
	(852, '언양고등학교', '울산광역시 울주군 언양읍 언양로 53 (언양읍)', 102, '689-808'),
	(853, '울산경영정보고등학교', '울산광역시 울주군 온산읍 덕망로 54 (온산읍)', 101, '689-893'),
	(854, '울산경의고등학교', '울산광역시 울주군 상북면 상북로 248 (상북면)', 102, '689-821'),
	(855, '울산과학고등학교', '울산광역시 울주군 상북면 도동신리로 117 (상북면. 울산과학고등학교)', 104, '689-821'),
	(856, '울산미용예술고등학교', '울산광역시 울주군 웅촌면 학교길 26 . 울산미용예술고등학교 (웅촌면)', 101, '689-872'),
	(857, '울산산업고등학교', '울산광역시 울주군 삼남면 반구대로 675 (삼남면)', 101, '689-812'),
	(858, '울산상업고등학교', '울산광역시 울주군 범서읍 장검길 11 . 울산상업고등학교 (범서읍)', 101, '689-853'),
	(859, '울산예술고등학교', '울산광역시 울주군 웅촌면 웅촌로 621-6 (웅촌면)', 104, '689-873'),
	(860, '홍명고등학교', '울산광역시 울주군 청량면 온산로 360 (청량면)', 102, '689-865'),
	(861, '도담고등학교', '세종특별자치시  보듬4로 41 . 도담고등학교 (도담동)', 102, '339-006'),
	(862, '성남고등학교', '세종특별자치시  다솜로 22 (어진동. 성남고등학교)', 102, '339-012'),
	(863, '세종고등학교', '세종특별자치시  조치원읍 조치원중고길 10 (조치원읍.세종고등학교)', 102, '339-806'),
	(864, '세종국제고등학교', '세종특별자치시  달빛1로 251 (아름동)', 104, '339-821'),
	(865, '세종하이텍고등학교', '세종특별자치시  부강면 문곡달미길  6 (부강면)', 101, '339-944'),
	(866, '아름고등학교', '세종특별자치시  달빛1로 151 (아름동)', 102, '339-011'),
	(867, '조치원여자고등학교', '세종특별자치시  조치원읍 봉산로 16 (조치원읍.조치원여자고등학교)', 102, '339-806'),
	(868, '한솔고등학교', '세종특별자치시  누리로 34 (한솔동)', 103, '339-014'),
	(869, '경기과학고등학교', '경기도 수원시 장안구 수일로 135 (송죽동.경기과학고등학교)', 104, '440-800'),
	(870, '경기대명고등학교', '경기도 수원시 권선구 수인로598번길 3-24 (당수동.경기대명고등학교)', 105, '441-480'),
	(871, '경기체육고등학교', '경기도 수원시 장안구 상률로 106 (천천동.경기체육고등학교)', 104, '440-330'),
	(872, '고색고등학교', '경기도 수원시 권선구 서둔로17번길 32 (고색동.고색고등학교)', 103, '441-813'),
	(873, '광교고등학교', '경기도 수원시 영통구 도청로89번길 11 (이의동)', 102, '443-270'),
	(874, '권선고등학교', '경기도 수원시 권선구 세권로 276 (권선동.권선고등학교)', 102, '441-835'),
	(875, '대평고등학교', '경기도 수원시 장안구 천천로22번길 21 (정자동.대평고등학교)', 102, '440-841'),
	(876, '동우여자고등학교', '경기도 수원시 장안구 장안로 426-1 (이목동.동우여자고등학교)', 102, '440-310'),
	(877, '동원고등학교', '경기도 수원시 장안구 장안로 426-1 (이목동.동원고교)', 102, '440-310'),
	(878, '망포고등학교', '경기도 수원시 영통구 동탄지성로 468 . 망포고등학교 (망포동.망포고등학교)', 102, '443-400'),
	(879, '매원고등학교', '경기도 수원시 영통구 삼성로213번길 120 (매탄동.매원고등학교)', 102, '443-370'),
	(880, '매탄고등학교', '경기도 수원시 영통구 매탄로126번길 11 (매탄동.매탄고등학교)', 102, '443-848'),
	(881, '매향여자정보고등학교', '경기도 수원시 팔달구 수원천로 350 (매향동.매향여자정보고등학교)', 101, '442-160'),
	(882, '삼일공업고등학교', '경기 수원시 팔달구 수원천로392번길 44-60 (매향동.삼일공고)', 101, '442-160'),
	(883, '삼일상업고등학교', '경기도 수원시 팔달구 수원천로392번길 44-28 (매향동.삼일상고)', 101, '442-160'),
	(884, '수성고등학교', '경기도 수원시 장안구 장안로90번길 39 (정자동.수성고등학교)', 102, '440-832'),
	(885, '수원고등학교', '경기도 수원시 팔달구 정조로 666-10 (매교동.수원고등학교)', 102, '442-845'),
	(886, '수원공업고등학교', '경기도 수원시 팔달구 세지로 254 (인계동.수원공업고등학교)', 101, '442-827'),
	(887, '수원농생명과학고등학교', '경기도 수원시 장안구 광교산로 13 (영화동.농생명과학고등학교)', 101, '440-816'),
	(888, '수원여자고등학교', '경기도 수원시 팔달구 고등로59번길 72 (고등동.수원여자고등학교)', 102, '442-880'),
	(889, '수원외국어고등학교', '경기도 수원시 영통구 창룡대로 263 (이의동.수원외국어고등학교)', 104, '443-270'),
	(890, '수원전산여자고등학교', '경기 수원시 권선구 호매실로 46-93 (탑동)', 101, '441-440'),
	(891, '수원정보과학고등학교', '경기 수원시 영통구 동수원로551번길 16 (원천동.수원정보산업공업고등학교)', 101, '443-821'),
	(892, '수원칠보고등학교', '경기도 수원시 권선구 금곡로 127번길', 102, '441-842'),
	(893, '수원하이텍고등학교', '경기도 수원시 영통구 청명북로 56 (영통동.수원하이텍고등학교)', 104, '443-817'),
	(894, '수일고등학교', '경기도 수원시 장안구 수일로233번길 59 (조원동.수일고등학교)', 102, '440-843'),
	(895, '숙지고등학교', '경기도 수원시 팔달구 수성로182번길 100 (화서동.숙지고등학교)', 102, '442-870'),
	(896, '영덕고등학교', '경기도 수원시 영통구 매영로 334 . 영덕고등학교 (영통동.영덕고등학교)', 102, '443-811'),
	(897, '영복여자고등학교', '경기도 수원시 팔달구 장안로7번길 49-1 (화서동.영복여자고등학교)', 102, '442-857'),
	(898, '영생고등학교', '경기도 수원시 장안구 서부로2198번길 22 (천천동.영생고등학교)', 102, '440-330'),
	(899, '영신여자고등학교', '경기 수원시 권선구 삼천병마로1566번길 30 (오목천동.영신여자고등학교)', 102, '441-850'),
	(900, '유신고등학교', '경기도 수원시 팔달구 월드컵로 216 (우만동.유신고등학교)', 102, '442-816'),
	(901, '율천고등학교', '경기도 수원시 팔달구 일월로 50 (화서동.율천고등학교)', 102, '442-150'),
	(902, '장안고등학교', '경기도 수원시 장안구 대평로52번길 12 (정자동.장안고등학교)', 102, '440-842'),
	(903, '조원고등학교', '경기도 수원시 장안구 수일로233번길 15 (조원동.조원고등학교)', 102, '440-843'),
	(904, '창현고등학교', '경기도 수원시 팔달구 월드컵로 216-2 (우만동.창현고등학교)', 102, '442-816'),
	(905, '천천고등학교', '경기도 수원시 장안구 정자로42번길 31 (천천동.천천고등학교)', 102, '440-330'),
	(906, '청명고등학교', '경기도 수원시 영통구 영통로 466 (영통동.청명고등학교)', 102, '443-809'),
	(907, '태장고등학교', '경기도 수원시 영통구 영통로 250 (영통동.태장고등학교)', 102, '443-811'),
	(908, '호매실고등학교', '경기도 수원시 권선구 칠보로 142-1', 102, '441-884'),
	(909, '화홍고등학교', '경기도 수원시 권선구 세권로 331 (권선동.화홍고등학교)', 102, '441-885'),
	(910, '효원고등학교', '경기도 수원시 영통구 동수원로 336 (매탄동.효원고교)', 102, '443-370'),
	(911, '계원예술고등학교', '경기도 성남시 분당구 불정로 100 (정자동.계원예술고등학교)', 104, '463-815'),
	(912, '낙생고등학교', '경기도 성남시 분당구 대왕판교로 477 .(판교동)', 102, '463-410'),
	(913, '늘푸른고등학교', '경기도 성남시 분당구 성남대로407번길 26 (정자동.늘푸른고등학교)', 102, '463-811'),
	(914, '돌마고등학교', '경기도 성남시 분당구 이매로 105 (이매동.돌마고등학교)', 102, '463-830'),
	(915, '동광고등학교', '경기도 성남시 중원구 원터로 84 (성남동.동광고등학교)', 102, '462-826'),
	(916, '보평고등학교', '경기도 성남시 분당구 동판교로 124 (백현동.보평고등학교)', 102, '463-420'),
	(917, '복정고등학교', '경기도 성남시 수정구 복정안골로 35 . 복정고등학교 (복정동)', 102, '461-829'),
	(918, '분당경영고등학교', '경기도 성남시 분당구 금곡로 289 (금곡동)', 101, '463-804'),
	(919, '분당고등학교', '경기도 성남시 분당구 내정로165번길 31 (수내동.분당고등학교)', 102, '463-837'),
	(920, '분당대진고등학교', '경기도 성남시 분당구 분당로 271 (분당동.분당대진고등학교)', 102, '463-831'),
	(921, '분당영덕여자고등학교', '경기도 성남시 분당구 야탑남로128번길 13 . 분당영덕여자고등학교 (야탑동)', 102, '463-839'),
	(922, '분당중앙고등학교', '경기도 성남시 분당구 불정로 174 (정자동.분당중앙고등학교)', 102, '463-815'),
	(923, '불곡고등학교', '경기도 성남시 분당구 금곡로 149 (구미동.불곡고등학교)', 102, '463-810'),
	(924, '삼평고등학교', '경기도 성남시 분당구 동판교로 257 . 삼평고등학교 (삼평동.삼평고등학교)', 102, '463-400'),
	(925, '서현고등학교', '경기 성남시 분당구 분당로 87 (서현동.서현고등학교)', 102, '463-822'),
	(926, '성남금융고등학교', '경기도 성남시 분당구 장미로 153 (야탑동.성남금융고등학교)', 101, '463-835'),
	(927, '성남방송고등학교', '경기도 성남시 중원구 둔촌대로258번길 7 (하대원동.성남방송고교)', 101, '462-839'),
	(928, '성남서고등학교', '경기도 성남시 중원구 시민로 61 (성남동.성남서고등학교)', 102, '462-826'),
	(929, '성남여자고등학교', '경기도 성남시 중원구 원터로94번길 6 (성남동.성남여자고등학교)', 102, '462-826'),
	(930, '성남외국어고등학교', '경기도 성남시 분당구 대왕판교로385번길 28 (백현동.성남외국어고등학교)', 104, '463-420'),
	(931, '성보경영고등학교', '경기도 성남시 수정구 논골로 82 . 성보경영고등학교 (단대동)', 101, '461-800'),
	(932, '성일고등학교', '경기도 성남시 중원구 시민로 77 . 10 (성남동)', 102, '462-826'),
	(933, '성일정보고등학교', '경기도 성남시 중원구 시민로77번길 10 (성남동.성일정보고등학교)', 101, '462-826'),
	(934, '송림고등학교', '경기 성남시 분당구 이매로 100 (이매동.송림중고등학교)', 102, '463-830'),
	(935, '수내고등학교', '경기도 성남시 분당구 발이봉북로 15', 102, '463-865'),
	(936, '숭신여자고등학교', '경기도 성남시 중원구 황송로77번길 34 (금광동.숭신여자중고교)', 102, '462-803'),
	(937, '야탑고등학교', '경기도 성남시 분당구 야탑남로 270 . 야탑고등학교 (야탑동.야탑고등학교)', 102, '463-816'),
	(938, '양영디지털고등학교', '경기도 성남시 분당구 불정로386번길 35 (서현동.양영디지털고등학교)', 101, '463-819'),
	(939, '운중고등학교', '경기도 성남시 분당구 운중로 95 (운중동.운중고등학교)', 102, '463-440'),
	(940, '이매고등학교', '경기 성남시 분당구 탄천로 1 . 이매고등학교 (이매동.이매고등학교)', 102, '463-807'),
	(941, '이우고등학교', '경기도 성남시 분당구 동막로 287 (동원동.이우중고등학교)', 105, '463-490'),
	(942, '태원고등학교', '경기도 성남시 분당구 성남대로 822 (야탑동.태원고등학교)', 102, '463-839'),
	(943, '풍생고등학교', '경기도 성남시 수정구 산성대로 111 (수진동.풍생고등학교)', 102, '461-873'),
	(944, '한솔고등학교', '경기도 성남시 분당구 내정로 70 (정자동)', 102, '463-833'),
	(945, '효성고등학교', '경기도 성남시 수정구 심곡로 16 (심곡동.효성고등학교)', 102, '461-350'),
	(946, '경기국제통상고등학교', '경기도 부천시 원미구 석천로 127 (중동.경기국제통상고등학교)', 101, '420-853'),
	(947, '경기예술고등학교', '경기도 부천시 원미구 석천로209번길 37 (중동.경기예술고등학교)', 104, '420-847'),
	(948, '계남고등학교', '경기도 부천시 원미구 부흥로 261 (중동.계남고등학교)', 102, '420-856'),
	(949, '덕산고등학교', '경기도 부천시 오정구 오정로266번길 69 (오정동.덕산고등학교)', 102, '421-814'),
	(950, '도당고등학교', '경기도 부천시 원미구 삼작로256번길 53-3 (도당동.도당고등학교)', 102, '420-803'),
	(951, '범박고등학교', '경기도 부천시 소사구 범박로 27-1 (범박동.범박고등학교)', 102, '422-805'),
	(952, '부명고등학교', '경기도 부천시 원미구 석천로 127 (중동.부명고등학교)', 102, '420-853'),
	(953, '부천고등학교', '경기도 부천시 소사구 경인로 92 . 70 (송내동)', 102, '422-819'),
	(954, '부천공업고등학교', '경기도 부천시 소사구 경인로120번길 82 (송내동)', 101, '422-838'),
	(955, '부천북고등학교', '경기도 부천시 원미구 삼작로256번길 40 (도당동)', 102, '420-802'),
	(956, '부천여자고등학교', '경기도 부천시 원미구 석천로16번길 37 (상동.부천여자고등학교)', 102, '420-810'),
	(957, '부천정보산업고등학교', '경기도 부천시 원미구 신상로 94 (상동.부천정보산업고등학교)', 101, '420-812'),
	(958, '상동고등학교', '경기도 부천시 원미구 상이로 22 . 상동고등학교 (상동.상동고등학교)', 102, '420-867'),
	(959, '상원고등학교', '경기도 부천시 원미구 상동로 10 (상동.상원고등학교)', 102, '420-030'),
	(960, '상일고등학교', '경기도 부천시 원미구 부흥로 13 (상동.상일고등학교)', 102, '420-030'),
	(961, '소명여자고등학교', '경기도 부천시 원미구 부일로 571번길 . 84번지(소사동2-7)', 102, '420-818'),
	(962, '소사고등학교', '경기도 부천시 소사구 소사로78번길 22 (소사본동.소사고등학교)', 102, '422-230'),
	(963, '송내고등학교', '경기도 부천시 소사구 서촌로20번길 13 . 송내고등학교 (송내동.송내고등학교)', 102, '422-830'),
	(964, '수주고등학교', '경기도 부천시 오정구 역곡로 531 (고강동.수주고등학교)', 102, '421-800'),
	(965, '시온고등학교', '경기도 부천시 소사구 은성로 172-20 (범박동.시온고등학교)', 102, '422-060'),
	(966, '심원고등학교', '경기도 부천시 원미구 계남로 284 (중동.심원고등학교)', 102, '420-849'),
	(967, '역곡고등학교', '경기도 부천시 원미구 안곡로 322 (역곡동.역곡고등학교)', 102, '420-833'),
	(968, '원미고등학교', '경기도 부천시 원미구 옥산로 48 (중동.원미고등학교)', 102, '420-850'),
	(969, '원종고등학교', '경기도 부천시 오정구 소사로807번길 68 (원종동.원종고등학교)', 102, '421-827'),
	(970, '정명고등학교', '경기도 부천시 소사구 심곡로 100 (심곡본동.정명고등학교)', 102, '422-823'),
	(971, '정명정보고등학교', '경기도 부천시 소사구 심곡로 100 (심곡본동.정명정보고등학교)', 101, '422-823'),
	(972, '중원고등학교', '경기도 부천시 원미구 도약로 111 중원고등학교', 102, '420-847'),
	(973, '중흥고등학교', '경기도 부천시 원미구 계남로 171 (중동.중흥고등학교)', 102, '420-849'),
	(974, '경기글로벌통상고등학교', '경기도 안양시 동안구 학의로 70 (비산동.경기글로벌통상고등학교)', 101, '431-811'),
	(975, '관양고등학교', '경기도 안양시 동안구 일동로 115 (관양동.관양고등학교)', 102, '431-805'),
	(976, '근명여자정보고등학교', '경기도 안양시 만안구 삼덕로 49 (안양동.근명여자정보고등학교)', 101, '430-834'),
	(977, '동안고등학교', '경기도 안양시 동안구 부림로 71 (평촌동.동안고등학교)', 102, '431-070'),
	(978, '백영고등학교', '경기도 안양시 동안구 관평로 94 (평촌동.백영고등학교)', 102, '431-802'),
	(979, '부흥고등학교', '경기도 안양시 동안구 달안로 15 (비산동.부흥고등학교)', 102, '431-050'),
	(980, '성문고등학교', '경기도 안양시 만안구 성결대학로64번길 9 (안양동.성문고등학교)', 102, '430-827'),
	(981, '신성고등학교', '경기도 안양시 만안구 소곡로 93 (안양동.신성중 고등학교)', 102, '430-856'),
	(982, '안양고등학교', '경기도 안양시 만안구 삼봉로 46 (박달동.안양고등학교)', 102, '430-803'),
	(983, '안양공업고등학교', '경기도 안양시 만안구 양화로28번길 69 . 안양공업고등학교 (안양동.안양공업고등학교)', 101, '430-841'),
	(984, '안양여자고등학교', '경기도 안양시 만안구 안양로 357 (안양동.안양여자중 고등학교)', 102, '430-839'),
	(985, '안양여자상업고등학교', '경기도 안양시 만안구 양화로37번길 36 (안양동)', 101, '430-010'),
	(986, '안양예술고등학교', '경기도 안양시 만안구 양화로25번길 40 (안양동.안양예술고등학교)', 104, '430-836'),
	(987, '안양외국어고등학교', '경기도 안양시 만안구 양화로37번길 36 (안양동.안양외국어고등학교)', 104, '430-010'),
	(988, '양명고등학교', '경기도 안양시 만안구 경수대로1001번길 184 (안양동.양명고등학교)', 102, '430-854'),
	(989, '양명여자고등학교', '경기도 안양시 만안구 경수대로1001번길 150 (안양동.양명여자고등학교)', 102, '430-010'),
	(990, '인덕원고등학교', '경기도 안양시 동안구 안양판교로 43 (관양동.인덕원고등학교)', 102, '431-810'),
	(991, '충훈고등학교', '경기도 안양시 만안구 석수로 238 (석수동.충훈고등학교)', 102, '430-811'),
	(992, '평촌경영고등학교', '경기도 안양시 동안구 학의로 186 (관양동.평촌경영고등학교)', 101, '431-814'),
	(993, '평촌고등학교', '경기도 안양시 동안구 동안로 80 . 평촌고등학교 (호계동.평촌고등학교)', 102, '431-813'),
	(994, '평촌공업고등학교', '경기도 안양시 동안구 갈산로16번길 13 (호계동.평촌공업고등학교)', 101, '431-080'),
	(995, '과천고등학교', '경기도 과천시 꿈보람길 26 (별양동.과천고등학교)', 102, '427-800'),
	(996, '과천여자고등학교', '경기도 과천시 희망길 36 (중앙동.과천여자고등학교)', 102, '427-805'),
	(997, '과천외국어고등학교', '경기도 과천시 희망길 36 (중앙동.과천외국어고등학교)', 104, '427-805'),
	(998, '과천중앙고등학교', '경기도 과천시 교육원로 17 (갈현동.과천중앙고등학교)', 102, '427-100'),
	(999, '경기모바일과학고등학교', '경기도 안산시 상록구 남산평길 35 (팔곡일동.경기모바일과학고등학교)', 101, '426-200'),
	(1000, '경안고등학교', '경기도 안산시 단원구 당곡로 93 (고잔동.경안고등학교)', 102, '425-805'),
	(1001, '경일관광경영고등학교', '경기도 안산시 단원구 석수로 131 (선부동)', 101, '425-829'),
	(1002, '고잔고등학교', '경기도 안산시 단원구 광덕2로 222 . 고잔고등학교 (고잔동.고잔고등학교)', 102, '425-906'),
	(1003, '광덕고등학교', '경기도 안산시 상록구 순환로 532 (월피동.광덕고등학교)', 102, '426-853'),
	(1004, '단원고등학교', '경기도 안산시 단원구 단원로 55 단원고등학교', 102, '425-800'),
	(1005, '대부고등학교', '경기도 안산시 단원구 대부중앙로 3 . 대부중고등학교', 102, '425-330'),
	(1006, '부곡고등학교', '경기도 안산시 상록구 시낭로 78 (부곡동)', 102, '426-819'),
	(1007, '상록고등학교', '경기도 안산시 상록구 반석로4길 35 (본오동)', 102, '426-808'),
	(1008, '선부고등학교', '경기 안산시 단원구 지곡로 138 . (선부동 35) (선부동.선부고등학교)', 102, '425-826'),
	(1009, '성안고등학교', '경기도 안산시 상록구 용신로 170 (사동.성안고등학교)', 102, '426-895'),
	(1010, '성포고등학교', '경기도 안산시 상록구 충장로 538 (성포동.성포고등학교)', 102, '426-837'),
	(1011, '송호고등학교', '경기도 안산시 상록구 광덕3로 296 (이동)', 102, '426-862'),
	(1012, '신길고등학교', '경기도 안산시 단원구 신길로 45 . 신길고등학교 (신길동.신길고등학교)', 102, '425-120'),
	(1013, '안산강서고등학교', '경기도 안산시 단원구 삼일로 367 (와동.강서고등학교)', 102, '425-844'),
	(1014, '안산고등학교', '경기도 안산시 상록구 청룡4길 8 (장상동.안산고등학교)', 102, '426-410'),
	(1015, '안산공업고등학교', '경기도 안산시 상록구 안산공고로 51 (부곡동.안산공업고등학교)', 101, '426-829'),
	(1016, '안산국제비즈니스고등학교', '경기도 안산시 상록구 수인로 1981 (장상동)', 101, '426-410'),
	(1017, '안산동산고등학교', '경기도 안산시 상록구 충장로 56 . 안산동산고등학교 (본오동.안산동산고등학교)', 103, '426-817'),
	(1018, '안산디자인문화고등학교', '경기도 안산시 상록구 각골로 87 (본오동.안산디자인문화고등학교)', 101, '426-810'),
	(1019, '양지고등학교', '경기도 안산시 단원구 화정천동로 50 (고잔동.양지고등학교)', 102, '425-807'),
	(1020, '원곡고등학교', '경기도 안산시 단원구 화랑로 15 (원곡동.원곡고등학교)', 102, '425-850'),
	(1021, '초지고등학교', '경기도 안산시 단원구 광덕1로 13 (초지동.초지고등학교)', 102, '425-080'),
	(1022, '한국디지털미디어고등학교', '경기도 안산시 단원구 사세충열로 94 (와동.한국디지털미디어고등학교)', 101, '425-840'),
	(1023, '구성고등학교', '경기도 용인시 기흥구 연원로42번길 47 (마북동.구성고등학교)', 102, '446-511'),
	(1024, '기흥고등학교', '경기도 용인시 기흥구 관곡로 20 . 신갈동 161번지 (신갈동.기흥고등학교)', 102, '446-598'),
	(1025, '대지고등학교', '경기도 용인시 수지구 동백죽전대로 1066 (죽전동.대지고등학교)', 102, '448-812'),
	(1026, '동백고등학교', '경기도 용인시 기흥구 동백7로 61 (동백동.동백고등학교)', 102, '446-911'),
	(1027, '백암고등학교', '경기도 용인시 처인구 백암면 백원로 519-9 (백암면.백암중고등학교)', 102, '449-865'),
	(1028, '보라고등학교', '경기도 용인시 기흥구 한보라1로43번길 7 (보라동.보라고등학교)', 102, '446-904'),
	(1029, '보정고등학교', '경기도 용인시 기흥구 보정로 22 (보정동.보정고등학교)', 102, '446-859'),
	(1030, '상현고등학교', '경기도 용인시 수지구 법조로 222 (상현동)', 102, '448-130'),
	(1031, '서원고등학교', '경기도 용인시 수지구 상현로42번길 26-7 (상현동.서원고등학교)', 102, '448-130'),
	(1032, '서천고등학교', '경기도 용인시 기흥구 서천서로 125 . 서천고등학교 (농서동)', 102, '446-920'),
	(1033, '성복고등학교', '경기도 용인시 수지구 도마치로 92 (성복동)성복고등학교', 102, '448-831'),
	(1034, '성지고등학교', '경기 용인시 기흥구 갈곡로12번길 13 (구갈동)', 102, '446-573'),
	(1035, '수지고등학교', '경기도 용인시 수지구 수풍로 73 (풍덕천동.수지고등학교)', 102, '448-552'),
	(1036, '신갈고등학교', '경기도 용인시 기흥구 백남준로 13 . 신갈고등학교 (상갈동.신갈고등학교)', 102, '446-905'),
	(1037, '신봉고등학교', '경기도 용인시 수지구 신봉3로 45 (신봉동.신봉고등학교 교사동)', 102, '448-150'),
	(1038, '용인고등학교', '경기도 용인시 처인구 금학로253번길 20-21 (역북동.용인고등학교)', 102, '449-931'),
	(1039, '용인바이오고등학교', '경기도 용인시 처인구 이동면 경기동로687번길 28-22 (이동면)', 101, '449-832'),
	(1040, '용인백현고등학교', '경기 용인시 기흥구 동백7로 112 (동백동.용인백현고등학교)', 102, '446-911'),
	(1041, '용인정보고등학교', '경기용인 처인구 고림로 74번길 15', 101, '449-923'),
	(1042, '용인한국외국어대학교부설고등학교', '경기도 용인시 처인구 모현면 외대로54번길 50 (모현면.한국외국어고등학교)', 103, '449-854'),
	(1043, '죽전고등학교', '경기도 용인시 수지구 용구대로2771번길 23 (죽전동.죽전고등학교)', 102, '448-160'),
	(1044, '청덕고등학교', '경기도 용인시 기흥구 구성1로 21 (청덕동.청덕고등학교)', 102, '446-915'),
	(1045, '초당고등학교', '경기도 용인시 기흥구 동백중앙로 21 (중동.초당고등학교)', 102, '446-916'),
	(1046, '태성고등학교', '경기도 용인시 처인구 백옥대로 1059-2 (남동.태성중학교)', 102, '449-030'),
	(1047, '포곡고등학교', '경기도 용인시 처인구 포곡읍 포곡로210번길 26 (포곡읍)', 102, '449-812'),
	(1048, '풍덕고등학교', '경기도 용인시 수지구 정평로13번길 5 (풍덕천동.풍덕고등학교)', 102, '448-556'),
	(1049, '현암고등학교', '경기도 용인시 수지구 디지털벨리로 17 (죽전동.현암고등학교)', 102, '448-813'),
	(1050, '홍천고등학교', '경기도 용인시 수지구 수지로227번길 22 . 홍천고등학교 (신봉동.홍천고등학교)', 102, '448-150'),
	(1051, '흥덕고등학교', '경기도 용인시 기흥구 흥덕2로 36 . 흥덕고등학교 (영덕동.흥덕고등학교)', 102, '446-908'),
	(1052, '군포e비즈니스고등학교', '경기도 군포시 수리산로 153 (산본동.군포e비즈니스고등학교)', 101, '435-040'),
	(1053, '군포고등학교', '경기 군포시 오금로 118 . 군포고등학교 (금정동.군포고등학교)', 102, '435-861'),
	(1054, '부곡중앙고등학교', '경기도 군포시 송부로 241 . 부곡중앙고등학교', 103, '435-020'),
	(1055, '산본고등학교', '경기도 군포시 산본로 451-12 (산본동)', 102, '435-800'),
	(1056, '산본공업고등학교', '경기도 군포시 고산로 524 (산본동.산본공업고등학교)', 101, '435-822'),
	(1057, '수리고등학교', '경기도 군포시 수리산로 39 수리고등학교', 102, '435-854'),
	(1058, '용호고등학교', '경기도 군포시 용호2로 10 (당동.용호고등학교)', 102, '435-010'),
	(1059, '흥진고등학교', '경기도 군포시 오금로 15-17 . 흥진고등학교 (금정동)', 102, '435-050'),
	(1060, '경기외국어고등학교', '경기도 의왕시 고산로105번길 30 . 경기외국어고등학교 (고천동)', 104, '437-801'),
	(1061, '모락고등학교', '경기도 의왕시 모락로 134 (오전동.모락고등학교)', 102, '437-824'),
	(1062, '백운고등학교', '경기도 의왕시 내손순환로 136 (내손동.백운고등학교)', 102, '437-808'),
	(1063, '우성고등학교', '경기도 의왕시 오전로 37 (고천동.우성고등학교)', 102, '437-843'),
	(1064, '의왕고등학교', '경기도 의왕시 덕영대로 115 (삼동.의왕고등학교)', 103, '437-815'),
	(1065, '경기자동차과학고등학교', '경기도 시흥시 금오로 103 경기자동차과학고등학교 (무지내동.경기자동차과학고등학교)', 101, '429-110'),
	(1066, '군서고등학교', '경기도 시흥시 군서마을로 100 (정왕동.군서고등학교)', 102, '429-863'),
	(1067, '군자공업고등학교', '경기도 시흥시 군자로487번길 54 (거모동.군자공업고등학교)', 101, '429-801'),
	(1068, '서해고등학교', '경기도 시흥시 정왕신길로 13 (정왕동.서해고등학교)', 102, '429-450'),
	(1069, '소래고등학교', '경기도 시흥시 수인로3287번길 26 (은행동.소래고등학교)', 102, '429-835'),
	(1070, '시화공업고등학교', '경기도 시흥시 정왕천로 404 (정왕동.시화공업고등학교)', 101, '429-856'),
	(1071, '시흥고등학교', '경기도 시흥시 상직길 25 (하상동.시흥고등학교)', 102, '429-270'),
	(1072, '시흥능곡고등학교', '경기도 시흥시 승지로 107 (능곡동.시흥능곡고등학교)', 102, '429-240'),
	(1073, '시흥매화고등학교', '경기도 시흥시 매화로 35 (매화동.시흥매화고등학교)', 102, '429-817'),
	(1074, '신천고등학교', '경기도 시흥시 포도원로 50 (신천동.신천고등학교)', 102, '429-888'),
	(1075, '은행고등학교', '경기도 시흥시 은행고길 85 (은행동.은행고등학교)', 102, '429-838'),
	(1076, '장곡고등학교', '경기도 시흥시 장곡로70번길 8 (장곡동.장곡고등학교)', 102, '429-842'),
	(1077, '정왕고등학교', '경기도 시흥시 정왕대로118번길 13 (정왕동.정왕고등학교)', 102, '429-863'),
	(1078, '한국조리과학고등학교', '경기도 시흥시 금오로 640 (과림동.한국조리과학고등학교)', 101, '429-120'),
	(1079, '함현고등학교', '경기도 시흥시 역전로 463 (정왕동.함현고등학교)', 103, '429-450'),
	(1080, '경기물류고등학교', '403 경기도 평택시 안중읍 안현로 403 (안중읍)', 101, '451-884'),
	(1081, '동일공업고등학교', '경기도 평택시 중앙로 315 (비전동) 동일공업고등학교', 101, '450-804'),
	(1082, '비전고등학교', '경기도 평택시 비전3로 12 (비전동. 비전고등학교)', 102, '450-150'),
	(1083, '송탄고등학교', '경기도 평택시 정암로 142 (이충동.송탄고등학교)', 102, '459-824'),
	(1084, '송탄제일고등학교', '경기도 평택시 경기대로1376번길 38-6 (서정동.송탄제일중고등학교)', 102, '459-010'),
	(1085, '신한고등학교', '경기도 평택시 신한1길 26 (비전동)', 102, '450-150'),
	(1086, '안중고등학교', '경기도 평택시 안중읍 안중믿음길 32 (안중읍. 안중고등학교)', 102, '451-885'),
	(1087, '은혜고등학교', '경기도 평택시 장안웃길 66 (장안동)', 102, '459-070'),
	(1088, '이충고등학교', '경기도 평택시 이충로35번길 50 (이충동.이충고등학교)', 102, '459-030'),
	(1089, '진위고등학교', '경기도 평택시 진위면 진위서로 47 (진위면.진위중고등학교)', 102, '451-861'),
	(1090, '청담고등학교', '경기도 평택시 팽성읍 팽성송화로 192 (팽성읍.청담고등학교)', 101, '451-803'),
	(1091, '태광고등학교', '경기도 평택시 탄현1로 155 (신장동.태광종합고등학교)', 102, '459-120'),
	(1092, '평택고등학교', '경기도 평택시 중앙로 246 (합정동.평택고등학교)', 102, '450-830'),
	(1093, '평택기계공업고등학교', '경기도 평택시 중앙1로 61 (비전동)', 104, '450-805'),
	(1094, '평택여자고등학교', '경기도 평택시 영신로 220 (세교동.평택여자종합고등학교)', 102, '450-815'),
	(1095, '한광고등학교', '경기도 평택시 중앙1로 115 비전2동 504', 102, '450-040'),
	(1096, '한광여자고등학교', '경기도 평택시 중앙1로 115 (비전동)', 102, '450-805'),
	(1097, '한국관광고등학교', '경기도 평택시 고덕면 고덕북로 185 (고덕면.한국관광고등학교)', 101, '451-842'),
	(1098, '현화고등학교', '경기도 평택시 안중읍 안현로서8길 65 (안중읍.현화고등학교)', 102, '451-885'),
	(1099, '효명고등학교', '경기도 평택시 송탄로 51 (장당동.효명중고등학교)', 102, '459-020'),
	(1100, '나루고등학교', '경기도 화성시 금반2길 13 (반송동.나루고등학교)', 102, '445-160'),
	(1101, '남양고등학교', '경기도 화성시 시청로45번길 23 (남양동.남양고등학교)', 102, '445-010'),
	(1102, '능동고등학교', '경기도 화성시 동탄원천로 315-26 (능동고등학교)', 102, '445-320'),
	(1103, '동탄고등학교', '경기도 화성시 동탄공원로1길 26-7 (반송동.동탄고등학교)', 102, '445-160'),
	(1104, '동탄국제고등학교', '경기도 화성시 동탄나루로 27 동탄국제고등학교', 104, '445-160'),
	(1105, '두레자연고등학교', '경기도 화성시 우정읍 두레길 42 (우정읍.두레자연고등학교)', 105, '445-953'),
	(1106, '반송고등학교', '경기도 화성시 동탄반석로 21 (반송동.반송고등학교)', 102, '445-160'),
	(1107, '발안바이오과학고등학교', '경기도 화성시 향남읍 발안로 71 (향남읍.발안바이오과학고등학교)', 101, '445-939'),
	(1108, '병점고등학교', '경기도 화성시 병점중앙로 72 (병점동.병점고등학교)', 102, '445-360'),
	(1109, '봉담고등학교', '경기도 화성시 봉담읍 상봉길 42 (봉담읍.봉담고등학교)', 102, '445-893'),
	(1110, '비봉고등학교', '경기도 화성시 비봉면 양노로 109 . 5 (비봉면)', 102, '445-842'),
	(1111, '삼괴고등학교', '경기도 화성시 우정읍 장안로 35 (우정읍.삼괴고등학교)', 101, '445-955'),
	(1112, '송산고등학교', '경기도 화성시 송산면 송산포도로 102-21 (송산면.송산종합고등학교)', 102, '445-874'),
	(1113, '안화고등학교', '경기도 화성시 병점3로 132-19 (병점동.안화고등학교)', 102, '445-360'),
	(1114, '예당고등학교', '경기도 화성시 삼성1로 47 (석우동.예당고등학교)', 102, '445-170'),
	(1115, '향남고등학교', '경기도 화성시 향남읍 행정동로 49 (향남읍.향남고등학교)', 102, '445-926'),
	(1116, '향일고등학교', '경기도 화성시 향남읍 행정중앙2로 28 향일고등학교 (향남읍)', 102, '445-926'),
	(1117, '홍익디자인고등학교', '경기도 화성시 효행로 387 (기안동.경성고등학교)', 102, '445-310'),
	(1118, '화성고등학교', '경기도 화성시 향남읍 장짐길 4 . 화성고등학교 (향남읍.화성중고등학교)', 102, '445-925'),
	(1119, '매홀고등학교', '경기도 오산시 .', 102, '447-290'),
	(1120, '성호고등학교', '경기도 오산시 동부대로436번길 46 (원동.성호고등학교)', 102, '447-804'),
	(1121, '세교고등학교', '경기도 오산시 수청로 . 112 세교고등학교', 102, '447-290'),
	(1122, '세마고등학교', '경기도 오산시 수목원로 559-17 (세교동)', 103, '447-280'),
	(1123, '오산고등학교', '경기도 오산시 청학로 43 . 오산고등학교 (청학동)', 102, '447-130'),
	(1124, '오산정보고등학교', '경기도 오산시 청학로5번길 20 (청학동.오산정보고등학교)', 101, '447-130'),
	(1125, '운암고등학교', '경기 오산시 운천로 12 (원동.운암고등학교)', 102, '447-060'),
	(1126, '운천고등학교', '경기도 오산시 운천로 193 (부산동.운천고등학교)', 102, '447-050'),
	(1127, '광명고등학교', '경기도 광명시 오리로876번길 17 (철산동.광명고등학교)', 102, '423-834'),
	(1128, '광명공업고등학교', '경기도 광명시 새터안로 20 . 광명공업고등학교 (광명동.광명공업고등학교)', 101, '423-706'),
	(1129, '광명북고등학교', '경기도 광명시 시청로 127 (철산동)', 102, '423-830'),
	(1130, '광명정보산업고등학교', '경기도 광명시 기아로13번안길 9-9 (소하동.광명정보산업고교)', 101, '423-823'),
	(1131, '광문고등학교', '경기도 광명시 원광명안로 39 (광명동.광문고등학교)', 102, '423-819'),
	(1132, '광휘고등학교', '경기도 광명시 서원로 41 . 광휘고등학교', 102, '423-050'),
	(1133, '명문고등학교', '경기도 광명시 광명로812번길 16 (광명동.명문고등학교)', 102, '423-817'),
	(1134, '소하고등학교', '경기도 광명시 소하일로 21 . 소하고등학교 (소하동.소하고등학교)', 102, '423-821'),
	(1135, '운산고등학교', '경기도 광명시 한내일로 17 (소하동.운산고교)', 102, '423-050'),
	(1136, '진성고등학교', '경기도 광명시 철망산로 84 (하안동.진성고등학교)', 102, '423-760'),
	(1137, '충현고등학교', '경기도 광명시 오리로348번길 62 . 충현고등학교 (소하동.충현고등학교)', 103, '423-826'),
	(1138, '경화여자English Business고등학교', '경기도 광주시 수하길11번길 43 (송정동.경화여자고등학교)', 101, '464-901'),
	(1139, '경화여자고등학교', '경기도 광주시 수하길11번길 43 (송정동.경화여자고등학교)', 102, '464-901'),
	(1140, '곤지암고등학교', '경기도 광주시 곤지암읍 곤지암로 82 (곤지암읍.곤지암고등학교)', 102, '464-872'),
	(1141, '광남고등학교', '경기도 광주시 회안대로 350-32 (장지동.광남고등학교)', 102, '464-070'),
	(1142, '광주고등학교', '경기 광주시 수하길19번길 43 (송정동.광주고등학교)', 102, '464-901'),
	(1143, '광주중앙고등학교', '경기 광주시 역동로63번길 1 (역동.광주중앙고등학교)', 102, '464-807'),
	(1144, '초월고등학교', '경기도 광주시 초월읍 무들로 3-25 (초월고등학교)', 102, '464-862'),
	(1145, '남한고등학교', '경기도 하남시 신평로 25 .(덕풍동.남한고등학교)', 102, '465-805'),
	(1146, '신장고등학교', '경기도 하남시 신장동로 19 (신장동.신장고등학교)', 102, '465-810'),
	(1147, '풍산고등학교', '경기도 하남시 덕풍서로 11 (덕풍동)', 102, '465-835'),
	(1148, '하남경영고등학교', '경기도 하남시 대청로116번길 11 (창우동.하남정보산업고등학교)', 101, '465-120'),
	(1149, '하남고등학교', '경기도 하남시 미사강변남로 39 . 하남고등학교 (망월동)', 102, '465-150'),
	(1150, '한국애니메이션고등학교', '경기도 하남시 검단산로 223 (창우동.한국애니메이션고등학교)', 101, '465-120'),
	(1151, '김포고등학교', '경기 김포시 봉화로 37-15 (사우동.김포고등학교)', 102, '415-801'),
	(1152, '김포외국어고등학교', '경기도 김포시 월곶면 김포대로 2537 (월곶면.김포외국어고등학교)', 104, '415-871'),
	(1153, '김포제일고등학교', 'undefined undefined undefined undefined . 경기도 김포시 김포한강11로 242(운양동)', 102, '415-806'),
	(1154, '김포제일공업고등학교', '경기도 김포시 봉화로 69 . 북변동 김포제일공업고등학교', 101, '415-801'),
	(1155, '마송고등학교', '경기도 김포시 통진읍 마송1로 155 (통진읍.마송고등학교)', 102, '415-865'),
	(1156, '사우고등학교', '경기도 김포시 김포대로 824 . 사우고등학교 (사우동.사우고등학교)', 102, '415-802'),
	(1157, '솔터고등학교', '경기도 김포시 김포한강7로22번길 109 (마산동)', 102, '415-090'),
	(1158, '양곡고등학교', '경기도 김포시 양촌읍 양곡4로 138 . 양곡고등학교 (양촌읍.양곡중학교)', 102, '415-845'),
	(1159, '운양고등학교', '경기도 김포시 김포한강11로 58 . 운양고등학교 (운양동)', 102, '415-050'),
	(1160, '장기고등학교', '경기도 김포시 김포한강2로 131 (장기동.장기고등학교)', 102, '415-060'),
	(1161, '통진고등학교', '경기도 김포시 통진읍 김포대로 2165 (통진읍.통진고등학교)', 102, '415-865'),
	(1162, '풍무고등학교', '경기도 김포시 풍무로93번길 53 (풍무동.풍무고등학교)', 102, '415-809'),
	(1163, '하성고등학교', '경기도 김포시 하성면 애기봉로806번길 30 (하성면.하성고등학교)', 102, '415-882'),
	(1164, '다산고등학교', '경기도 이천시 경충대로 2856 (사음동.다산고등학교)', 102, '467-080'),
	(1165, '마장고등학교', '경기도 이천시 마장면 마도로 23 (마장면.마장중고등학교)', 102, '467-814'),
	(1166, '부원고등학교', '경기도 이천시 장호원읍 서동대로 8857 (장호원읍.부원고등학교)', 102, '467-902'),
	(1167, '율면고등학교', '경기도 이천시 율면 고당로 48 . 율면고등학교 (율면.율면중학교)', 102, '467-891'),
	(1168, '이천고등학교', '경기도 이천시 아리역로16번길 1 . (증포동.이천고등학교) (증포동.이천고등학교)', 102, '467-803'),
	(1169, '이천세무고등학교', '경기도 이천시 설성면 설성로15번길 26 (설성면.경남중학교)', 101, '467-881'),
	(1170, '이천양정여자고등학교', '경기도 이천시 영창로 119 (관고동.이천양정여자중학교)', 102, '467-020'),
	(1171, '이천제일고등학교', '경기도 이천시 애련정로 26 (안흥동.이천제일고등학교)', 102, '467-050'),
	(1172, '이현고등학교', '경기도 이천시 증신로 . 88', 102, '467-070'),
	(1173, '장호원고등학교', '경기도 이천시 장호원읍 샘재로 27-37 (장호원읍.장호원고등학교)', 102, '467-902'),
	(1174, '한국도예고등학교', '경기도 이천시 신둔면 둔터로 61 (신둔면.한국도예고등학교)', 101, '467-841'),
	(1175, '효양고등학교', '경기도 이천시 부발읍 대산로545번길 55 (부발읍.효양고등학교)', 102, '467-865'),
	(1176, '가온고등학교', '경기도 안성시 샛터길 46 (발화동.가온고등학교)', 102, '456-140'),
	(1177, '경기창조고등학교', '경기도 안성시 공도읍 공도5로 37 (공도읍.경기창조고등학교)', 102, '456-823'),
	(1178, '안법고등학교', '경기도 안성시 명륜길 66 (구포동)', 102, '456-070'),
	(1179, '안성고등학교', '경기 안성시 금산길 57 (금산동.안성고등학교)', 102, '456-310'),
	(1180, '안성두원공업고등학교', '경기도 안성시 미양면 미양로 727 (미양면.안성두원공업고등학교)', 101, '456-841'),
	(1181, '안성여자고등학교', '경기도 안성시 남파로 73-10 (신소현동.안성여자고등학교)', 102, '456-380'),
	(1182, '일죽고등학교', '경기도 안성시 일죽면 서동대로 7446 (일죽면.일죽종합고교)', 101, '456-915'),
	(1183, '죽산고등학교', '경기도 안성시 죽산면 죽산향교길 54-40 . 죽산고등학교 (죽산면)', 102, '456-894'),
	(1184, '한겨레고등학교', '경기도 안성시 죽산면 칠장로 107-9 (죽산면.한겨레중고등학교)', 105, '456-891'),
	(1185, '경기관광고등학교', '경기도 여주시 대신면 여양로 1416 (대신면)', 101, '469-844'),
	(1186, '대신고등학교', '경기도 여주시 대신면 여양로 1196 (대신면.대신중고등학교)', 102, '469-843'),
	(1187, '세종고등학교', '경기도 여주시 청심로 221 (상동.세종고등학교)', 102, '469-804'),
	(1188, '여강고등학교', '경기도 여주시 북내면 여강로 337-8 (북내면.여강중고등학교)', 102, '469-853'),
	(1189, '여주고등학교', '경기도 여주시 세종로 254-58 (교동.여주고등학교)', 102, '469-801'),
	(1190, '여주자영농업고등학교', '경기도 여주시 능서면 농도원1길 76 (능서면.여주자영고)', 101, '469-730'),
	(1191, '여주제일고등학교', '경기도 여주시 가남읍 여주남로 1155-11 (가남읍)', 102, '469-881'),
	(1192, '이포고등학교', '경기도 여주군 흥천면 이여로 1075 (흥천면.이포중고등학교)', 102, '469-821'),
	(1193, '점동고등학교', '경기도 여주시 점동면 청안로 152 (점동면)', 102, '469-872'),
	(1194, '양동고등학교', '경기도 양평군 양동면 학둔지윗길 47-7 (양동면.양동중고등학교)', 102, '476-881'),
	(1195, '양서고등학교', '경기도 양평군 양서면 상촌길 31-12 (양서면.양서고등학교)', 102, '476-824'),
	(1196, '양일고등학교', '경기도 양평군 양평읍 관문2길 9 (양평읍.양일고등학교)', 102, '476-801'),
	(1197, '양평고등학교', '경기도 양평군 양평읍 양근로 260 (양평읍.양평고등학교 1동)', 102, '476-802'),
	(1198, '양평전자과학고등학교', '경기도 양평군 양서면 대심상심길 13 (양서면.양평전자과학고등학교)', 101, '476-821'),
	(1199, '용문고등학교', '경기도 양평군 용문면 용문로 437 (용문면.용문중고등학교)', 102, '476-845'),
	(1200, '지평고등학교', '경기도 양평군 지평면 지평로 418 (지평면.지평고등학교)', 102, '476-874'),
	(1201, '청운고등학교', '경기도 양평군 청운면 청운로 28 (청운면.청운중고등학교)', 102, '476-863'),
	(1202, '가좌고등학교', '경기도 고양시 일산서구 가좌1로 43 (가좌동.가좌고등학교)', 102, '411-440'),
	(1203, '경기영상과학고등학교', '경기도 고양시 일산서구 강선로 8 (경기영상과학고등학교)', 101, '411-848'),
	(1204, '고양고등학교', '경기도 고양시 덕양구 삼송로 171 . 고양고등학교 (삼송동.고양고등학교)', 101, '412-080'),
	(1205, '고양국제고등학교', '경기도 고양시 일산동구 위시티4로 112 . 고양국제고등학교 (식사동)', 104, '410-050'),
	(1206, '고양동산고등학교', '경기도 고양시 덕양구 동세로 20 (동산동)', 102, '412-090'),
	(1207, '고양예술고등학교', '경기도 고양시 일산서구 덕이로172번길 4-39 (덕이동.고양예술고등학교)', 104, '411-809'),
	(1208, '고양외국어고등학교', '경기도 고양시 덕양구 통일로 820', 104, '412-803'),
	(1209, '고양일고등학교', '경기도 고양시 덕양구 읍내로 13 (고양동.고양일고등학교)', 102, '412-801'),
	(1210, '능곡고등학교', '경기도 고양시 덕양구 지도로 76 (토당동.능곡고등학교)', 102, '412-818'),
	(1211, '대화고등학교', '경기도 고양시 일산서구 대화로 100 (대화동)', 102, '411-802'),
	(1212, '덕이고등학교', '경기도 고양시 일산서구 하이파크1로 64 (덕이동)', 102, '411-808'),
	(1213, '무원고등학교', '경기도 고양시 덕양구 화신로 65 (행신동.무원고등학교)', 102, '412-836'),
	(1214, '백마고등학교', '경기도 고양시 일산동구 백석로 155 (백석동.백마고등학교)', 102, '410-815'),
	(1215, '백석고등학교', '경기도 고양시 일산동구 강촌로 115 (마두동.백석고등학교)', 102, '410-811'),
	(1216, '백송고등학교', '경기도 고양시 일산서구 덕이로 172번길 4-39 (덕이동)', 102, '411-808'),
	(1217, '백신고등학교', '경기도 고양시 일산동구 백석로 8 (백석동.백신고등학교)', 102, '410-817'),
	(1218, '백양고등학교', '경기도 고양시 덕양구 화신로 199 (행신동.백양고등학교)', 102, '412-220'),
	(1219, '서정고등학교', '경기도 고양시 덕양구 서정마을2로 39 . 서정고등학교 (행신동)', 102, '412-220'),
	(1220, '성사고등학교', '경기도 고양시 덕양구 호국로 869 . 성사고등학교 (성사동.성사고등학교)', 102, '412-807'),
	(1221, '세원고등학교', '경기도 고양시 일산동구 숲속마을로 202 (풍동.세원고등학교)', 102, '410-842'),
	(1222, '신일비즈니스고등학교', '경기도 고양시 일산서구 킨텍스로 452 (일산동.신일비즈니스고등학교)', 101, '411-822'),
	(1223, '안곡고등학교', '경기도 고양시 일산동구 하늘마을로 75 (중산동.안곡고등학교)', 102, '410-315'),
	(1224, '일산고등학교', '경기도 고양시 일산서구 원일로 53 (일산동.일산공고강당)', 101, '411-857'),
	(1225, '일산국제컨벤션고등학교', '경기도 고양시 일산서구 고봉로 133 (주엽동.일산국제컨벤션고등학교 1동(교사동))', 101, '411-848'),
	(1226, '일산대진고등학교', '경기도 고양시 일산서구 대산로 246 (대화동.일산대진고등학교)', 102, '411-803'),
	(1227, '일산동고등학교', '경기도 고양시 일산서구 탄현로 100 . 일산동고등학교 (탄현동.일산동고등학교)', 102, '411-320'),
	(1228, '저동고등학교', '경기도 고양시 일산동구 무궁화로 165 (정발산동.저동고등학교)', 102, '410-829'),
	(1229, '저현고등학교', '경기도 고양시 일산동구 위시티3로 37 (식사동)', 103, '410-821'),
	(1230, '정발고등학교', '경기도 고양시 일산동구 정발산로 185 . 정발고등학교 (마두동.정발고등학교)', 102, '410-812'),
	(1231, '주엽고등학교', '경기도 고양시 일산서구 킨텍스로 341 (대화동.주엽고등학교)', 102, '411-804'),
	(1232, '중산고등학교', '경기도 고양시 일산동구 중산로 290 (중산동.중산고등학교)', 102, '410-831'),
	(1233, '풍동고등학교', '경기도 고양시 일산동구 숲속마을로 119 (풍동.풍동고등학교)', 102, '410-330'),
	(1234, '행신고등학교', '경기도 고양시 덕양구 소만로 36 (행신동.행신고등학교)', 102, '412-220'),
	(1235, '화수고등학교', '경기 고양시 덕양구 화수로 51 (화정동.화수고등학교)', 102, '412-826'),
	(1236, '화정고등학교', '경기도 고양시 덕양구 화정로 17 (화정동.고양화정고등학교)', 102, '412-270'),
	(1237, '가운고등학교', '경기도 남양주시 가운로2길 115 (가운동.가운고등학교)', 102, '472-060'),
	(1238, '광동고등학교', '경기도 남양주시 진접읍 장현로광동1길 10 (진접읍.광동중 고등학교)', 102, '472-865'),
	(1239, '금곡고등학교', '경기도 남양주시 경춘로992번길 10 (금곡동.금곡고등학교)', 102, '472-802'),
	(1240, '남양주공업고등학교', '경기도 남양주시 화도읍 경춘로2192번길 25 (화도읍.남양주공업고등학교)', 101, '472-844'),
	(1241, '덕소고등학교', '경기도 남양주시 와부읍 덕소로 194 (와부읍.덕소고등학교)', 102, '472-908'),
	(1242, '도농고등학교', '경기도 남양주시 미금로65번길 1 (도농동.도농고등학교)', 102, '472-913'),
	(1243, '동화고등학교', '경기도 남양주시 경춘로 434 (도농동.동화중고등학교)', 102, '472-708'),
	(1244, '마석고등학교', '경기도 남양주시 화도읍 녹촌로 35 (화도읍.마석고등학교)', 102, '472-843'),
	(1245, '별내고등학교', '경기도 남양주시 별내5로 36 (별내동)', 102, '472-501'),
	(1246, '심석고등학교', '경기도 남양주시 화도읍 마석로 62 (화도읍.심석고등학교)', 102, '472-845'),
	(1247, '오남고등학교', '경기도 남양주시 오남읍 진건오남로 784-27 . 오남고등학교 (오남읍)', 102, '472-881'),
	(1248, '와부고등학교', '경기도 남양주시 와부읍 수레로 127-20 와부고등학교', 103, '472-901'),
	(1249, '진건고등학교', '경기도 남양주시 진건읍 진건오남로 369-1 (진건읍.진건고등학교)', 102, '472-835'),
	(1250, '진접고등학교', '경기도 남양주시 진접읍 해밀예당2로 13 (진접읍.진접고등학교)', 102, '472-861'),
	(1251, '청학고등학교', '경기도 남양주시 별내면 청학로68번길 47 (별내면.청학고등학교)', 103, '472-811'),
	(1252, '퇴계원고등학교', '경기도 남양주시 퇴계원면 퇴계원로 149 (퇴계원면.퇴계원고등학교)', 102, '472-825'),
	(1253, '판곡고등학교', '경기도 남양주시 늘을1로 127 호평동', 102, '472-936'),
	(1254, '평내고등학교', '경기 남양주시 평내로 57 (평내동.평내고등학교)', 102, '472-938'),
	(1255, '호평고등학교', '경기도 남양주시 호평로 109 (호평동.호평고등학교)', 102, '472-120'),
	(1256, '구리고등학교', '경기도 구리시 장자대로 89 (수택동.구리고등학교)', 102, '471-828'),
	(1257, '구리여자고등학교', '경기도 구리시 벌말로 168 (토평동.구리여자고등학교)', 102, '471-060'),
	(1258, '서울삼육고등학교', '경기도 구리시 아차산로487번길 70 (교문동.사택)', 102, '471-020'),
	(1259, '수택고등학교', '경기도 구리시 검배로 145 (수택동.수택고등학교)', 102, '471-030'),
	(1260, '인창고등학교', '경기도 구리시 왕숙천로 339 (인창동.인창고등학교)', 102, '471-841'),
	(1261, '토평고등학교', '경기도 구리시 장자대로111번길 41 (토평동.토평고등학교)', 102, '471-856'),
	(1262, '경기북과학고등학교', '경기도 의정부시 체육로135번길 32 (녹양동.경기북과학고등학교)', 104, '480-826'),
	(1263, '경민IT고등학교', '경기도 의정부시 서부로 545 (가능동.경민IT고등학교)', 101, '480-702'),
	(1264, '경민고등학교', '경기도 의정부시 서부로 545 (가능동.경민고등학교)', 102, '480-702'),
	(1265, '경민비즈니스고등학교', '경기도 의정부시 서부로 545 (가능동)', 101, '480-702'),
	(1266, '동국대학교사범대학부속영석고등학교', '경기도 의정부시 시민로 363 . 동국대학교사범대학부속 영석고등학교 (용현동)', 102, '480-839'),
	(1267, '발곡고등학교', '경기도 의정부시 동일로454번길 150 (신곡동.발곡고등학교)', 102, '480-830'),
	(1268, '부용고등학교', '경기도 의정부시 오목로 96 (민락동.부용고등학교)', 102, '480-863'),
	(1269, '상우고등학교', '경기도 의정부시 범골로 79 (의정부동.상우고등학교)', 102, '480-850'),
	(1270, '송현고등학교', '경기도 의정부시 용민로 159 (민락동.송현고등학교)', 102, '480-862'),
	(1271, '의정부고등학교', '경기도 의정부시 녹양로 29 (가능동.의정부고등학교)', 102, '480-808'),
	(1272, '의정부공업고등학교', '경기도 의정부시 가능로 57 (가능동.의정부공업고등학교)', 101, '480-814'),
	(1273, '의정부광동고등학교', '경기도 의정부시 서부로 691 . 의정부광동고등학교 (녹양동)', 102, '480-825'),
	(1274, '의정부여자고등학교', '경기도 의정부시 신흥로365번길 10 (가능동.의정부여자고등학교)', 102, '480-814'),
	(1275, '호원고등학교', '경기도 의정부시 망월로 56 (호원동.호원고등학교)', 102, '480-854'),
	(1276, '효자고등학교', '경기도 의정부시 부용로 165 (신곡동.효자고등학교)', 102, '480-864'),
	(1277, '경기세무고등학교', '경기도 파주시 적성면 솥뒤로 33-60 경기세무고등학교', 101, '413-913'),
	(1278, '광탄고등학교', '경기도 파주시 광탄면 혜음로 1128 16 (광탄면)', 102, '413-852'),
	(1279, '교하고등학교', '경기도 파주시 책향기로 180 교하고등학교', 102, '413-833'),
	(1280, '금촌고등학교', '경기도 파주시 쇠재1길 18 (금릉동.금촌고등학교)', 102, '413-030'),
	(1281, '동패고등학교', '경기도 파주시 교하로 350 (동패동)', 102, '413-833'),
	(1282, '문산고등학교', '경기도 파주시 문산읍 당동1로 22 . 문산고등학교 (문산읍.문산고등학교)', 102, '413-902'),
	(1283, '문산여자고등학교', '경기도 파주시 파주읍 우계로 357 (파주읍)', 102, '413-862'),
	(1284, '문산제일고등학교', '경기도 파주시 평화로 190 (야동동.문산제일고등학교)', 102, '413-040'),
	(1285, '봉일천고등학교', '경기도 파주시 조리읍 소곡로 54 (조리읍)', 102, '413-823'),
	(1286, '삼광고등학교', '경기도 파주시 적성면 청송로 701 (적성면.삼광고등학교)', 102, '413-912'),
	(1287, '세경고등학교', '경기도 파주시 파주읍 술이홀로 379 (파주읍)', 101, '413-863'),
	(1288, '운정고등학교', '경기도 파주시 와석순환로 267 운정고등학교', 103, '413-110'),
	(1289, '율곡고등학교', '경기도 파주시 법원읍 사임당로905번길 10 (법원읍.율곡중고등학교)', 102, '413-872'),
	(1290, '파주고등학교', '경기도 파주시 문산읍 독산로 31 . 39 (문산읍.윤정인테리어)', 102, '413-904'),
	(1291, '파주여자고등학교', '경기도 파주시 월롱면 함영골길 10 . 파주여자고등학교 (월롱면)', 102, '413-812'),
	(1292, '한민고등학교', '경기도 파주시 광탄면 혜음로 765 . 한민고등학교 (광탄면)', 102, '413-855'),
	(1293, '한빛고등학교', '경기도 파주시 한빛로 36 . 한빛고등학교 (야당동)', 102, '413-200'),
	(1294, '동두천고등학교', '경기도 동두천시 평화로 2434 8 (생연동)', 102, '483-030'),
	(1295, '동두천외국어고등학교', '경기도 동두천시 지행로 145 (지행동.동두천외국어고등학교)', 104, '483-020'),
	(1296, '동두천중앙고등학교', '경기도 동두천시 평화로 2280 (지행동.동두천중앙고등학교)', 102, '483-721'),
	(1297, '보영여자고등학교', '경기도 동두천시 동광로 124 (생연동.보영여자고등학교)', 102, '483-710'),
	(1298, '신흥고등학교', '경기도 동두천시 신천로 159 (안흥동.신흥고등학교)', 102, '483-090'),
	(1299, '한국문화영상고등학교', '경기도 동두천시 평화로2452번길 32 (생연동.한국문화영상고등학교)', 101, '483-030'),
	(1300, '덕계고등학교', '경기도 양주시 평화로1489번길 34 (덕계동.덕계고등학교)', 102, '482-050'),
	(1301, '덕정고등학교', '경기도 양주시 화합로 1488 . 덕정고등학교 (고암동.덕정고등학교)', 102, '482-010'),
	(1302, '덕현고등학교', '경기도 양주시 고읍북로 36 (만송동)', 102, '482-080'),
	(1303, '양주고등학교', '경기도 양주시 삼숭로38번길 78-52 (삼숭동.양주고등학교)', 103, '482-110'),
	(1304, '양주백석고등학교', '경기 양주시 백석읍 꿈나무로 205 (백석읍)', 102, '482-835'),
	(1305, '한국외식과학고등학교', '경기도 양주시 남면 개나리18길 1 (남면.남문고등학교)', 101, '482-873'),
	(1306, '관인고등학교', '경기도 포천시 관인면 관인로 20 (관인면.관인중고등학교)', 102, '487-936'),
	(1307, '동남고등학교', '경기도 포천시 소흘읍 솔모루로3번길 69 (소흘읍.동남고등학교)', 102, '487-823'),
	(1308, '송우고등학교', '경기도 포천시 소흘읍 태봉로 125 (소흘읍.송우고교)', 102, '487-823'),
	(1309, '영북고등학교', '경기도 포천시 영북면 영북로 136 (영북면.영북고등학교)', 102, '487-892'),
	(1310, '일동고등학교', '경기도 포천시 일동면 화동로1079번길 28 . 일동고등학교', 102, '487-851'),
	(1311, '포천고등학교', '경기 포천시 원모루로 40 . 포천고등학교 (신읍동.포천고등학교)', 102, '487-805'),
	(1312, '포천일고등학교', '경기도 포천시 군내면 청군로 3426 (군내면.포천일고등학교)', 102, '487-878'),
	(1313, '가평고등학교', '경기도 가평군 가평읍 호반로 2607-7 (가평읍)', 102, '477-804'),
	(1314, '설악고등학교', '경기도 가평군 설악면 한양부로 21-1 (설악면.설악중고등학교)', 102, '477-853'),
	(1315, '조종고등학교', '경기도 가평군 하면 연등윗길 22 (하면)', 102, '477-834'),
	(1316, '청심국제고등학교', '경기도 가평군 설악면 미사리로 324-213 (설악면.청심국제중고등학교)', 104, '477-855'),
	(1317, '청평고등학교', '경기도 가평군 청평면 강변나루로40번길 23 . 청평고등학교 (청평면.청평공업고등학교)', 102, '477-815'),
	(1318, '연천고등학교', '경기도 연천군 연천읍 연천로 336번길 13 (연천읍.연천중고등학교)', 102, '486-802'),
	(1319, '전곡고등학교', '경기도 연천군 전곡읍 전은길 9-89 (전곡읍.전곡고등학교)', 102, '486-902'),
	(1320, '강원고등학교', '강원도 춘천시 동면 장학길 24 (동면.강원중고등학교)', 102, '200-853'),
	(1321, '강원대학교사범대학부설고등학교', '강원도 춘천시 서부대성로 257 (효자동.강원대학교사범대학부설고등학교)', 102, '200-947'),
	(1322, '강원애니고등학교', '강원도 춘천시 서면 박사로 1025 . 강원애니고등학교 (서면)', 101, '200-831'),
	(1323, '강원체육고등학교', '강원도 춘천시 자라우새길 126 (송암동)', 104, '200-210'),
	(1324, '봉의고등학교', '강원도 춘천시 후석로250번길 22 (후평동.봉의고등학교)', 102, '200-963'),
	(1325, '성수고등학교', '강원도 춘천시 중앙로68번길 21 (낙원동.성수고등학교)', 102, '200-100'),
	(1326, '성수여자고등학교', '강원도 춘천시 학당길 28 (낙원동)', 102, '200-100'),
	(1327, '소양고등학교', '강원도 춘천시 영서로 2872 (사농동.춘천농공고등학교)', 101, '200-140'),
	(1328, '유봉여자고등학교', '강원도 춘천시 봉의산길22번길 28 (교동.유봉여자고등학교)', 102, '200-060'),
	(1329, '전인고등학교', '강원도 춘천시 동산면 새술막길 630 (동산면.전인고등학교)', 105, '200-843'),
	(1330, '춘천고등학교', '강원도 춘천시 중앙로68번길 37 (소양로3가.춘천고등학교)', 102, '200-113'),
	(1331, '춘천기계공업고등학교', '강원도 춘천시 후석로462번길 53 (후평동.춘천기계공업고등학교)', 101, '200-957'),
	(1332, '춘천여자고등학교', '강원도 춘천시 동면 만천양지길 95 (동면)', 102, '200-850'),
	(1333, '춘천한샘고등학교', '강원도 춘천시 신북읍 신샘밭로 363-12 (신북읍.춘천실업고등학교)', 101, '200-821'),
	(1334, '강원과학고등학교', '강원도 원주시 치악로 2240 (태장동.강원과학고등학교)', 104, '220-966'),
	(1335, '대성고등학교', '강원도 원주시 북원로 2001 (무실동.대성중.고등학교)', 102, '220-150'),
	(1336, '문막고등학교', '강원도 원주시 문막읍 문막시장1길 58 58(문막읍.문막중학교)', 102, '220-806'),
	(1337, '북원여자고등학교', '강원도 원주시 원문로137번길 32 . 북원여자고등학교 (단계동.북원여자고등학교)', 102, '220-935'),
	(1338, '상지여자고등학교', '강원도 원주시 개운4길 . 상지여자중고등학교 (개운동.상지여자중고등학교)', 102, '220-930'),
	(1339, '영서고등학교', '강원도 원주시 치악로 1384 . (관설동 563-3) (관설동.원주영서고등학교)', 101, '220-933'),
	(1340, '원주고등학교', '강원도 원주시 치악로 1765 (개운동.원주고등학교)', 102, '220-930'),
	(1341, '원주공업고등학교', '강원도 원주시 고문골길 54 (행구동.원주공업고등학교)', 101, '220-160'),
	(1342, '원주금융회계고등학교', '강원 원주시 부론면 부귀로 35 (부론면.부론중고등학교)', 101, '220-811'),
	(1343, '원주삼육고등학교', '강원도 원주시 북원로 1996 . 원주삼육고등학교 (무실동.남자기숙사동)', 102, '220-150'),
	(1344, '원주여자고등학교', '강원도 원주시 배울로 227 (반곡동)', 102, '220-170'),
	(1345, '원주의료고등학교', '강원도 원주시 문막읍 원문로 1756 (문막읍.원주의료고등학교)', 104, '220-801'),
	(1346, '육민관고등학교', '강원도 원주시 흥업면 북원로 1800 육민관고등학교', 102, '220-844'),
	(1347, '진광고등학교', '강원도 원주시 진광길 50 (우산동.진광중고등학교)', 102, '220-955'),
	(1348, '치악고등학교', '강원도 원주시 치악고교길 16 (관설동.치악고등학교)', 102, '220-934'),
	(1349, '강릉고등학교', '강원도 강릉시 강릉대로587번길 68 (초당동.강릉고등학교)', 102, '210-120'),
	(1350, '강릉명륜고등학교', '강원도 강릉시 율곡로 2920-8 (교동.강릉명륜고등학교)', 102, '210-920'),
	(1351, '강릉문성고등학교', '강원 강릉시 지변길 158 . 산54번지  (지변동.문성고등학교)', 102, '210-320'),
	(1352, '강릉여자고등학교', '강원도 강릉시 용지로 107 (옥천동)', 102, '210-933'),
	(1353, '강릉정보공업고등학교', '강원 강릉시 주문진읍 학교길 26 (주문진읍.강릉정보공업고등학교)', 101, '210-801'),
	(1354, '강릉제일고등학교', '강원도 강릉시 화부산로8번길 37 (교동.강릉제일고등학교)', 102, '210-923'),
	(1355, '강릉중앙고등학교', '강원도 강릉시 강변로 422 (입암동.강릉중앙고등학교)', 101, '210-937'),
	(1356, '강원예술고등학교', '강원도 강릉시 구정면 칠봉로 670-34 (구정면.강원예술고교)', 104, '210-814'),
	(1357, '강일여자고등학교', '강원 강릉시 화부산로 89 (교동.별관동)', 102, '210-924'),
	(1358, '경포고등학교', '강원도 강릉시 강릉대로 547 . 14 (포남동)', 102, '210-939'),
	(1359, '주문진고등학교', '강원도 강릉시 주문진읍 학교길 28 (주문진읍.주문진고등학교)', 102, '210-801'),
	(1360, '동해광희고등학교', '강원도 동해시 청운로 112 . 동해광희고등학교 (동회동.광희중.고등학교)', 102, '240-180'),
	(1361, '동해삼육고등학교', '강원도 동해시 동해대로 5367 (천곡동)', 102, '240-809'),
	(1362, '동해상업고등학교', '강원도 동해시 느릅재길 65 (발한동.동해상업고등학교)', 101, '240-041'),
	(1363, '묵호고등학교', '승지로37 (부곡동)', 102, '240-813'),
	(1364, '북평고등학교', '강원도 동해시 효자남길 51 (동회동.북평고등학교)', 102, '240-180'),
	(1365, '북평여자고등학교', '강원도 동해시 동굴로 55 (천곡동.북평여자고등학교)', 102, '240-808'),
	(1366, '장성여자고등학교', '강원도 태백시 일광마을길 8-12 (문곡동.장성여자고등학교)', 102, '235-120'),
	(1367, '철암고등학교', '강원도 태백시 상철암길 10-32 (철암동.철암중고등학교)', 102, '235-200'),
	(1368, '태백기계공업고등학교', '강원도 태백시 평화길 8-24 (장성동.태백기계공고)', 101, '235-100'),
	(1369, '황지고등학교', '강원도 태백시 번영로 179 (황지동.황고관사)황지고등학교', 102, '235-800'),
	(1370, '황지정보산업고등학교', '강원도 태백시 문화로1길 1 (황지동.황지 정보산업고등학교)', 101, '235-800'),
	(1371, '설악고등학교', '강원도 속초시 청대로 219 (조양동.설악고등학교)', 102, '217-811'),
	(1372, '속초고등학교', '강원도 속초시 사진용촌길 42 (장사동.속초고등학교)', 102, '217-130'),
	(1373, '속초여자고등학교', '강원도 속초시 배움터길 16 (교동.다목적실동)', 102, '217-806'),
	(1374, '가곡고등학교', '강원도 삼척시 가곡면 가곡천로 1427 (가곡면.가곡중고등학교)', 102, '245-812'),
	(1375, '도계고등학교', '강원도 삼척시 도계읍 도계느티로 69 (도계읍.도계고등학교)', 102, '245-905'),
	(1376, '도계전산정보고등학교', '강원도 삼척시 도계읍 도계느티로 24 (도계읍.도계전산정보고등학교)', 101, '245-905'),
	(1377, '삼일고등학교', '강원도 삼척시 사직로 22 (남양동.삼일중고등학교)', 102, '245-938'),
	(1378, '삼척고등학교', '강원도 삼척시 사대안길 21 (당저동.삼척고등학교)', 102, '245-939'),
	(1379, '삼척마이스터고등학교', '강원도 삼척시 근덕면 삼척로 3700 (근덕면.근덕중학교)', 104, '245-832'),
	(1380, '삼척여자고등학교', '강원도 삼척시 남산길 6 (남양동.삼척여자고등학교)', 102, '245-937'),
	(1381, '원덕고등학교', '강원도 삼척시 원덕읍 삼척로 480 (원덕읍.원덕중고등학교)', 102, '245-803'),
	(1382, '하장고등학교', '강원도 삼척시 하장면 백두대간로 2600 (하장면.하장중고교)', 102, '245-912'),
	(1383, '강원생활과학고등학교', '강원도 홍천군 남면 새작들길 11 . 강원생활과학고등학교 (남면)', 101, '250-874'),
	(1384, '내면고등학교', '강원도 홍천군 내면 구룡령로 5174 (내면.내면고등학교)', 102, '250-846'),
	(1385, '서석고등학교', '강원도 홍천군 서석면 구룡령로 2570 (서석면.서석중고등학교)', 102, '250-835'),
	(1386, '팔렬고등학교', '강원도 홍천군 내촌면 동창로 207 (내촌면)', 105, '250-864'),
	(1387, '홍천고등학교', '강원도 홍천군 홍천읍 석화로 109-10 (홍천읍)', 102, '250-901'),
	(1388, '홍천농업고등학교', '강원도 홍천군 홍천읍 홍천로 678-15 (홍천읍.홍천농업고등학교)', 101, '250-802'),
	(1389, '홍천여자고등학교', '강원도 홍천군 홍천읍 꽃뫼로 71 (홍천읍.홍천여자고등학교)', 102, '250-910'),
	(1390, '갑천고등학교', '강원도 횡성군 갑천면 갑천로 17 (갑천면)', 102, '225-843'),
	(1391, '둔내고등학교', '강원도 횡성군 둔내면 둔내로 22 (둔내면)', 102, '225-831'),
	(1392, '민족사관고등학교', '강원도 횡성군 안흥면 봉화로 800 (안흥면)', 103, '225-823'),
	(1393, '안흥고등학교', '강원도 횡성군 안흥면 서동로 1121 (안흥면.안흥고등학교)', 102, '225-821'),
	(1394, '횡성고등학교', '강원도 횡성군 횡성읍 교항로 33 (횡성읍.횡성고등학교)', 102, '225-808'),
	(1395, '횡성여자고등학교', '강원도 횡성군 횡성읍 횡성로 252 . 횡성여자고등학교 (횡성읍)', 102, '225-801'),
	(1396, '마차고등학교', '강원도 영월군 북면 문학로길 25-8 (북면.마차 중고등학교)', 102, '230-872'),
	(1397, '상동고등학교', '강원도 영월군 상동읍 태백산로 3147 (상동고등학교)', 102, '230-902'),
	(1398, '석정여자고등학교', '강원도 영월군 영월읍 영월로 1914-11 (영월읍.석정고등학교)', 102, '230-808'),
	(1399, '영월고등학교', '강원도 영월군 영월읍 오무개길 51 (영월읍.영월중고등학교)', 102, '230-801'),
	(1400, '영월공업고등학교', '강원도 영월군 영월읍 영모전길 108 (영월읍)', 101, '230-801'),
	(1401, '주천고등학교', '강원도 영월군 주천면 주천로89번길 41 (주천면.주천중？고등학교)', 102, '230-854'),
	(1402, '대화고등학교', '강원도 평창군 대화면 대화중앙로 32-8 (대화면.대화고등학교)', 102, '232-912'),
	(1403, '봉평고등학교', '강원도 평창군 봉평면 기풍4길 27-6 (봉평면.봉평중고등학교)', 102, '232-925'),
	(1404, '상지대관령고등학교', '강원도 평창군 대관령면 해당화3길 24 (대관령면.상지대관령고교)', 102, '232-954'),
	(1405, '진부고등학교', '강원도 평창군 진부면 솔천길 69 (진부면.진부중.고등학교)', 102, '232-949'),
	(1406, '평창고등학교', '강원도 평창군 평창읍 노람들길 141 (평창읍.평창고등학교)', 102, '232-806'),
	(1407, '고한고등학교', '강원도 정선군 고한읍 고한9길 160 (고한읍.고한중고등학교)', 102, '233-813'),
	(1408, '사북고등학교', '강원도 정선군 사북읍 소금강로 3640 (사북읍.사북중고등학교)', 102, '233-901'),
	(1409, '여량고등학교', '강원도 정선군 여량면 여량7길 42 42', 102, '233-845'),
	(1410, '임계고등학교', '강원 정선군 임계면 백두대간로 1313 (임계면)', 102, '233-875'),
	(1411, '정선고등학교', '강원도 정선군 정선읍 봉양4길 15 . 정선고등학교 (정선읍.정선고등학교)', 102, '233-804'),
	(1412, '정선정보공업고등학교', '강원도 정선군 정선읍 용담샛길 2 . 정선정보공업고등학교 (정선읍)', 101, '233-807'),
	(1413, '함백고등학교', '강원도 정선군 신동읍 함백로 211 (신동읍)', 102, '233-826'),
	(1414, '함백여자고등학교', '강원도 정선군 신동읍 함백로 376 (신동읍)', 102, '233-826'),
	(1415, '김화고등학교', '강원 철원군 서면 와수1로 90 (서면.김화여중고등학교)', 102, '269-841'),
	(1416, '김화공업고등학교', '강원도 철원군 서면 와수1로 72 (서면.김화중.공업고등학교)', 101, '269-841'),
	(1417, '신철원고등학교', '강원도 철원군 갈말읍 명성로149번길 64 (갈말읍.신철원중.고등학교)', 102, '269-802'),
	(1418, '철원고등학교', '강원도 철원군 철원읍 금학로251번안길 12 (철원읍.철원중고교)', 102, '269-823'),
	(1419, '철원여자고등학교', '강원도 철원군 동송읍 이평로123번길 40 (동송읍.철원여자중고등학교)', 102, '269-816'),
	(1420, '간동고등학교', '강원도 화천군 간동면 파로호로 945-21 (간동면.간동중 고등학교)', 102, '209-822'),
	(1421, '사내고등학교', '강원도 화천군 사내면 포화로 1093 (사내면.사내고등학교)', 102, '209-834'),
	(1422, '화천고등학교', '강원 화천군 하남면 춘화로 3348-9 (하남면.화천중/고등학교)', 102, '209-808'),
	(1423, '화천정보산업고등학교', '강원도 화천군 화천읍 상승로 69 (화천읍.화천상업고등학교)', 101, '209-804'),
	(1424, '강원외국어고등학교', '강원도 양구군 양구읍 금강산로 437-12 (양구읍.강원외국어고등학교)', 104, '255-803'),
	(1425, '양구고등학교', '강원도 양구군 양구읍 중심로 115 (양구읍.양구중.고등학교)', 102, '255-804'),
	(1426, '양구여자고등학교', '강원도 양구군 양구읍 박수근로 327 (양구읍.양구여자중고등학교)', 102, '255-806'),
	(1427, '기린고등학교', '강원도 인제군 기린면 창암길 20 (기린면.기린중고등학교)', 102, '252-846'),
	(1428, '신남고등학교', '강원도 인제군 남면 신남로 47-35 (남면.신남중고등학교)', 102, '252-815'),
	(1429, '원통고등학교', '강원도 인제군 북면 원통로 285 (북면.원통중고등학교)', 102, '252-822'),
	(1430, '인제고등학교', '강원도 인제군 인제읍 인제로 249번길 . 22 (인제읍)', 102, '252-808'),
	(1431, '거진정보공업고등학교', '강원도 고성군 거진읍 거탄진로 39.7', 101, '219-901'),
	(1432, '고성고등학교', '강원도 고성군 간성읍 수성로 125 (간성읍.고성중고등학교)', 102, '219-801'),
	(1433, '대진고등학교', '강원도 고성군 현내면 화진포길 476 (현내면.대진중고등학교)', 102, '219-812'),
	(1434, '동광산업과학고등학교', '강원도 고성군 토성면 백촌길 30-15 (토성면)', 101, '219-831'),
	(1435, '양양고등학교', '강원도 양양군 양양읍 복개길 23-12 (양양읍)', 102, '215-805'),
	(1436, '양양여자고등학교', '강원도 양양군 양양읍 서문3길 12 . 양양여자고등학교 (양양읍)', 102, '215-805'),
	(1437, '금천고등학교', '충청북도 청주시 상당구 호미로233번길 65 (금천동.금천고등학교)', 102, '360-800'),
	(1438, '대성여자상업고등학교', '충청북도 청주시 상당구 대성로 220 (수동.대성여자상업고등학교)', 101, '360-112'),
	(1439, '봉명고등학교', '충청북도 청주시 흥덕구 월명로220번길 19 (봉명동.봉명고등학교)', 102, '361-856'),
	(1440, '산남고등학교', '충북 청주시 흥덕구 두꺼비로 7 (산남동.산남고등학교)', 102, '361-160'),
	(1441, '상당고등학교', '충청북도 청주시 상당구 월평로 238 . 3-10 (용암동)', 102, '360-825'),
	(1442, '서원고등학교', '충청북도 청주시 흥덕구 가경로 49 (가경동.서원고등학교)', 102, '361-803'),
	(1443, '세광고등학교', '충청북도 청주시 흥덕구 2순환로 1572 (미평동.세광고등학교)', 102, '361-202'),
	(1444, '운호고등학교', '충청북도 청주시 흥덕구 무심서로 375 (모충동.운호고등학교)', 102, '361-806'),
	(1445, '일신여자고등학교', '충청북도 청주시 상당구 영운로 126 (탑동.일신여중고등학교)', 102, '360-081'),
	(1446, '주성고등학교', '충청북도 청주시 상당구 호미로 310 . 주성고등학교 (용담동.주성고등학교)', 102, '360-190'),
	(1447, '청석고등학교', '충청북도 청주시 상당구 원봉로 75 (용암동.청석고등학교)', 102, '360-809'),
	(1448, '청주고등학교', '충청북도 청주시 흥덕구 사직대로 79 (복대동.청주고등학교)', 103, '361-814'),
	(1449, '청주공업고등학교', '충북 청주시 상당구 교서로 17 (영동.청주공업고등학교)', 101, '360-020'),
	(1450, '청주농업고등학교', '충청북도 청주시 상당구 내덕로 45 (내덕동.청주농업고등학교)', 101, '360-806'),
	(1451, '청주대성고등학교', '충청북도 청주시 상당구 대성로300번길 18 (내덕동.청주대성고등학교)', 102, '360-805'),
	(1452, '청주신흥고등학교', '충청북도 청주시 상당구 율봉로 229 (율량동.청주신흥고등학교)', 102, '360-817'),
	(1453, '청주여자고등학교', '충청북도 청주시 청원구 충청대로 107-82 (율량동.청주여자고등학교)', 102, '360-817'),
	(1454, '청주여자상업고등학교', '충청북도 청주시 흥덕구 무심서로 377-1 (모충동.청주여자상업고등학교)', 101, '361-742'),
	(1455, '청주외국어고등학교', '충북 청주시 흥덕구 장구봉로 107 (복대동)', 104, '361-813'),
	(1456, '청주중앙여자고등학교', '충북 청주시 흥덕구 천석로 15 (사창동.청주중앙여고)', 102, '361-832'),
	(1457, '충북고등학교', '충청북도 청주시 흥덕구 청남로 1969 (분평동.충북고등학교)', 102, '361-821'),
	(1458, '충북공업고등학교', '충청북도 청주시 흥덕구 서부로1205번길 52 (가경동.충북공업고등학교)', 101, '361-800'),
	(1459, '충북대학교사범대학부설고등학교', '충청북도 청주시 흥덕구 장구봉로41번길 12 (가경동.충북대학교사범대학중고등학교)', 102, '361-800'),
	(1460, '충북여자고등학교', '충청북도 청주시 흥덕구 무심서로 377-2 . 충북여자고등학교', 102, '361-807'),
	(1461, '충북예술고등학교', '충청북도 청주시 흥덕구 서부로 1185 (가경동.충북예술고등학교)', 104, '361-800'),
	(1462, '충북인터넷고등학교', '충청북도 청주시 상당구 율천북로 73 (율량동.충북인터넷고등학교)', 101, '360-820'),
	(1463, '충북전산기계고등학교', '충청북도 청주시 흥덕구 1순환로1137번길 59 (분평동.충북전산기계고등학교)', 101, '361-822'),
	(1464, '충북체육고등학교', '충청북도 청주시 흥덕구 흥덕로 53 (사직동.충북체육고등학교)', 104, '361-829'),
	(1465, '흥덕고등학교', '충청북도 청주시 흥덕구 증안로 9 (복대동.흥덕고등학교)', 102, '361-815'),
	(1466, '국원고등학교', '충청북도 충주시 탄금대로 88 (봉방동.국원고등학교)', 102, '380-959'),
	(1467, '주덕고등학교', '충청북도 충주시 주덕읍 창전길 223 (주덕읍.주덕고등학교)', 102, '380-881'),
	(1468, '충원고등학교', '충청북도 충주시 엄정면 동막강현길 377 . 충원고등학교 (엄정면.신명중학교)', 102, '380-843'),
	(1469, '충주고등학교', '충청북도 충주시 예성로 37 (호암동.충주고등학교)', 103, '380-967'),
	(1470, '충주공업고등학교', '충청북도 충주시 형설로 120 (용산동.충주공업고등학교)', 101, '380-090'),
	(1471, '충주대원고등학교', '충청북도 충주시 안림로 43 (안림동.대원고등학교)', 102, '380-110'),
	(1472, '충주상업고등학교', '충청북도 충주시 방아길 20 . 충주상업고등학교 (호암동)', 101, '380-966'),
	(1473, '충주여자고등학교', '충청북도 충주시 형설로 77 (용산동.충주여자고등학교)', 102, '380-090'),
	(1474, '충주예성여자고등학교', '충청북도 충주시 호암대로 42 (호암동.충주예성여자고등학교)', 103, '380-967'),
	(1475, '충주중산고등학교', '충청북도 충주시 방아길 20 . 충주중산고등학교 (호암동)', 102, '380-966'),
	(1476, '한림디자인고등학교', '충청북도 충주시 야현1길 21 (교현동.한림디자인고등학교)', 101, '380-950'),
	(1477, '세명고등학교', '충청북도 제천시 세명로 88 (신월동.세명고등학교)', 102, '390-230'),
	(1478, '제천고등학교', '충청북도 제천시 칠성로 105 (청전동.제천고등학교)', 102, '390-898'),
	(1479, '제천디지털전자고등학교', '충청북도 제천시 봉양읍 팔송로 84', 101, '390-872'),
	(1480, '제천산업고등학교', '충청북도 제천시 단양로10길 160 (고명동)', 101, '390-200'),
	(1481, '제천상업고등학교', '충청북도 제천시 의병대로 243 (신백동.제천상업고등학교)', 101, '390-892'),
	(1482, '제천여자고등학교', '충청북도 제천시 내제로6길 13 (서부동.제천여자고등학교)', 102, '390-060'),
	(1483, '제천제일고등학교', '충청북도 제천시 의병대로 177 (동현동.제일고등학교)', 102, '390-190'),
	(1484, '양업고등학교', '충청북도 청주시 흥덕구 옥산면 환희길 277', 105, '363-913'),
	(1485, '양청고등학교', '충청북도 청원군 오창읍 양청6길 33 (오창읍.양청고등학교)', 102, '363-883'),
	(1486, '오송고등학교', '충청북도 청원군 오송읍 오송생명3로 95 (오송읍)', 103, '363-951'),
	(1487, '오창고등학교', '충청북도 청원군 오창읍 괴정1길 10 (오창읍.오창고등학교)', 102, '363-882'),
	(1488, '청원고등학교', '충청북도 청원군 오창읍 구룡5길 9 (오창읍.청원고등학교)', 103, '363-884'),
	(1489, '충북과학고등학교', '충청북도 청원군 가덕면 교육원로 153-135 (가덕면.충북과학고등학교)', 104, '363-853'),
	(1490, '충북에너지고등학교', '충청북도 청원군 미원면 미원초정로 27 (미원면.충북에너지고등학교)', 104, '363-874'),
	(1491, '한국교원대학교부설고등학교', '충청북도 청원군 강내면 태성탑연로 250 (강내면.한국교원대학교)', 102, '363-791'),
	(1492, '현도정보고등학교', '충청북도 청원군 현도면 죽암도원로 34-13 (현도면.현도정보고등학교)', 101, '363-823'),
	(1493, '보은고등학교', '충청북도 보은군 보은읍 보은로 17 . 보은고등학교 (보은읍.보은고등학교)', 102, '376-804'),
	(1494, '보은여자고등학교', '충청북도 보은군 보은읍 보은로 223 . 보은여자고등학교 (보은읍.보은여자고등학교)', 102, '376-803'),
	(1495, '보은자영고등학교', '충청북도 보은군 보은읍 자영고길 10 (보은읍.보은자영고등학교)', 101, '376-803'),
	(1496, '보은정보고등학교', '충청북도 보은군 보은읍 성주길 27 (보은읍.보은정보고등학교)', 101, '376-802'),
	(1497, '옥천고등학교', '충청북도 옥천군 옥천읍 중앙로 115 (옥천읍.관공서(옥천고등학교))', 102, '373-809'),
	(1498, '옥천상업고등학교', '충청북도 옥천군 옥천읍 중앙로 144 (옥천읍.관공서(옥천상업고등학교))', 101, '373-803'),
	(1499, '청산고등학교', '충청북도 옥천군 청산면 청산로 92 (청산면.관공서(청산고등학교))', 102, '373-874'),
	(1500, '영동고등학교', '충청북도 영동군 영동읍 계산로 122 . 영동고등학교 (영동읍.영동고등학교)', 102, '370-802'),
	(1501, '영동산업과학고등학교', '충청북도 영동군 영동읍 학산영동로 1213 (영동산업과학고등학교)', 101, '370-807'),
	(1502, '영동인터넷고등학교', '충청북도 영동군 영동읍 대학로 10 (영동읍.영동인터넷고등학교)', 101, '370-803'),
	(1503, '학산고등학교', '충청북도 영동군 학산면 학산양산로 12 (학산면.학산중고등학교)', 102, '370-821'),
	(1504, '황간고등학교', '충청북도 영동군 황간면 남성동3길 4-22 (황간면.교실)', 102, '370-863'),
	(1505, '광혜원고등학교', '충청북도 진천군 광혜원면 화랑길 137 (광혜원면.광혜원고등학교)', 102, '365-833'),
	(1506, '진천고등학교', '충청북도 진천군 진천읍 문화12길 48 (진천읍.진천고등학교)', 102, '365-805'),
	(1507, '진천상업고등학교', '충청북도 진천군 진천읍 문화3길 25 (진천읍.진천상업고등학교)', 101, '365-805'),
	(1508, '한국바이오마이스터고등학교', '충청북도 진천군 진천읍 남산4길 13 한국바이오마이스터고등학교', 104, '365-803'),
	(1509, '괴산고등학교', '충청북도 괴산군 괴산읍 읍내로 106 . 괴산고등학교 (괴산읍.괴산고교)', 102, '367-804'),
	(1510, '목도고등학교', '충청북도 괴산군 불정면 한불로청덕1길 50-15 (불정면)', 102, '367-911'),
	(1511, '대소금왕고등학교', '충청북도 음성군 신내로 507 (금왕읍)', 102, '369-901'),
	(1512, '매괴고등학교', '충북 음성군 감곡면 매괴길 10 . 매괴고등학교', 102, '369-851'),
	(1513, '음성고등학교', '충청북도 음성군 음성읍 중앙로 109-16 (음성읍.음성고등학교)', 102, '369-806'),
	(1514, '충북반도체고등학교', '충청북도 음성군 금왕읍 무극로 393-1 충북반도체고등학교', 104, '369-904'),
	(1515, '단산고등학교', '충청북도 단양군 어상천면 어상천로 904 (어상천면.단산중고등학교)', 102, '395-843'),
	(1516, '단양고등학교', '충북 단양군 단양읍 수변로 2 . 단양고등학교 (단양읍.단양고등학교)', 103, '395-804'),
	(1517, '한국호텔관광고등학교', '충청북도 단양군 단성면 북상하리길 69 (단성면.한국호텔관광고등학교)', 101, '395-863'),
	(1518, '증평공업고등학교', '충청북도 증평군 증평읍 광장로 180 . 증평공업고등학교 (증평읍.증평공업고등학교)', 101, '368-904'),
	(1519, '증평정보고등학교', '충청북도 증평군 증평읍 중앙로 132 (증평읍.증평정보고등학교)', 101, '368-910'),
	(1520, '형석고등학교', '충청북도 증평군 증평읍 미암로 26 (증평읍.형석고등학교)', 102, '368-906'),
	(1521, '목천고등학교', '충청남도 천안시 동남구 목천읍 삼방로 145 (목천읍.목천중고등학교)', 102, '330-843'),
	(1522, '병천고등학교', '충청남도 천안시 동남구 병천면 충절로 1872 (병천면.병천중고등학교)', 101, '330-863'),
	(1523, '복자여자고등학교', '충청남도 천안시 동남구 복자1길 1 (성황동.복자여자중고등학교)', 102, '330-130'),
	(1524, '북일고등학교', '충청남도 천안시 동남구 단대로 69 (신부동.북일고등학교)', 103, '330-992'),
	(1525, '북일여자고등학교', '충청남도 천안시 동남구 단대로 71 북일여자고등학교', 102, '330-992'),
	(1526, '성환고등학교', '충청남도 천안시 서북구 성환읍 신방로 354 (성환읍.성환고등학교)', 102, '331-807'),
	(1527, '천안고등학교', '충청남도 천안시 동남구 봉명로 53 (봉명동.천안고등학교)', 102, '330-931'),
	(1528, '천안공업고등학교', '충청남도 천안시 동남구 성황5길 17 (신부동.천안공업고등학교)', 101, '330-993'),
	(1529, '천안두정고등학교', '충청남도 천안시 서북구 두정고2길 13 (두정동.두정고등학교)', 102, '331-964'),
	(1530, '천안상업고등학교', '충청남도 천안시 서북구 천일고1길 43-9 . 천안상업고등학교 (신당동.천일고등학교)', 101, '331-280'),
	(1531, '천안신당고등학교', '충청남도 천안시 서북구 신당새터2길 36 (신당동.천안신당고등학교)', 102, '331-280'),
	(1532, '천안쌍용고등학교', '충청남도 천안시 서북구 월봉7길 10 (쌍용동.천안쌍용고등학교)', 102, '331-947'),
	(1533, '천안업성고등학교', '충청남도 천안시 서북구 업성3길 65-11 (업성동)', 103, '331-290'),
	(1534, '천안여자고등학교', '충청남도 천안시 동남구 삼룡3길 30 (삼룡동.천안여자고등학교)', 102, '330-150'),
	(1535, '천안여자상업고등학교', '충청남도 천안시 동남구 천안여상로 44 (봉명동)', 101, '330-930'),
	(1536, '천안오성고등학교', '충청남도 천안시 서북구 과수원길 27 (성성동.천안오성고등학교)', 102, '331-300'),
	(1537, '천안월봉고등학교', '충청남도 천안시 서북구 불당11로 51 (불당동)', 102, '331-983'),
	(1538, '천안제일고등학교', '충청남도 천안시 동남구 버들로 71 (원성동.천안제일고등학교)', 102, '330-952'),
	(1539, '천안중앙고등학교', '충청남도 천안시 동남구 충절로 91 (원성동.천안중앙고등학교)', 102, '330-953'),
	(1540, '천안청수고등학교', '충청남도 천안시 동남구 청수로 82-46 (청수동.청수고등학교)', 102, '330-190'),
	(1541, '충남예술고등학교', '충청남도 천안시 서북구 성거읍 천흥2길 42 (성거읍.충남예술고등학교)', 104, '331-836'),
	(1542, '한마음고등학교', '충청남도 천안시 동남구 동면 장송1길 47-24 (동면.한마음고등학교)', 105, '330-872'),
	(1543, '공주고등학교', '충청남도 공주시 공주고담길 2 (중학동.공주고등학교)', 102, '314-070'),
	(1544, '공주금성여자고등학교', '충청남도 공주시 무령로 103 (웅진동.공주금성여자고등학교)', 102, '314-020'),
	(1545, '공주대학교사범대학부설고등학교', '충청남도 공주시 봉황로 75 (반죽동. 공주대학교사범대학부설고등학교)', 102, '314-801'),
	(1546, '공주마이스터고등학교', '충청남도 공주시 유구읍 중앙1길 27-12 (유구읍.공주마이스터고등학교)', 104, '314-892'),
	(1547, '공주생명과학고등학교', '충청남도 공주시 금벽로 317 (신관동.공주생명과학고등학교)', 101, '314-803'),
	(1548, '공주여자고등학교', '충청남도 공주시 공주여고길 14-1 (금학동.공주여자고등학교)', 102, '314-080'),
	(1549, '공주영명고등학교', '충청남도 공주시 영명학당2길 33 (중동.공주영명중고등학교)', 102, '314-050'),
	(1550, '공주정보고등학교', '충청남도 공주시 마근동길 29 (금흥동.공주정보고등학교)', 101, '314-140'),
	(1551, '충남과학고등학교', '충청남도 공주시 반포면 금벽로 1351-15 (반포면.충남과학고등학교)', 104, '314-922'),
	(1552, '한일고등학교', '충청남도 공주시 정안면 어물길 81 (정안면.한일고등학교)', 102, '314-714'),
	(1553, '대천고등학교', '충청남도 보령시 대고로 58 (죽정동.체육관동)', 102, '355-120'),
	(1554, '대천여자고등학교', '충청남도 보령시 중앙로 264 (대천동.대천여자고등학교)', 102, '355-931'),
	(1555, '대천여자상업고등학교', '충청남도 보령시 여상길 26-75 . 60 (내항동)', 101, '355-080'),
	(1556, '웅천고등학교', '충청남도 보령시 웅천읍 방축길 87 (웅천읍)', 102, '355-853'),
	(1557, '주산산업고등학교', '충청남도 보령시 주산면 만세운동길 58 (주산면)', 101, '355-861'),
	(1558, '충남해양과학고등학교', '충청남도 보령시 대천항로 212 (신흑동.대천서중학교)', 101, '355-944'),
	(1559, '배방고등학교', '충청남도 아산시 배방읍 배방산길359번길 61 (배방읍)', 102, '336-854'),
	(1560, '설화고등학교', '충청남도 아산시 배방읍 용연로 111 설화고등학교', 102, '336-857'),
	(1561, '아산고등학교', '충청남도 아산시 번영로115번길 21 (온천동.아산고등학교)', 102, '336-010'),
	(1562, '아산전자기계고등학교', '충청남도 아산시 둔포면 둔포중앙로133번길 42 (둔포면.둔포고등학교)', 101, '336-872'),
	(1563, '온양고등학교', '충청남도 아산시 온천대로 1411 (온천동)', 102, '336-010'),
	(1564, '온양여자고등학교', '충청남도 아산시 온여고길21번길 24 (풍기동.온양여자고등학교)', 102, '336-060'),
	(1565, '온양용화고등학교', '충청남도 아산시 용화고길 10 (용화동)', 102, '336-050'),
	(1566, '온양한올고등학교', '충청남도 아산시 청운로 158 (권곡동.온양한올중고등학교)', 102, '336-030'),
	(1567, '충남삼성고등학교', '충청남도 아산시 탕정면 삼성로 77', 103, '336-741'),
	(1568, '충남외국어고등학교', '충청남도 아산시 탕정면 탕정면로 53-60 (탕정면)', 104, '336-841'),
	(1569, '대산고등학교', '충남 서산시 대산읍 대산1로 36 (대산읍)', 103, '356-873'),
	(1570, '부석고등학교', '충청남도 서산시 부석면 무학로 1180-9 (부석면.부석고등학교)', 102, '356-895'),
	(1571, '서령고등학교', '충청남도 서산시 서령로 117-1 (동문동.서령고등학교)', 102, '356-802'),
	(1572, '서산고등학교', '충청남도 서산시 해미면 서문3길 37 (해미면.서산고등학교)', 102, '356-826'),
	(1573, '서산여자고등학교', '충청남도 서산시 정주골6길 27 (석림동.서산여자고등학교)', 102, '356-818'),
	(1574, '서산중앙고등학교', '충청남도 서산시 벌말1길 23 (동문동.서산중앙고등학교)', 102, '356-800'),
	(1575, '서일고등학교', '충청남도 서산시 지곡면 화천3길 56 (지곡면.서일고등학교)', 102, '356-863'),
	(1576, '운산공업고등학교', '충청남도 서산시 운산면 운암로 1072-12 (운산면.운산공업고등학교)', 101, '356-832'),
	(1577, '강경고등학교', '충청남도 논산시 강경읍 계백로 188 (강경읍.강경고등학교)', 103, '320-901'),
	(1578, '강상고등학교', '충청남도 논산시 강경읍 계백로 220 (강경읍.강상고등학교)', 101, '320-901'),
	(1579, '건양대학교병설건양고등학교', '충청남도 논산시 양촌면 황산벌로 486-21 . 건양대학교병설건양고등학교 (양촌면.건양고등학교)', 102, '320-852'),
	(1580, '논산고등학교', '충청남도 논산시 시민로 173-9 (내동.논산고등학교)', 103, '320-030'),
	(1581, '논산공업고등학교', '충청남도 논산시 시민로 365 (취암동.논산공업고등학교)', 101, '320-804'),
	(1582, '논산대건고등학교', '충청남도 논산시 논산대로 119 . 논산대건고등학교 (등화동)', 102, '320-060'),
	(1583, '논산여자고등학교', '충청남도 논산시 중앙로 325 (취암동)', 102, '320-804'),
	(1584, '논산여자상업고등학교', '충청남도 논산시 시민로 197 (강산동.논산여상)', 101, '000-000'),
	(1585, '쌘뽈여자고등학교', '충청남도 논산시 시민로 411 (부창동.쌘뽈여중고등학교)', 102, '320-080'),
	(1586, '연무고등학교', '충청남도 논산시 연무읍 동안로887번길 5 (연무읍.연무고등학교)', 102, '320-833'),
	(1587, '연무대기계공업고등학교', '충청남도 논산시 연무읍 연무로 268-9 (연무읍.연무대기계공고)', 104, '320-834'),
	(1588, '충남인터넷고등학교', '충청남도 논산시 연산면 계백로 1958-16 (연산면.충남인터넷고등학교)', 101, '320-872'),
	(1589, '충남체육고등학교', '충청남도 논산시 체육로 82 (취암동.충남체육고등학교)', 104, '000-000'),
	(1590, '계룡고등학교', '충청남도 계룡시 두마면 서금암로 89 (두마면.계룡고등학교)', 102, '321-912'),
	(1591, '용남고등학교', '충청남도 계룡시 신도안면 신도안1길 32 (신도안면.용남고등학교)', 103, '321-924'),
	(1592, '금산고등학교', '충청남도 금산군 금산읍 탑선길 5 (금산읍.금산중고등학교)', 102, '312-807'),
	(1593, '금산산업고등학교', '충청남도 금산군 금산읍 진악로 1003 (금산읍.금산산업고등학교)', 101, '312-805'),
	(1594, '금산여자고등학교', '충청남도 금산군 금산읍 인삼로 21 (금산읍.금산여자고등학교)', 102, '312-805'),
	(1595, '금산하이텍고등학교', '충청남도 금산군 진산면 대둔산로 412 (진산면.진산읍공업고등학교)', 101, '312-933'),
	(1596, '부여고등학교', '충청남도 부여군 부여읍 금성로91번길 3 (부여읍.부여고등학교)', 102, '323-802'),
	(1597, '부여여자고등학교', '충청남도 부여군 부여읍 부소로 47 (부여읍.부여여자고등학교)', 102, '323-808'),
	(1598, '부여전자고등학교', '충청남도 부여군 임천면 충절로 1027 (임천면.부여전자고등학교)', 101, '323-923'),
	(1599, '부여정보고등학교', '충청남도 부여군 규암면 충절로2316번길 24 (규암면.부여정보고등학교)', 101, '323-811'),
	(1600, '충남발효식품고등학교', '충청남도 부여군 홍산면 홍산로 112-23 (홍산면.부여산업과학고등학교)', 101, '323-841'),
	(1601, '공동체비전고등학교', '충청남도 서천군 서천읍 서문로 327 . 공동체비전고등학교 (서천읍.학교법인선천학원공동체비젼고등학교)', 105, '325-805'),
	(1602, '서천고등학교', '충남 서천군 서천읍 사곡로43번길 13-16 (서천읍.서천고등학교)', 102, '325-806'),
	(1603, '서천여자고등학교', '충청남도 서천군 서천읍 군청로 84 ()', 103, '325-802'),
	(1604, '서천여자정보고등학교', '충청남도 서천군 서천읍 화금서길 45 . 서천여자정보고등학교 (서천읍.서림여자정보고등학교)', 101, '325-804'),
	(1605, '장항고등학교', '충청남도 서천군 장항읍 성화로193번길 6 (장항읍.장항고등학교)', 102, '325-901'),
	(1606, '충남디자인예술고등학교', '충청남도 서천군 한산면 한마로 114 (한산면.충남디자인예술고등학교)', 104, '325-844'),
	(1607, '충남조선공업고등학교', '충청남도 서천군 장항읍 신창서로 77 (장항읍.장항공업고등학교)', 101, '325-908'),
	(1608, '정산고등학교', '충청남도 청양군 정산면 칠갑산로 1897 (정산면.정산고등학교)', 102, '345-814'),
	(1609, '청양고등학교', '충청남도 청양군 청양읍 문화예술로 149 (청양읍.청양고등학교)', 102, '000-000'),
	(1610, '갈산고등학교', '충청남도 홍성군 갈산면 상촌로9번길 39 (갈산면.갈산중학교)', 102, '350-853'),
	(1611, '광천고등학교', '충청남도 홍성군 광천읍 광천로373번길 14 (광천고등학교)', 102, '350-906'),
	(1612, '광천제일고등학교', '충청남도 홍성군 광천읍 홍남로 695 (광천읍.광천제일고등학교)', 102, '350-902'),
	(1613, '서해삼육고등학교', '충청남도 홍성군 광천읍 홍남로705번길 23 (광천읍.서해삼육고등학교)', 102, '350-902'),
	(1614, '홍성고등학교', '충청남도 홍성군 홍성읍 충서로1575번길 10 (홍성읍.홍성고등학교)', 102, '350-805'),
	(1615, '홍성공업고등학교', '충청남도 홍성군 결성면 구성남로 55 (결성면.홍성공업고등학교)', 101, '350-873'),
	(1616, '홍성여자고등학교', '충청남도 홍성군 홍성읍 도청대로93번길 13-17 (홍성읍.홍성여자고등학교)', 102, '350-804'),
	(1617, '홍주고등학교', '충청남도 홍성군 홍성읍 문화로 78 (홍성읍.홍주중.고등학교)', 102, '350-817'),
	(1618, '대흥고등학교', '충청남도 예산군 대흥면 예당로 845 (대흥면.대흥중고등학교)', 102, '340-843'),
	(1619, '덕산고등학교', '충청남도 예산군 봉산면 하평1길 46 (봉산면.덕산고등학교)', 103, '340-943'),
	(1620, '삽교고등학교', '충청남도 예산군 삽교읍 삽교로 161 (삽교읍.삽교고등학교)', 102, '340-902'),
	(1621, '예산고등학교', '충청남도 예산군 예산읍 예산로 101 예산고등학교', 102, '340-809'),
	(1622, '예산여자고등학교', '충청남도 예산군 예산읍 주교로 36 (예산읍.예산여자고등학교)', 102, '340-809'),
	(1623, '예산예화여자고등학교', '충청남도 예산군 예산읍 예산로 117 (예산읍.예산예화여자고등학교)', 102, '340-804'),
	(1624, '예산전자공업고등학교', '충청남도 예산군 예산읍 벚꽃로351번길 21 (예산읍.예산전자공업고등학교)', 101, '340-802'),
	(1625, '만리포고등학교', '충청남도 태안군 소원면 서해로 631 (소원면.만리포고등학교)', 102, '357-933'),
	(1626, '안면고등학교', '충청남도 태안군 안면읍 조운막터길 73 (안면읍.안면고등학교)', 102, '357-962'),
	(1627, '태안고등학교', '충청남도 태안군 태안읍 백화로 251 (태안읍.태안고등학교)', 102, '357-908'),
	(1628, '태안여자고등학교', '충청남도 태안군 태안읍 원이로 7-1 (태안읍.태안여고)', 102, '357-902'),
	(1629, '당진고등학교', '충청남도 당진시 당진읍 백암로 219-20 (채운동)', 102, '343-806'),
	(1630, '당진정보고등학교', '충청남도 당진시 운학길 5 . 당진정보고등학교 (채운동.샤워장)', 101, '343-926'),
	(1631, '서야고등학교', '충청남도 당진시 합덕읍 덕평로 335-1 (합덕읍.보건실)', 102, '343-906'),
	(1632, '송악고등학교', '충청남도 당진시 송악읍 송악로 165 (송악읍.송악중고교)', 102, '343-822'),
	(1633, '신평고등학교', '충청남도 당진시 신평면 서해로 7076 (신평면.신평고등학교)', 102, '343-811'),
	(1634, '합덕여자고등학교', '충청남도 당진시 합덕읍 면천로 1583', 102, '343-903'),
	(1635, '합덕제철고등학교', '충청남도 당진시 합덕읍 면천로 1601 (합덕읍.창고)', 104, '343-903'),
	(1636, '호서고등학교', '충청남도 당진시 무수동로 340 (원당동.화장실)', 102, '343-920'),
	(1637, '동암고등학교', '전라북도 전주시 완산구 소태정4길 1 (효자동2가.동암고등학교)', 102, '560-801'),
	(1638, '상산고등학교', '전라북도 전주시 완산구 거마평로 130 (효자동1가.상산고등학교)', 103, '560-853'),
	(1639, '완산고등학교', '전라북도 전주시 완산구 능안자구길 55 (삼천동3가.완산고등학교)', 102, '560-293'),
	(1640, '완산여자고등학교', '전라북도 전주시 완산구 덕적골1길 60 . 전주완산여자고등학교 (평화동1가.전주완산여자고등학교)', 101, '560-841'),
	(1641, '우석고등학교', '전라북도 전주시 덕진구 쪽구름2길 22 (동산동.우석고등학교)', 102, '561-320'),
	(1642, '유일여자고등학교', '전라북도 전주시 덕진구 안덕원로 301 (인후동1가.유일여자고등학교)', 102, '561-829'),
	(1643, '전라고등학교', '전라북도 전주시 덕진구 솔내7길 25 (송천동1가.전라고등학교)', 102, '561-816'),
	(1644, '전북대학교사범대학부설고등학교', '전라북도 전주시 덕진구 백제대로 567 (덕진동1가.전북대학교)', 102, '561-756'),
	(1645, '전북여자고등학교', '전라북도 전주시 덕진구 여산로 232 (고랑동.전북여자고등학교)', 102, '561-340'),
	(1646, '전일고등학교', '전라북도 전주시 완산구 우전로 249 (효자동2가.전일고등학교)', 102, '560-859'),
	(1647, '전주고등학교', '전라북도 전주시 완산구 권삼득로 2 (중노송동.전주고등학교)', 102, '560-862'),
	(1648, '전주공업고등학교', '전라북도 전주시 덕진구 여산로 101 (여의동.전주공업고등학교)', 101, '561-330'),
	(1649, '전주근영여자고등학교', '전라북도 전주시 완산구 영경1길 11 전주근영여자고등학교', 102, '560-837'),
	(1650, '전주기전여자고등학교', '전라북도 전주시 완산구 유연로 133 (효자동3가.전주기전여자고등학교)', 102, '560-869'),
	(1651, '전주대학교사범대학부설고등학교', '전라북도 전주시 완산구 천잠로 313 (효자동3가.전주사대부고)', 102, '560-860'),
	(1652, '전주상업정보고등학교', '전라북도 전주시 완산구 따박골2길 21 (중화산동2가.전주상업정보고등학교)', 101, '560-838'),
	(1653, '전주생명과학고등학교', '전라북도 전주시 덕진구 안덕원로 195 (인후동2가.전주생명과학고등학교)', 101, '561-853'),
	(1654, '전주성심여자고등학교', '전라북도 전주시 완산구 경기전길 130 . 성심여자고등학교 (교동.성심여중고교)', 102, '560-710'),
	(1655, '전주솔내고등학교', '전라북도 전주시 덕진구 송천중앙로 170 (송천동1가.전주솔내고등학교)', 102, '561-816'),
	(1656, '전주신흥고등학교', '전라북도 전주시 완산구 서원로 399 . 전주신흥고등학교', 102, '560-835'),
	(1657, '전주여자고등학교', '전라북도 전주시 덕진구 모래내6길 14 (인후동2가.전주여자고등학교)', 102, '561-853'),
	(1658, '전주영생고등학교', '전라북도 전주시 완산구 천잠로 333 (효자동3가.영생고등학교)', 102, '560-860'),
	(1659, '전주제일고등학교', '전라북도 전주시 완산구 관선 5길 15', 102, '560-110'),
	(1660, '전주중앙여자고등학교', '전라북도 전주시 덕진구 석소로 25 (인후동1가.전주중앙여고교)', 102, '561-827'),
	(1661, '전주한일고등학교', '전라북도 전주시 완산구 백제대로 442 (서신동.전주한일고등학교)', 102, '560-818'),
	(1662, '전주해성고등학교', '전라북도 전주시 완산구 계룡산길 88 . 전주해성고등학교 (삼천동2가.해성중학교)', 102, '560-292'),
	(1663, '한국전통문화고등학교', '전라북도 전주시 완산구 중인1길 68-13 (중인동.한국전통문화고등학교)', 102, '560-295'),
	(1664, '호남제일고등학교', '전라북도 전주시 완산구 서원로 53 (효자동3가.호남제일고)', 102, '560-860'),
	(1665, '군산고등학교', '전라북도 군산시 팔마로 177 (동흥남동.군산고등학교)', 103, '573-200'),
	(1666, '군산기계공업고등학교', '전라북도 군산시 군중길 28 (송풍동.군산기계공업고등학교)', 104, '573-120'),
	(1667, '군산남고등학교', '전라북도 군산시 대야면 만자로 60 . 군산남고등학교 (대야면.군산남고등학교)', 102, '573-913'),
	(1668, '군산동고등학교', '전라북도 군산시 달여길 50 (개정동.군산동고등학교)', 102, '573-440'),
	(1669, '군산상업고등학교', '전라북도 군산시 석치1길 17 (문화동.군산상업고등학교)', 101, '573-874'),
	(1670, '군산여자고등학교', '전라북도 군산시 월명1길 16 (월명동.군산여자고등학교)', 102, '573-060'),
	(1671, '군산여자상업고등학교', '전라북도 군산시 신지길 42-8 (지곡동.군산여자상업고등학교)', 101, '573-390'),
	(1672, '군산영광여자고등학교', '전라북도 군산시 둔배미길 21 (중앙로2가.군산영광여자고등학교/영광중학교)', 102, '573-042'),
	(1673, '군산제일고등학교', '전라북도 군산시 경기장로 142 (조촌동.군산제일중고등학교)', 102, '573-883'),
	(1674, '군산중앙고등학교', '전라북도 군산시 성산면 군장대길 13 군산중앙고등학교', 103, '573-709'),
	(1675, '군산중앙여자고등학교', '전라북도 군산시 축동2길 27 (수송동.중앙여자고등학교)', 102, '573-370'),
	(1676, '전북외국어고등학교', '전라북도 군산시 해망로 525 (소룡동.전북외국어고등학교)', 104, '573-881'),
	(1677, '남성고등학교', '전라북도 익산시 동서로35길 41-4 (신동.남성고등학교)', 103, '570-974'),
	(1678, '성일고등학교', '전라북도 익산시 황등면 화강암로 229 (황등면.성일고등학교)', 102, '570-814'),
	(1679, '여산고등학교', '전북 익산시 여산면 가람로 465 (여산면.여산고등학교)', 102, '570-931'),
	(1680, '원광고등학교', '전라북도 익산시 무왕로31길 139 (부송동.원광고등학교)', 102, '570-972'),
	(1681, '원광여자고등학교', '전라북도 익산시 선화로13길 72 (모현동1가.원광여자고등학교)', 102, '570-968'),
	(1682, '원광정보예술고등학교', '전라북도 익산시 선화로13길 72 (모현동1가.원광여자고등학교)', 102, '570-968'),
	(1683, '이리고등학교', '전라북도 익산시 익산대로36길 35 (남중동.이리고등학교)', 102, '570-955'),
	(1684, '이리공업고등학교', '전라북도 익산시 동서로14길 30-2 (남중동.이리공업고등학교)', 101, '570-956'),
	(1685, '이리남성여자고등학교', '전라북도 익산시 동서로35길 41 (신동.남성여고)', 102, '570-974'),
	(1686, '이리여자고등학교', '전라북도 익산시 익산대로24길 8-5 (남중동.이리여자고등학교)', 102, '570-955'),
	(1687, '이일여자고등학교', '전라북도 익산시 평동로7길 30 . 이일여자고등학교 (인화동1가.이일여자중고교)', 102, '570-983'),
	(1688, '익산고등학교', '전라북도 익산시 금마면 고도길 85 (금마면.익산중고등학교)', 102, '570-912'),
	(1689, '전북과학고등학교', '전라북도 익산시 금마면 용순신기길 48-69 (금마면.전북과학고교)', 104, '570-911'),
	(1690, '전북기계공업고등학교', '전라북도 익산시 인북로32길 41 (남중동.전북기계공업고교)', 104, '570-954'),
	(1691, '전북제일고등학교', '전북 익산시 학곤로 19 (평화동 전북제일고등학교)', 102, '570-010'),
	(1692, '진경여자고등학교', '전라북도 익산시 황등서로 40-92 (황등면.익산진경여자고등학교)', 101, '570-814'),
	(1693, '함열고등학교', '전라북도 익산시 함열읍 와리3길 19-3 함열고등학교', 102, '570-804'),
	(1694, '함열여자고등학교', '전라북도 익산시 함열읍 익산대로 1852 (함열읍.함열여자고등학교)', 102, '570-801'),
	(1695, '배영고등학교', '전라북도 정읍시 동학로 243 (흑암동.배영고등학교)', 102, '580-220'),
	(1696, '서영여자고등학교', '전북 정읍시 명덕1길 66-10 (수성동.서영여자고등학교)', 102, '580-802'),
	(1697, '신태인고등학교', '전라북도 정읍시 신태인읍 서태길 108 . 신태인고등학교 (신태인읍.신태인고등학교)', 102, '580-905'),
	(1698, '왕신여자고등학교', '전라북도 정읍시 신태인읍 정신로 1094 (신태인읍.왕신여자고등학교)', 102, '580-905'),
	(1699, '인상고등학교', '전라북도 정읍시 신태인읍 벽골제로 34 (신태인읍.인상고등학교)', 102, '580-903'),
	(1700, '정읍고등학교', '전라북도 정읍시 정읍사로 594 (시기동.정읍고등학교)', 103, '580-808'),
	(1701, '정읍여자고등학교', '전라북도 정읍시 충정로 56-11 (상동.정읍여자고등학교)', 102, '580-800'),
	(1702, '정읍제일고등학교', '전북 정읍시 충정로 252 (수성동.정읍제일고등학교)', 101, '580-803'),
	(1703, '정주고등학교', '전라북도 정읍시 정주1길 42 (금붕동)', 102, '580-190'),
	(1704, '칠보고등학교', '전라북도 정읍시 칠보면 건흥2길 26-5 (칠보면.칠보고등학교)', 101, '580-943'),
	(1705, '태인고등학교', '전라북도 정읍시 태인면 석지로 1469 (태인면.태인중고등학교)', 102, '580-924'),
	(1706, '학산고등학교', '전라북도 정읍시 학산로 89 (상동.학산 중/고등학교)', 101, '580-800'),
	(1707, '호남고등학교', '전라북도 정읍시 정읍남로 1364-13 (시기동.호남중/고등학교)', 102, '580-060'),
	(1708, '남원고등학교', '전라북도 남원시 만인로 43 (향교동)', 102, '590-990'),
	(1709, '남원국악예술고등학교', '전라북도 남원시 용성로 323 (월락동.남원국악고등학교)', 102, '590-200'),
	(1710, '남원서진여자고등학교', '전라북도 남원시 낙현길 17-14 (월락동.서진여고)', 102, '590-200'),
	(1711, '남원여자고등학교', '전라북도 남원시 광천북길 229-11 . 남원여자고등학교 (왕정동.남원여자고등학교)', 102, '590-120'),
	(1712, '남원용성고등학교', '전라북도 남원시 농고길 41 (도통동.용성고등학교)', 101, '590-983'),
	(1713, '남원제일고등학교', '전라북도 남원시 노송로 1206 (노암동.남원제일고등학교)', 101, '590-090'),
	(1714, '성원고등학교', '전라북도 남원시 대복사길 41 (왕정동.성원고등학교)', 102, '590-120'),
	(1715, '인월고등학교', '전라북도 남원시 인월면 인월장터로 48', 102, '590-843'),
	(1716, '한국경마축산고등학교', '전라북도 남원시 운봉읍 황산로 952 . 한국경마축산고등학교 (운봉읍.한국경마축산고등학교)', 104, '590-831'),
	(1717, '김제고등학교', '전라북도 김제시 남북2길 25 (신풍동.김제고등학교)', 102, '576-804'),
	(1718, '김제서고등학교', '전라북도 김제시 죽산면 해학로 17 (죽산면.김제서고등학교)', 102, '576-832'),
	(1719, '김제여자고등학교', '전라북도 김제시 중앙로 193 (신풍동.김제여고)', 102, '576-802'),
	(1720, '김제자영고등학교', '전라북도 김제시 남북9길 23 (신풍동.자영고등학교)', 101, '576-804'),
	(1721, '덕암고등학교', '전라북도 김제시 하공로 9 (서암동.덕암학원)', 102, '576-120'),
	(1722, '덕암정보고등학교', '전라북도 김제시 하공로 9 (서암동.덕암정보고등학교)', 101, '576-120'),
	(1723, '동국대학교사범대학부속금산고등학교', '전라북도 김제시 금산면 모악로 47 (금산면.금산 중고등학교)', 102, '576-962'),
	(1724, '만경고등학교', '전라북도 김제시 만경읍 능제로 29 (만경읍.만경고등학교)', 102, '576-862'),
	(1725, '만경여자고등학교', '전라북도 김제시 만경읍 만경로 823 (만경읍.만경여중)', 102, '576-862'),
	(1726, '지평선고등학교', '전라북도 김제시 성덕면 성동길 183-4 . 지평선고등학교 (성덕면.지평선 중고등학교)', 105, '576-841'),
	(1727, '고산고등학교', '전라북도 완주군 고산면 고산천로 551-23 (고산면.고산고등학교)', 102, '565-861'),
	(1728, '삼례공업고등학교', '전라북도 완주군 삼례읍 삼례역로 41-1 (삼례읍.삼례공업고등학교)', 101, '565-805'),
	(1729, '세인고등학교', '전라북도 완주군 화산면 화산로 1486 (화산면.세인고등학교)', 105, '565-883'),
	(1730, '완주고등학교', '전라북도 완주군 봉동읍 봉동로 172 (봉동읍.완주고등학교)', 102, '565-907'),
	(1731, '전북체육고등학교', '전라북도 완주군 소양면 원암로 46 (소양면.전북체육중고교)', 104, '565-844'),
	(1732, '전주예술고등학교', '전라북도 완주군 구이면 신전길 120 (구이면.전주예술중학교)', 104, '565-824'),
	(1733, '한국게임과학고등학교', '전라북도 완주군 운주면 대둔산로 1336 (운주면.한국게임과학고등학교)', 101, '565-913'),
	(1734, '한별고등학교', '전라북도 완주군 삼례읍 충혼안길 20 (삼례읍.한별고등학교)', 102, '565-802'),
	(1735, '마령고등학교', '전라북도 진안군 마령면 임진로 2076 (마령면.마령고등학교)', 102, '567-872'),
	(1736, '안천고등학교', '전라북도 진안군 안천면 진무로 3071-9 (안천면.안천 초.중고등학교)', 102, '567-852'),
	(1737, '진안공업고등학교', '전라북도 진안군 진안읍 상역로 96 (진안읍.진안공업고등학교)', 101, '567-805'),
	(1738, '진안제일고등학교', '전북 진안군 진안읍 대광3길 25-5 (진안읍.진안제일고등학교)', 102, '567-806'),
	(1739, '한국한방고등학교', '전라북도 진안군 진안읍 임진로 2765 (진안읍.한국한방고등학교)', 101, '567-807'),
	(1740, '무주고등학교', '전라북도 무주군 무주읍 한수로 32 (무주읍.무주고등학교)', 102, '568-805'),
	(1741, '무풍고등학교', '전라북도 무주군 무풍면 대덕산로 914 (무풍면.무풍중고등학교)', 102, '568-821'),
	(1742, '설천고등학교', '전라북도 무주군 설천면 하평지길 19 (설천면.설천고등학교)', 102, '568-816'),
	(1743, '안성고등학교', '전라북도 무주군 안성면 구량천로 147 (안성면.안성고등학교)', 102, '568-844'),
	(1744, '푸른꿈고등학교', '전라북도 무주군 안성면 진성로 2312-9 (안성면.푸른꿈고등학교)', 105, '568-844'),
	(1745, '백화여자고등학교', '전라북도 장수군 장계면 백화로 4-31 (장계면.백화여자고등학교)', 102, '597-842'),
	(1746, '산서고등학교', '전라북도 장수군 산서면 보산로 1852-6 (산서면.산서중고등학교)', 102, '597-822'),
	(1747, '장계공업고등학교', '전라북도 장수군 장계면 장계7길 3 (장계면.장계 공업 고등학교)', 101, '597-842'),
	(1748, '장수고등학교', '전라북도 장수군 장수읍 장천로 254-16 (장수읍.장수고등학교)', 102, '597-803'),
	(1749, '한국마사고등학교', '전라북도 장수군 장계면 명덕길 14 (장계면.한국마사고등학교)', 102, '597-843'),
	(1750, '오수고등학교', '전라북도 임실군 오수면 충효로 2099-23 (오수면.오수고등학교)', 101, '566-895'),
	(1751, '임실고등학교', '전라북도 임실군 임실읍 봉황로 257 (임실읍.임실고등학교)', 102, '566-805'),
	(1752, '한국치즈과학고등학교', '전라북도 임실군 강진면 갈담3길 48 (강진면.한국치즈과학고등학교)', 101, '566-862'),
	(1753, '동계고등학교', '전라북도 순창군 동계면 강동로 74 (동계면.동계중고교)', 102, '595-821'),
	(1754, '순창고등학교', '전라북도 순창군 순창읍 옥천로 67-14 (순창읍.순창고교)', 102, '595-805'),
	(1755, '순창제일고등학교', '전라북도 순창군 순창읍 담순로 1411 (순창읍.순창제일고교)', 102, '595-804'),
	(1756, '강호항공고등학교', '전라북도 고창군 고창읍 중거리당산로 78-22 (고창읍.강호항공고등학교)', 101, '585-802'),
	(1757, '고창고등학교', '전라북도 고창군 고창읍 모양성로 50 (고창읍.고창고등학교)', 102, '585-801'),
	(1758, '고창북고등학교', '전라북도 고창군 흥덕면 선운대로 3714-32 (흥덕면.고창북고등학교)', 102, '585-821'),
	(1759, '고창여자고등학교', '전라북도 고창군 고창읍 모양성로 95 (고창읍.고창여자고등학교)', 102, '585-801'),
	(1760, '영선고등학교', '전라북도 고창군 무장면 왕제산로 713 (무장면.영선중고등학교)', 102, '585-881'),
	(1761, '해리고등학교', '전라북도 고창군 해리면 해리중앙로 146 (해리면.해리고등학교)', 102, '585-894'),
	(1762, '백산고등학교', '전라북도 부안군 백산면 백산로 379 (백산면.백산중고등학교)', 102, '579-932'),
	(1763, '부안고등학교', '전라북도 부안군 부안읍 문정로 32 (부안읍.부안고등학교)', 102, '579-805'),
	(1764, '부안여자고등학교', '전라북도 부안군 부안읍 교동1길 54 (부안읍.부안여자고등학교)', 102, '579-805'),
	(1765, '부안여자상업고등학교', '전라북도 부안군 부안읍 용암로 70-5 (부안읍.부안여자상업고등학교)', 101, '579-805'),
	(1766, '부안제일고등학교', '전라북도 부안군 행안면 춘헌길 1 (행안면.부안제일고등학교)', 101, '579-832'),
	(1767, '위도고등학교', '전라북도 부안군 위도면 위도로 245 (위도면.위도중고교)', 102, '579-914'),
	(1768, '줄포자동차공업고등학교', '전라북도 부안군 줄포면 우포로 10 . 줄포자동차공업고등학교 (줄포면.줄포자동차공업고등학교)', 101, '579-883'),
	(1769, '목상고등학교', '전라남도 목포시 소영길 13 (용당동.목상고등학교)', 102, '530-834'),
	(1770, '목포고등학교', '전라남도 목포시 산정로224번길 11 (용당동.목포고등학교)', 103, '530-835'),
	(1771, '목포공업고등학교', '전라남도 목포시 용당로 100 (용당동)', 101, '530-833'),
	(1772, '목포덕인고등학교', '전라남도 목포시 죽선로 39-2 (죽교동.덕인고등학교)', 102, '530-843'),
	(1773, '목포마리아회고등학교', '전라남도 목포시 양을로 229 (용당동.마리아회고등학교)', 102, '530-360'),
	(1774, '목포성신고등학교', '전라남도 목포시 상동로 87-1 (상동) 목포성신고등학교', 101, '530-823'),
	(1775, '목포여자고등학교', '전라남도 목포시 청호로 34 (대성동 40-1)', 102, '530-802'),
	(1776, '목포여자상업고등학교', '전라남도 목포시 영산로 413-1 (상동)', 101, '530-823'),
	(1777, '목포정명여자고등학교', '전라남도 목포시 삼일로 45 (양동)', 102, '530-330'),
	(1778, '목포제일여자고등학교', '전라남도 목포시 삼향천로 85 (옥암동.목포제일여자고등학교)', 102, '530-831'),
	(1779, '목포중앙고등학교', '전라남도 목포시 지적로 36 (대양동)', 101, '530-410'),
	(1780, '목포혜인여자고등학교', '전라남도 목포시 죽선로 39-2 . 목포혜인여자고등학교', 102, '530-843'),
	(1781, '목포홍일고등학교', '전라남도 목포시 북항로59번길 18 (죽교동) 575-1', 102, '530-846'),
	(1782, '문태고등학교', '전라남도 목포시 용당로 138 (용당동.문태중.고등학교)', 102, '530-833'),
	(1783, '영흥고등학교', '전라남도 목포시 삼각로43번길 9 (상동.학교법인유집학원)', 102, '530-822'),
	(1784, '부영여자고등학교', '전라남도 여수시 안산1길 172-9 (안산동.부영여자고등학교)', 102, '555-050'),
	(1785, '여남고등학교', '전라남도 여수시 남면 우실해안길 5 (남면.여남중고등학교)', 102, '556-843'),
	(1786, '여수고등학교', '전라남도 여수시 공화남3길 10 (수정동.여수고등학교)', 103, '550-030'),
	(1787, '여수공업고등학교', '전라남도 여수시 군자길 75 (군자동.종고중학교)', 101, '550-809'),
	(1788, '여수석유화학고등학교', '전라남도 여수시 대통1길 45 (화장동.여수석유화학고등학교)', 104, '555-110'),
	(1789, '여수여자고등학교', '전라남도 여수시 관문1길 41 (관문동.여수여자고등학교)', 102, '550-070'),
	(1790, '여수정보과학고등학교', '전라남도 여수시 여문2로 148 (문수동.여수정보과학고등학교)', 101, '550-817'),
	(1791, '여수중앙여자고등학교', '전라남도 여수시 덕충6길 79 . 중앙여자고등학교 (덕충동.여수중앙여자고등학교)', 102, '550-812'),
	(1792, '여수충무고등학교', '전라남도 여수시 미평7길 16 (미평동)', 102, '550-240'),
	(1793, '여수해양과학고등학교', '전라남도 여수시 돌산읍 돌산로 1201-18 여수해양과학고등학교', 101, '556-901'),
	(1794, '여수화양고등학교', '전라남도 여수시 화양면 화동로 203 (화양면.여수화양고등학교)', 102, '556-822'),
	(1795, '여양고등학교', '전라남도 여수시 소라면 덕양로 345 (소라면.여양고등학교)', 102, '556-813'),
	(1796, '여천고등학교', '전라남도 여수시 가곡길 63 (선원동.여천고등학교)', 102, '555-800'),
	(1797, '진성여자고등학교', '전라남도 여수시 봉강서4길 3 (봉강동.진성여자 고등학교)', 101, '550-160'),
	(1798, '한영고등학교', '전라남도 여수시 장군산길 18-43 (여서동.한영고등학교)', 102, '550-260'),
	(1799, '순천강남여자고등학교', '전라남도 순천시 조례1길 43 (조례동.강남여자고등학교)', 102, '540-964'),
	(1800, '순천고등학교', '전라남도 순천시 우석로 191 (인제동.창고)', 103, '540-160'),
	(1801, '순천공업고등학교', '전라남도 순천시 유동길 50 (조례동1160번지.순천공업고등학교)', 101, '540-967'),
	(1802, '순천금당고등학교', '전라남도 순천시 기적의도서관1길 34 (조례동.금당고등학교)', 102, '540-968'),
	(1803, '순천매산고등학교', '전남 순천시 영동길 58 (매곡동.매산고등학교)', 102, '540-948'),
	(1804, '순천매산여자고등학교', '전라남도 순천시 매산길 43 (매곡동.매산여자고등학교)', 102, '540-948'),
	(1805, '순천복성고등학교', '전라남도 순천시 해룡면 복성길 17 . 순천복성고등학교 (해룡면)', 102, '540-853'),
	(1806, '순천여자고등학교', '전라남도 순천시 저전길 54', 102, '540-180'),
	(1807, '순천전자고등학교', '전라남도 순천시 서면 순천로 86 (서면.순천전자고등학교)', 101, '540-813'),
	(1808, '순천제일고등학교', '전라남도 순천시 중앙로 491-8 (가곡동.제일고등학교)', 102, '540-080'),
	(1809, '순천청암고등학교', '전라남도 순천시 녹색로 1641 . 순천청암고등학교 (덕월동.청암고등학교)', 101, '540-743'),
	(1810, '순천팔마고등학교', '전라남도 순천시 삼산로 140 . 순천팔마고등학교 (용당동.급식및 강당)', 102, '540-957'),
	(1811, '순천효산고등학교', '전라남도 순천시 삼산로 104 (용당동.효산고등학교)', 101, '540-957'),
	(1812, '순천효천고등학교', '전라남도 순천시 녹색로 1360 (대룡동.효천고등학교)', 102, '540-250'),
	(1813, '한국바둑고등학교', '전라남도 순천시 주암면 구산강변길 44-25 (주암면.한국바둑고등학교)', 101, '540-842'),
	(1814, '광남고등학교', '전라남도 나주시 남평읍 남평향교길 19 (남평읍.광남고등학교)', 102, '520-843'),
	(1815, '금성고등학교', '전라남도 나주시 건재로 41 (경현동.금성고등학교)', 102, '520-120'),
	(1816, '나주고등학교', '전라남도 나주시 나주천2길 26 (교동.나주고등학교)', 103, '520-030'),
	(1817, '나주공업고등학교', '전라남도 나주시 건재로 43 (대호동.나주공업고등학교)', 101, '520-180'),
	(1818, '나주상업고등학교', '전라남도 나주시 함박산길 23-4 (청동.나주상업고)', 101, '520-150'),
	(1819, '봉황고등학교', '전라남도 나주시 봉황면 봉황로 656-20 (봉황면.봉황고등학교)', 102, '520-852'),
	(1820, '영산고등학교', '전라남도 나주시 영강길 32 (삼영동.영산고등학교)', 102, '520-230'),
	(1821, '전남과학고등학교', '전라남도 나주시 금천면 오강길 33 (금천면)', 104, '520-824'),
	(1822, '전남미용고등학교', '전라남도 나주시 영산포로 182-9 (영산동.전남미용고등학교)', 101, '520-240'),
	(1823, '전남외국어고등학교', '전라남도 나주시 영나로 2434 (용산동.전남외국어고등학교)', 104, '520-250'),
	(1824, '호남원예고등학교', '전라남도 나주시 금천면 영산로 5691 (금천면.호남원예고등학교)', 101, '520-824'),
	(1825, '광양고등학교', '전라남도 광양시 봉강면 매천로 667 (봉강면.광양고등학교)', 103, '545-812'),
	(1826, '광양백운고등학교', '전라남도 광양시 중마로 250 (중동.광양백운고등학교)', 102, '545-880'),
	(1827, '광양실업고등학교', '전라남도 광양시 광양읍 신재로 106 (광양읍.광양실업고등학교)', 101, '545-804'),
	(1828, '광양여자고등학교', '전라남도 광양시 광양읍 인덕로 1039 (광양읍.광양여자고등학교)', 102, '545-808'),
	(1829, '광양제철고등학교', '전라남도 광양시 마로니에길 61 (금호동.광양제철고등학교)', 103, '545-875'),
	(1830, '광영고등학교', '전라남도 광양시 가야로 322 (광영동.광영고등학교)', 102, '545-870'),
	(1831, '중마고등학교', '전라남도 광양시 등논4길 40 (마동.광양중마고등학교)', 102, '545-070'),
	(1832, '한국항만물류고등학교', '전남 광양시 진상면 신시길 177 한국항만물류고등학교 (진상면.진상중학교)', 104, '545-841'),
	(1833, '담양고등학교', '전라남도 담양군 담양읍 천변7길11 . 담양고등학교 (담양읍)', 102, '517-805'),
	(1834, '담양공업고등학교', '전라남도 담양군 담양읍 죽향대로 1072 (담양읍)', 101, '517-803'),
	(1835, '창평고등학교', '전라남도 담양군 창평면 창평로 582 (창평면)', 102, '517-883'),
	(1836, '한빛고등학교', '전라남도 담양군 대전면 추성1로 501-21 (대전면)', 105, '517-921'),
	(1837, '곡성고등학교', '전라남도 곡성군 곡성읍 학교로 119 (곡성읍)', 102, '516-804'),
	(1838, '옥과고등학교', '전라남도 곡성군 옥과면 대학로 99 (옥과면)', 102, '516-913'),
	(1839, '전남조리과학고등학교', '전라남도 곡성군 곡성읍 학교로 71 . 전남조리과학고등학교 (곡성읍)', 101, '516-801'),
	(1840, '한울고등학교', '전라남도 곡성군 목사동면 주목로 713 (목사동면)', 105, '516-842'),
	(1841, '구례고등학교', '전라남도 구례군 구례읍 봉성로 15-18 (구례읍.구례고등학교)', 102, '542-803'),
	(1842, '전남자연과학고등학교', '전라남도 구례군 구례읍 구례로 409 (구례읍.전남자연과학고등학교)', 101, '542-805'),
	(1843, '고흥고등학교', '전라남도 고흥군 고흥읍 학교길 23 (고흥읍.고흥고등학교)', 102, '548-804'),
	(1844, '고흥도화고등학교', '전라남도 고흥군 도화면 도화로 476 (도화면.고흥도화고등학교)', 101, '548-892'),
	(1845, '고흥산업과학고등학교', '전라남도 고흥군 고흥읍 고흥로 1637-13 (고흥읍.고흥산업과학고등학교)', 101, '548-804'),
	(1846, '고흥영주고등학교', '전라남도 고흥군 과역면 송학큰길 83 . 고흥영주고등학교', 101, '548-831'),
	(1847, '금산종합고등학교', '전라남도 고흥군 금산면 돈청길 25-17 (금산면.금산종합고등학교)', 102, '548-931'),
	(1848, '나로고등학교', '전라남도 고흥군 봉래면 종고길 34 (봉래면.단독주택)', 102, '548-943'),
	(1849, '녹동고등학교', '전라남도 고흥군 도양읍 비봉뚝길 108 (도양읍.교실)', 102, '548-907'),
	(1850, '다향고등학교', '전라남도 보성군 보성읍 녹차로 1364 (보성읍.구령대)', 101, '546-805'),
	(1851, '벌교고등학교', '전라남도 보성군 벌교읍 채동선로 115 (벌교읍.관사)', 102, '546-909'),
	(1852, '벌교상업고등학교', '전라남도 보성군 벌교읍 홍암로 61 벌교상업고등학교', 101, '546-906'),
	(1853, '벌교여자고등학교', '전라남도 보성군 벌교읍 채동선로 133 (벌교읍.벌교여자고등학교)', 102, '546-909'),
	(1854, '보성고등학교', '전라남도 보성군 보성읍 용문길 48 보성고등학교', 102, '546-804'),
	(1855, '보성정보통신고등학교', '전라남도 보성군 복내면 송재로 1926 (복내면.관사)', 101, '546-832'),
	(1856, '예당고등학교', '전라남도 보성군 득량면 예당길 155-12 (득량면.예당고등학교)', 102, '546-924'),
	(1857, '능주고등학교', '전라남도 화순군 능주면 죽수길 31-2 (능주면.능주고등학교)', 102, '519-813'),
	(1858, '전남기술과학고등학교', '전라남도 화순군 화순읍 실고길 44 (화순읍.전남기술과학고등학교)', 101, '519-950'),
	(1859, '화순고등학교', '전라남도 화순군 화순읍 진각로 31-9 (화순읍.화순고등학교)', 102, '519-807'),
	(1860, '화순이양고등학교', '전라남도 화순군 이양면 이양로 100-35 . 화순이양고등학교', 102, '519-863'),
	(1861, '장흥고등학교', '전라남도 장흥군 장흥읍 학사길 13 (장흥읍)', 102, '529-801'),
	(1862, '장흥관산고등학교', '전라남도 장흥군 관산읍 당월길 9 . 장흥관산고등학교', 102, '529-875'),
	(1863, '정남진산업고등학교', '전라남도 장흥군 장흥읍 행원강변길 8 (장흥읍)', 101, '529-803'),
	(1864, '한국말산업고등학교', '전라남도 장흥군 대덕읍 도청신월로 155 (대덕읍)', 101, '529-902'),
	(1865, '강진고등학교', '전라남도 강진군 강진읍 고성길 15-7 (강진읍.강진고등학교)', 102, '527-805'),
	(1866, '병영상업고등학교', '전라남도 강진군 병영면 하멜로 372', 101, '527-832'),
	(1867, '성요셉여자고등학교', '전라남도 강진군 강진읍 금릉2길 24 (강진읍.성요셉여자고등학교)', 102, '527-805'),
	(1868, '성전고등학교', '전라남도 강진군 성전면 별뫼로 367-9 (성전면.성전중학교)', 102, '527-812'),
	(1869, '전남생명과학고등학교', '전라남도 강진군 강진읍 교촌길 23 (강진읍.전남생명과학고등학교)', 104, '527-801'),
	(1870, '송지고등학교', '전라남도 해남군 송지면 미야길 158-16 (송지면.송지고등학교)', 102, '536-923'),
	(1871, '해남고등학교', '전라남도 해남군 해남읍 명문길 7 (해남읍.해남고등학교)', 103, '536-803'),
	(1872, '해남공업고등학교', '전라남도 해남군 해남읍 남외2길 7 (해남읍.해남공업고등학교)', 101, '536-805'),
	(1873, '화원고등학교', '전라남도 해남군 화원면 신평리길 25-19 (화원면.화원중고등학교)', 102, '536-884'),
	(1874, '황산고등학교', '전라남도 해남군 황산면 관두길 32 (황산고등학교)', 101, '536-862'),
	(1875, '구림공업고등학교', '전라남도 영암군 군서면 왕인로 453 (군서면.구림공고)', 101, '526-851'),
	(1876, '삼호고등학교', '전라남도 영암군 삼호읍 방아제로 84 (삼호읍.삼호고등학교)', 102, '526-897'),
	(1877, '영암고등학교', '전라남도 영암군 영암읍 영암초중고길 40 (영암읍.영암고등학교)', 102, '526-805'),
	(1878, '영암낭주고등학교', '전라남도 영암군 학산면 영산로 76-35 (학산면)', 102, '526-873'),
	(1879, '영암여자고등학교', '전라남도 영암군 영암읍 여중고길 12 (영암읍.영암여자고등학교)', 102, '526-804'),
	(1880, '영암전자과학고등학교', '전남 영암군 신북면 황금동로 16-13 (신북면.영암전자과학고등학교)', 101, '526-813'),
	(1881, '남악고등학교', '전라남도 무안군 삼향읍 남악4로60번길 24 (삼향읍.남악고등학교)', 103, '534-821'),
	(1882, '무안고등학교', '전라남도 무안군 무안읍 교촌길 50 무안고등학교', 102, '534-802'),
	(1883, '백제고등학교', '전라남도 무안군 무안읍 무안로 422 (무안읍.백제고등학교)', 102, '534-803'),
	(1884, '전남예술고등학교', '전라남도 무안군 삼향읍 삼향중앙로 31 (삼향읍.예향관)', 104, '534-823'),
	(1885, '전남체육고등학교', '전라남도 무안군 일로읍 일로로 126 전남체육고등학교', 104, '534-904'),
	(1886, '해제고등학교', '전라남도 무안군 해제면 현해로 1738-17 (해제면.해제고등학교)', 102, '534-874'),
	(1887, '현경고등학교', '전라남도 무안군 현경면 운해로 1551 (현경면.현경고등학교)', 102, '534-844'),
	(1888, '나산고등학교', '전라남도 함평군 나산면 함장로 2441-96 (나산면.나산고등학교)', 102, '525-863'),
	(1889, '전남보건고등학교', '전라남도 함평군 월야면 문화로 685-18 (월야면.전남보건고등학교)', 101, '525-884'),
	(1890, '학다리고등학교', '전라남도 함평군 학교면 학교길 77 (학교면.학다리고등학교)', 102, '525-814'),
	(1891, '함평고등학교', '전라남도 함평군 함평읍 함영로 1584-28 (함평읍.함평고등학교)', 102, '525-801'),
	(1892, '함평골프고등학교', '전라남도 함평군 함평읍 영수길 55 (함평읍.함평골프고등학교)', 101, '525-803'),
	(1893, '함평여자고등학교', '전남 함평군 함평읍 곤재로 13-7 (함평읍.함평여자고등학교)', 102, '525-803'),
	(1894, '법성고등학교', '전라남도 영광군 법성면 용덕로 66 (법성면)', 101, '513-871'),
	(1895, '영광고등학교', '전라남도 영광군 영광읍 옥당로 13-22 . 영광고등학교', 102, '513-804'),
	(1896, '영광공업고등학교', '전라남도 영광군 영광읍 월현로 34 (영광읍)', 101, '513-809'),
	(1897, '영광전자고등학교', '전라남도 영광군 염산면 칠산로 98-27 . 영광전자고등학교 (염산면)', 101, '513-862'),
	(1898, '영광정보산업고등학교', '전라남도 영광군 군남면 포천길 13', 101, '513-851'),
	(1899, '영산성지고등학교', '전라남도 영광군 백수읍 성지로 1218-6 (백수읍)', 105, '513-902'),
	(1900, '해룡고등학교', '전라남도 영광군 영광읍 중앙로 120 . 해룡고등학교 (영광읍)', 102, '513-802'),
	(1901, '문향고등학교', '전라남도 장성군 장성읍 문화로 94 (장성읍)', 102, '515-801'),
	(1902, '삼계고등학교', '전라남도 장성군 삼계면 사창로 47 (삼계면.삼계고등학교)', 101, '515-873'),
	(1903, '장성고등학교', '전라남도 장성군 장성읍 영천월산길 63 (장성고등학교)', 102, '515-805'),
	(1904, '장성실업고등학교', '전라남도 장성군 장성읍 단풍로 72 (장성읍.장성실업고등학교)', 101, '515-805'),
	(1905, '고금고등학교', '전라남도 완도군 고금면 고금로684번길 15 고금고등학교', 102, '537-871'),
	(1906, '노화고등학교', '전라남도 완도군 노화읍 노화로 763-36 (노화읍.노화고등학교)', 102, '537-848'),
	(1907, '약산고등학교', '전라남도 완도군 약산면 약산로 366 . 약산고등학교', 102, '537-881'),
	(1908, '완도고등학교', '전라남도 완도군 완도읍 개포로135번길 55 (완도읍.완도고교)', 102, '537-801'),
	(1909, '완도금일고등학교', '전라남도 완도군 금일읍 금일로 420 . 완도금일고등학교', 102, '537-901'),
	(1910, '완도수산고등학교', '전라남도 완도군 완도읍 장보고대로 141 (완도읍.완도수산고교)', 104, '537-801'),
	(1911, '조도고등학교', '전라남도 진도군 조도면 명지길 64 조도고등학교', 102, '539-912'),
	(1912, '진도고등학교', '전라남도 진도군 진도읍 동외4길 117-5 . 진도고등학교 (진도읍.진도고등학교)', 102, '539-803'),
	(1913, '진도국악고등학교', '전라남도 진도군 임회면 석교길 20-4 20-4', 104, '539-841'),
	(1914, '진도실업고등학교', '전라남도 진도군 진도읍 교동3길 10 (진도읍.진도실업고등학교)', 101, '539-801'),
	(1915, '도초고등학교', '전라남도 신안군 도초면 서남문로 1493-1 1493번지', 102, '535-891'),
	(1916, '비금고등학교', '전라남도 신안군 비금면 자항길 65 (비금면.비금중고등학교)', 102, '535-882'),
	(1917, '신안해양과학고등학교', '전라남도 신안군 압해읍 구항길 41 (압해읍.신안해양과학고등학교)', 101, '535-815'),
	(1918, '안좌고등학교', '전라남도 신안군 안좌면 중부로 790-7 . 안좌고등학교', 102, '535-843'),
	(1919, '임자고등학교', '전라남도 신안군 임자면 임자로 230-9 (임자면.임자고등학교)', 102, '535-832'),
	(1920, '지명고등학교', '전남 신안군 지도읍 해제지도로 1362 . 번지 (지도읍.지명고등학교)', 102, '535-802'),
	(1921, '하의고등학교', '전라남도 신안군 하의면 곰실길 11-8 (하의면.하의중고등학교)', 102, '535-934'),
	(1922, '경북과학고등학교', '경상북도 포항시 북구 우미길 93 (용흥동.경북과학고등학교)', 104, '791-811'),
	(1923, '기계고등학교', '경상북도 포항시 북구 기계면 기계로 218 (기계면.기계중종합고등학교)', 102, '791-824'),
	(1924, '대동고등학교', '경북 포항시 북구 우창서길 34 . 대동고등학교 (우현동.대동중학교)', 102, '791-814'),
	(1925, '동지고등학교', '경상북도 포항시 북구 용흥로 123 . 동지고등학교', 102, '791-170'),
	(1926, '동지여자고등학교', '경상북도 포항시 북구 용흥로 123 . 동지여자고등학교', 102, '791-811'),
	(1927, '두호고등학교', '경상북도 포항시 북구 학전로111번길 21 (두호동.두호고등학교)', 102, '791-804'),
	(1928, '서포고등학교', '경상북도 포항시 북구 죽장면 일광길2 (죽장면.고등학교)', 101, '791-911'),
	(1929, '세명고등학교', '경상북도 포항시 남구 새천년대로474번길 13 (대잠동.세명고등학교)', 102, '790-826'),
	(1930, '세화고등학교', '경북 포항시 북구 아치로 94 (우현동.세화고등학교)', 102, '791-814'),
	(1931, '영일고등학교', '경상북도 포항시 남구 연일읍 동문로 56 (영일고등학교)', 102, '790-882'),
	(1932, '오천고등학교', '경상북도 포항시 남구 오천읍 해병로 293 (오천읍.오천중고등학교)', 102, '790-908'),
	(1933, '유성여자고등학교', '경상북도 포항시 북구 우창로 43 (우현동.유성여자고등학교)', 102, '791-814'),
	(1934, '포항고등학교', '경상북도 포항시 북구 아호로 50 (학산동.포항고등학교)', 102, '791-180'),
	(1935, '포항과학기술고등학교', '경상북도 포항시 남구 구룡포읍 병포길52번길 17 (구룡포읍.구룡포여자종합중고등학교)', 101, '790-804'),
	(1936, '포항동성고등학교', '경상북도 포항시 남구 동해면 일월로41번길 26 (동해면.포항동성고등학교)', 102, '790-853'),
	(1937, '포항여자고등학교', '경상북도 포항시 북구 장미길 10 (학산동)', 102, '791-180'),
	(1938, '포항여자전자고등학교', '경상북도 포항시 북구 용흥로291번길 19 (용흥동.포항여자전자고등학교)', 101, '791-811'),
	(1939, '포항영신고등학교', '경북 포항시 북구 소티재로 107 (우현동.영신고등학교)', 102, '791-220'),
	(1940, '포항예술고등학교', '경상북도 포항시 북구 흥해읍 연화길 56 (흥해읍.포항예술고등학교)', 104, '791-944'),
	(1941, '포항이동고등학교', '경상북도 포항시 남구 희망대로 412 (이동.포항이동고등학교)', 102, '790-320'),
	(1942, '포항장성고등학교', '경상북도 포항시 북구 법원로 117 (장성동.포항장성고등학교)', 102, '791-851'),
	(1943, '포항제철고등학교', '경상북도 포항시 남구 지곡로212번길 40 . (지곡동)', 103, '790-834'),
	(1944, '포항제철공업고등학교', '경상북도 포항시 남구 지곡로 150 . 포항제철공업고등학교 (지곡동.포항제철공업고등학교)', 104, '790-834'),
	(1945, '포항중앙고등학교', '경상북도 포항시 북구 소티재로151번길 11 (우현동.포항중앙고등학교)', 102, '791-814'),
	(1946, '포항중앙여자고등학교', '경상북도 포항시 북구 소티재로151번길 7 (우현동.포항중앙여자고등학교)', 102, '791-814'),
	(1947, '포항해양과학고등학교', '경상북도 포항시 북구 여남포길21번길 18 (여남동.포항해양과학고등학교)', 101, '791-290'),
	(1948, '흥해공업고등학교', '경상북도 포항시 북구 흥해읍 동해대로1475번길 42 (흥해읍.흥해공업고등학교)', 101, '791-947'),
	(1949, '감포고등학교', '경상북도 경주시 감포읍 감포로12길 20 (감포읍.감포중학교/감포중고등학교)', 102, '780-832'),
	(1950, '경주고등학교', '경상북도 경주시 원효로 231 (황오동.경주고등학교)', 102, '780-956'),
	(1951, '경주공업고등학교', '경상북도 경주시 금성로 209 (사정동.경주공업고등학교)', 101, '780-939'),
	(1952, '경주디자인고등학교', '경상북도 경주시 현곡면 용담로 694 (현곡면.경주디자인고등학교)', 101, '780-921'),
	(1953, '경주마케팅고등학교', '경상북도 경주시 산내면 문복로 1797-27 (산내면.산내상업고등학교)', 101, '780-883'),
	(1954, '경주여자고등학교', '경상북도 경주시 금성로 437 (성건동.경주여자고등학교)', 102, '780-944'),
	(1955, '경주여자정보고등학교', '경상북도 경주시 시동로 90 . 경주여자정보고등학교 (시래동)', 101, '780-460'),
	(1956, '경주정보고등학교', '경상북도 경주시 충효7길 19 (충효동.경주정보고등학교)', 101, '780-972'),
	(1957, '경주화랑고등학교', '경상북도 경주시 양북면 장항재동길 41 (양북면.경주화랑고등학교)', 105, '780-894'),
	(1958, '계림고등학교', '경상북도 경주시 용담로 122 (황성동.계림고등학교)', 102, '780-955'),
	(1959, '근화여자고등학교', '경상북도 경주시 승삼2길 55 (용강동.근화여자고등학교)', 102, '780-950'),
	(1960, '무산고등학교', '경상북도 경주시 건천읍 천포방내길 18 . 무산고등학교 (건천읍)', 102, '780-905'),
	(1961, '문화고등학교', '경상북도 경주시 충현로 98 (충효동.문화고등학교)', 102, '780-972'),
	(1962, '삼성생활예술고등학교', '경상북도 경주시 내남면 이조중앙길 27 (내남면.삼성생활예술고등학교)', 101, '780-851'),
	(1963, '선덕여자고등학교', '경상북도 경주시 양정로 20-11 (인왕동)', 102, '780-150'),
	(1964, '신라고등학교', '경상북도 경주시 태종로 526 (충효동.신라고등학교)', 102, '780-971'),
	(1965, '신라공업고등학교', '경상북도 경주시 천북면 천북로 41-21 (천북면.신라공업고등학교)', 101, '780-872'),
	(1966, '안강여자고등학교', '경상북도 경주시 안강읍 화전길 62-8 (안강읍.안강여자고등학교)', 102, '780-806'),
	(1967, '안강전자고등학교', '경상북도 경주시 안강읍 안강중앙로 269 (안강읍.안강전자고등학교)', 101, '780-807'),
	(1968, '태화고등학교', '경상북도 경주시 외동읍 모화남1길 26-132 (외동읍)', 101, '780-825'),
	(1969, '경북과학기술고등학교', '경상북도 김천시 아포읍 아포대로 1053 아포중학교', 101, '740-862'),
	(1970, '김천고등학교', '경상북도 김천시 송설로 90 . 김천고등학교 (부곡동)', 103, '740-977'),
	(1971, '김천상업고등학교', '경상북도 김천시 지례면 남김천대로 1947 (지례면.김천상업고등학교)', 101, '740-931'),
	(1972, '김천생명과학고등학교', '경상북도 김천시 부거리길 310 . (교동 581)', 101, '740-160'),
	(1973, '김천여자고등학교', '경상북도 김천시 모암사랑10길 9 (모암동.김천여자고등학교)', 102, '740-010'),
	(1974, '김천예술고등학교', '경상북도 김천시 한일길 11-30번지 (교동)', 104, '740-160'),
	(1975, '김천중앙고등학교', '경상북도 김천시 남김천대로 3363 (양천동)', 102, '740-060'),
	(1976, '성의고등학교', '경상북도 김천시 성의길 38 (지좌동.성의고등학교)', 102, '740-981'),
	(1977, '성의여자고등학교', '경상북도 김천시 평화순환길 250-11 (평화동)', 102, '740-983'),
	(1978, '한일여자고등학교', '경상북도 김천시 한일길 11-30 . 한일여자고등학교 (교동)', 102, '740-160'),
	(1979, '경북하이텍고등학교', '경상북도 안동시 경동로 404 (태화동.고등학교)', 101, '760-904'),
	(1980, '경안고등학교', '경상북도 안동시 제비원로 182 . 경안고등학교 (금곡동.경안고등학교)', 102, '760-250'),
	(1981, '경안여자고등학교', '경상북도 안동시 경동로 205-34 (송현동.경안여자정보고등학교)', 102, '760-300'),
	(1982, '경일고등학교', '경상북도 안동시 치이골길 46 (신안동.경일고등학교)', 102, '760-140'),
	(1983, '길원여자고등학교', '경상북도 안동시 퇴계로 250 . 길원여자고등학교 (안막동.고등학교)', 102, '760-340'),
	(1984, '성창여자고등학교', '경상북도 안동시 석수길 53 (안기동.성창여자고등학교)', 102, '760-260'),
	(1985, '성희여자고등학교', '경상북도 안동시 강남로 246 (정하동.성희여자고등학교)', 102, '760-400'),
	(1986, '안동고등학교', '경상북도 안동시 강남로 550 (정상동)', 103, '760-390'),
	(1987, '안동여자고등학교', '경북 안동시 법상윗3길 32 (법상동.안동여자고등학교)', 102, '760-210'),
	(1988, '안동중앙고등학교', '경상북도 안동시 서악길 45 . 안동중앙고등학교 (태화동.고등학교)', 102, '760-905'),
	(1989, '영문고등학교', '경상북도 안동시 뒨지게길 85 . 영문고등학교 (정하동.영문고등학교)', 102, '760-400'),
	(1990, '풍산고등학교', '경상북도 안동시 풍산읍 풍산중앙길 39 (풍산읍.고등학교)', 102, '760-802'),
	(1991, '한국생명과학고등학교', '경상북도 안동시 하이마로 385 (옥동.안동생명과학고등학교)', 101, '760-310'),
	(1992, '경구고등학교', '경상북도 구미시 봉곡로9길 25 (봉곡동.경구고등학교)', 102, '730-808'),
	(1993, '경북생활과학고등학교', '경상북도 구미시 해평면 강동로 1654 (해평면.경북생활과학고등학교(해평중학교))', 101, '730-873'),
	(1994, '경북외국어고등학교', '경상북도 구미시 금오산로 198-10 . 경북외국어고등학교 (남통동.경북외국어고등학교)', 104, '730-714'),
	(1995, '구미고등학교', '경북 구미시 문장로 42 (도량동.구미고등학교)', 102, '730-909'),
	(1996, '구미여자고등학교', '경상북도 구미시 문장로 114 (도량동.구미여자고등학교)', 102, '730-909'),
	(1997, '구미여자상업고등학교', '경상북도 구미시 형곡로38길 9-14 (형곡동.구미여자상업고등학교)', 101, '730-930'),
	(1998, '구미전자공업고등학교', '경상북도 구미시 임수로 48 (임수동.구미전자고등학교)', 104, '730-721'),
	(1999, '구미정보고등학교', '경상북도 구미시 검성로 143 (황상동.구미정보고등학교)', 101, '730-932'),
	(2000, '금오고등학교', '경상북도 구미시 박정희로25길 15 (광평동.금오고등학교)', 102, '730-080'),
	(2001, '금오공업고등학교', '경상북도 구미시 구미대로30길 59 (공단동.금오공고)', 104, '730-901'),
	(2002, '금오여자고등학교', '경상북도 구미시 선산대로 129 (지산동.금오여고)', 102, '730-160'),
	(2003, '도개고등학교', '경상북도 구미시 도개면 도안로 120 (도개면.도개중고등학교)', 102, '730-862'),
	(2004, '사곡고등학교', '경상북도 구미시 박정희로 195 (사곡동.사곡고등학교)', 102, '730-110'),
	(2005, '상모고등학교', '경상북도 구미시 박정희로 60-22 (상모동.상모고등학교)', 102, '730-120'),
	(2006, '선산고등학교', '경상북도 구미시 선산읍 단계서4길 18 (선산읍.선산고등학교)', 102, '000-000'),
	(2007, '선산여자고등학교', '경상북도 구미시 선산읍 선상서로14길 19-20 . 선산여자고등학교 (선산읍.선산여자종합고등학교)', 102, '730-802'),
	(2008, '선주고등학교', '경상북도 구미시 야은로13길 13 (봉곡동.선주고등학교)', 102, '730-807'),
	(2009, '오상고등학교', '경상북도 구미시 장천면 강동로 164 (장천면.오상고등학교)', 102, '730-842'),
	(2010, '인동고등학교', '경상북도 구미시 인동36길 45 (구평동.인동고등학교)', 103, '730-300'),
	(2011, '현일고등학교', '경상북도 구미시 고아읍 선산대로 656 (고아읍.현일중고)', 102, '730-815'),
	(2012, '형곡고등학교', '경상북도 구미시 형곡동로2길 12-13 (형곡동.형곡고등학교)', 102, '730-931'),
	(2013, '경북항공고등학교', '경상북도 영주시 풍기읍 금계로 90 (풍기읍)', 101, '750-801'),
	(2014, '대영고등학교', '경상북도 영주시 구성로150번길 45 (휴천동.대영고등학교)', 102, '750-914'),
	(2015, '선영여자고등학교', '경상북도 영주시 영봉로 28 . 선영여자고등학교 (휴천동.교육연구시설)', 102, '750-916'),
	(2016, '영광고등학교', '경상북도 영주시 의상로 62 (상망동)', 102, '750-905'),
	(2017, '영광여자고등학교', '경상북도 영주시 숫골길23번길 39 (영주동.영광여자고등학교)', 102, '750-907'),
	(2018, '영주고등학교', '경상북도 영주시 이산로 31 . 영주고등학교 (하망동)', 102, '750-913'),
	(2019, '영주동산고등학교', '경상북도 영주시 영봉로 49 . 영주동산고등학교 (하망동.동산여중고등학교)', 101, '750-913'),
	(2020, '영주여자고등학교', '경상북도 영주시 명륜길 58 (하망동.영주여자고등학교)', 102, '750-911'),
	(2021, '영주제일고등학교', '경상북도 영주시 신재로 36 . 영주제일고등학교 (가흥동.영주제일고등학교)', 103, '750-902'),
	(2022, '금호공업고등학교', '경상북도 영천시 금호읍 교대길 8-18 (금호읍.금호공업중고등학교)', 101, '770-802'),
	(2023, '금호여자고등학교', '경상북도 영천시 금호읍 성천앞길 112-53 (금호읍.금호여자중고등학교)', 102, '770-805'),
	(2024, '선화여자고등학교', '경상북도 영천시 상아탑길 36 (화룡동산7번지.선화여자고등학교)', 102, '770-080'),
	(2025, '영동고등학교', '경상북도 영천시 안야사길 13 (야사동.영동중고등학교)', 102, '770-904'),
	(2026, '영천고등학교', '경상북도 영천시 영천고2길 12 (야사동)', 102, '770-903'),
	(2027, '영천상업고등학교', '경상북도 영천시 신녕면 찰방길 8 (신녕면.영천정보고등학교)', 101, '770-812'),
	(2028, '영천성남여자고등학교', '경상북도 영천시 남촌길 17 (도동.영천성남여자고등학교)', 102, '770-230'),
	(2029, '영천여자고등학교', '경상북도 영천시 최무선로 180 . 영천여자고등학교', 102, '770-080'),
	(2030, '영천전자고등학교', '경상북도 영천시 화남면 천문로 1709 (화남면.영천전자고등학교)', 101, '770-832'),
	(2031, '상산전자고등학교', '경상북도 상주시 상산로 430 (계산동.상산전자고등학교)', 101, '742-703'),
	(2032, '상주고등학교', '경상북도 상주시 상산로 117 . 상주고등학교 (신봉동)', 102, '742-709'),
	(2033, '상주공업고등학교', '경상북도 상주시 낙양1길 29 (낙양동.상주공업고등학교)', 101, '742-704'),
	(2034, '상주여자고등학교', '경상북도 상주시 삼백로 315 (복룡동.상주여자고등학교)', 103, '742-707'),
	(2035, '상지여자고등학교', '경상북도 상주시 함창읍 함창중앙로 176 (함창읍.상지여자중.고등학교)', 102, '742-804'),
	(2036, '용운고등학교', '경상북도 상주시 공성면 문화마을길 23 (공성면.용운중고등학교)', 101, '742-844'),
	(2037, '우석여자고등학교', '경상북도 상주시 북천로 117 (계산동)', 102, '742-210'),
	(2038, '중모고등학교', '경상북도 상주시 모동면 덕곡1길 13 (모동면.중모고등학교)', 102, '742-912'),
	(2039, '함창고등학교', '경상북도 상주시 함창읍 함창중앙로 85', 102, '742-804'),
	(2040, '화령고등학교', '경상북도 상주시 화서면 중화로 2187 (화서면.화령중고등학교)', 102, '742-862'),
	(2041, '가은고등학교', '경상북도 문경시 가은읍 가은로 205 (가은읍)', 102, '745-904'),
	(2042, '경북관광고등학교', '경상북도 문경시 문경읍 향교길 20 (문경읍.경북관광고등학교)', 101, '745-801'),
	(2043, '문경공업고등학교', '경상북도 문경시 영신로 65 (점촌동.문경공업고등학교)', 101, '745-885'),
	(2044, '문경여자고등학교', '경상북도 문경시 여고길 40 (점촌동.문경여자고등학교(본관))', 102, '745-885'),
	(2045, '문창고등학교', '경상북도 문경시 돈달로 145 (흥덕동.문창고등학교)', 102, '745-891'),
	(2046, '점촌고등학교', '경상북도 문경시 점고길 50 (모전동.점촌고등학교)', 103, '745-883'),
	(2047, '경북자동차고등학교', '경상북도 경산시 자인면 일연로 93 (자인면.경북자동차고등학교)', 101, '712-852'),
	(2048, '경북체육고등학교', '경북 경산시 경안로 43 . 경북체육고등학교 (신교동.경북체육고등학교)', 104, '712-040'),
	(2049, '경산고등학교', '경상북도 경산시 원효로 89 (계양동.경산고등학교)', 103, '712-120'),
	(2050, '경산과학고등학교', '경상북도 경산시 화랑로 66 (갑제동.경산과학고등학교)', 104, '712-260'),
	(2051, '경산여자고등학교', '경상북도 경산시 경산로 91 경산여자고등학교 (옥곡동)', 102, '712-080'),
	(2052, '경산여자상업고등학교', '경상북도 경산시 자인면 원효로 851-16 (자인면.경산여자상업고등학교)', 101, '712-853'),
	(2053, '대구가톨릭대학교사범대학부속무학고등학교', '경상북도 경산시 하양읍 금송로 71-11 (하양읍.무학중고등학교)', 102, '712-907'),
	(2054, '문명고등학교', '경상북도 경산시 경청로230길 30 (백천동)', 102, '712-100'),
	(2055, '영남삼육고등학교', '경상북도 경산시 남산면 서원길 58-31 . 영남삼육고등학교 (남산면)', 102, '712-862'),
	(2056, '진량고등학교', '경상북도 경산시 진량읍 대학로 1051 . 진량고등학교 (진량읍.진량중고등학교)', 102, '712-837'),
	(2057, '하양여자고등학교', '경상북도 경산시 하양읍 용정길 9-15 (하양읍.하양여자고등학교)', 102, '712-901'),
	(2058, '군위고등학교', '경상북도 군위군 군위읍 군청로 254-6 (군위읍.군위고등학교)', 102, '716-801'),
	(2059, '군위정보고등학교', '경상북도 군위군 의흥면 읍내길 89-32 (의흥중.군위정보고등학교)', 101, '716-863'),
	(2060, '효령고등학교', '경상북도 군위군 효령면 중리길 6-25 (효령면)', 102, '716-823'),
	(2061, '금성고등학교', '경상북도 의성군 금성면 금성현서로 41-66 (금성면.금성중고등학교)', 102, '769-854'),
	(2062, '금성여자상업고등학교', '경상북도 의성군 금성면 탑운길 99 (금성면)', 101, '769-850'),
	(2063, '다인정보고등학교', '경상북도 의성군 다인면 서릉2길 27 (다인면.다인중고등학교)', 101, '769-972'),
	(2064, '봉양정보고등학교', '경상북도 의성군 봉양면 봉호로 14 봉양정보고등학교 (봉양면)', 101, '769-913'),
	(2065, '안계고등학교', '경상북도 의성군 안계면 용기9길 9 (안계면)', 102, '769-933'),
	(2066, '의성고등학교', '경상북도 의성군 의성읍 군청길 57 (의성읍)', 102, '769-803'),
	(2067, '의성공업고등학교', '경상북도 의성군 의성읍 문소1길 164 (의성읍)', 101, '769-803'),
	(2068, '의성여자고등학교', '경상북도 의성군 의성읍 북원3길 35 (의성읍)', 102, '769-806'),
	(2069, '안덕고등학교', '경상북도 청송군 안덕면 안덕로 65-3 (안덕면.안덕중고등학교)', 102, '763-861'),
	(2070, '진보고등학교', '경상북도 청송군 진보면 진성로 25 . 진보고등학교 (진보면.진보중고등학교)', 102, '763-817'),
	(2071, '청송고등학교', '경상북도 청송군 청송읍 금곡1길 13 (청송읍.청송남중.고등학교)', 102, '763-802'),
	(2072, '청송여자고등학교', '경상북도 청송군 청송읍 군청로 69 (청송읍.청송여중고등학교)', 102, '763-804'),
	(2073, '청송자동차고등학교', '경상북도 청송군 부남면 대전로 66 (부남면.청송자동차고등학교)', 101, '763-841'),
	(2074, '현서고등학교', '경상북도 청송군 현서면 구덕길 74 (현서면.현서중고등학교)', 102, '763-872'),
	(2075, '수비고등학교', '경상북도 영양군 수비면 낙동정맥로 2417 (수비면.수비중고등학교)', 102, '764-852'),
	(2076, '영양고등학교', '경상북도 영양군 영양읍 중앙로 81 (영양읍.영양교육청사택)', 102, '764-806'),
	(2077, '영양여자고등학교', '경상북도 영양군 영양읍 영양창수로 141 (영양읍.영양여자중？고등학교)', 102, '764-804'),
	(2078, '강구정보고등학교', '경상북도 영덕군 강구면 신강구1길 45-5 (강구면)', 101, '766-824'),
	(2079, '영덕고등학교', '경상북도 영덕군 영덕읍 군청1길 13 (영덕읍)', 102, '766-816'),
	(2080, '영덕여자고등학교', '경상북도 영덕군 영덕읍 영덕로 206 . 영덕여자고등학교 (영덕읍)', 102, '766-803'),
	(2081, '영해고등학교', '경상북도 영덕군 영해면 예주길 135 (영해면.영해중고교)', 102, '766-811'),
	(2082, '금천고등학교', '경상북도 청도군 금천면 선암로 574-11 . 금천고등학교 (금천면.금천중고등학교)', 102, '714-872'),
	(2083, '모계고등학교', '경상북도 청도군 화양읍 청화로 67 (화양읍.모계고등학교)', 102, '714-904'),
	(2084, '이서고등학교', '경상북도 청도군 이서면 학산1길 22 (이서면.이서고등학교)', 102, '714-853'),
	(2085, '청도고등학교', '경상북도 청도군 청도읍 청화로 219-21 (청도읍.청도중고등학교)', 102, '714-804'),
	(2086, '청도전자고등학교', '경상북도 청도군 풍각면 헐티로 185 (풍각면.청도전자고등학교)', 101, '714-833'),
	(2087, '고령고등학교', '경상북도 고령군 고령읍 우륵로 63 (고령읍.고령고등학교)', 101, '717-804'),
	(2088, '대가야고등학교', '경상북도 고령군 고령읍 가야금길 36 (고령읍.대가야고등학교)', 102, '717-803'),
	(2089, '가천고등학교', '경상북도 성주군 가천면 창천5길 13 (가천면.가천고등학교)', 102, '719-883'),
	(2090, '명인정보고등학교', '경상북도 성주군 선남면 도성2길 4 (선남면.명인정보고등학교)', 101, '719-832'),
	(2091, '성주고등학교', '경상북도 성주군 성주읍 성주고교길 79 (성주읍.성주고등학교)', 102, '719-803'),
	(2092, '성주여자고등학교', '경상북도 성주군 성주읍 성주여중고길 19 (성주읍.성주여자고등학교)', 102, '719-801'),
	(2093, '동명고등학교', '경상북도 칠곡군 동명면 백송로 797 (동명면)', 102, '718-922'),
	(2094, '북삼고등학교', '경상북도 칠곡군 북삼읍 북삼로2길 130 (북삼읍.북삼고등학교)', 103, '718-845'),
	(2095, '석적고등학교', '경상북도 칠곡군 석적읍 동중리1길 65-20 (석적읍)', 102, '718-833'),
	(2096, '순심고등학교', '경상북도 칠곡군 왜관읍 평장2길 6 . 순심고등학교 (왜관읍)', 102, '718-806'),
	(2097, '순심여자고등학교', '경상북도 칠곡군 왜관읍 남부1길 22 (왜관읍)', 102, '718-801'),
	(2098, '약목고등학교', '경상북도 칠곡군 약목면 무림1길 6-26 (약목면.약목고등학교)', 102, '718-811'),
	(2099, '칠곡고등학교', '경상북도 칠곡군 지천면 신동로 99 (지천면.신동중.칠곡고등학교)', 102, '718-821'),
	(2100, '감천고등학교', '경상북도 예천군 감천면 충효로 1429 (감천면.감천중고등학교)', 102, '757-913'),
	(2101, '대창고등학교', '경상북도 예천군 예천읍 대창학교길 33 (예천읍)', 102, '757-804'),
	(2102, '예천여자고등학교', '경상북도 예천군 예천읍 효자로 205 . (구 예천읍 백전리 55-1)', 102, '757-804'),
	(2103, '지보고등학교', '경상북도 예천군 지보면 지보로 167-7 (지보면.지보중？고등학교)', 102, '757-853'),
	(2104, '풍양고등학교', '경상북도 예천군 풍양면 낙상1길 94 (풍양면.풍양고등학교)', 102, '757-862'),
	(2105, '경북인터넷고등학교', '경상북도 봉화군 봉화읍 내성천1길 18 (봉화읍.경북인터넷고등학교)', 101, '755-805'),
	(2106, '봉화고등학교', '경상북도 봉화군 봉화읍 내성로 138 (봉화고등학교)', 103, '755-801'),
	(2107, '소천고등학교', '경상북도 봉화군 소천면 소천로 1237 (소천면.소천중고등학교)', 102, '755-881'),
	(2108, '한국산림과학고등학교', '경상북도 봉화군 춘양면 서원촌길 8-14 (춘양면.춘양중.한국산림과학고등학교)', 101, '755-842'),
	(2109, '울진고등학교', '경상북도 울진군 울진읍 연지길 7 (울진읍.울진고등학교)', 103, '767-805'),
	(2110, '죽변고등학교', '경상북도 울진군 죽변면 죽변4길 19 (죽변면.죽변중고등학교)', 102, '767-812'),
	(2111, '평해정보고등학교', '경상북도 울진군 평해읍 평해7길 61-3 (평해읍.평해여자정보고등학교)', 101, '767-902'),
	(2112, '한국원자력마이스터고등학교', '경상북도 울진군 평해읍 월송정로 422 (평해읍.평해공업고등학교)', 104, '767-901'),
	(2113, '후포고등학교', '경상북도 울진군 후포면 후포로 41 (후포면.후포중고등학교)', 102, '767-833'),
	(2114, '울릉고등학교', '경상북도 울릉군 울릉읍 울릉순환로 236 (울릉읍.울릉고등학교)', 101, '799-802'),
	(2115, '경남관광고등학교', '경상남도 창원시 의창구 사림로29번길 12 (봉곡동.경남관광고등학교)', 101, '641-823'),
	(2116, '경상고등학교', '경상남도 창원시 의창구 금강로379번길 46 . 경상고등학교 (소계동.경상고등학교)', 102, '641-833'),
	(2117, '마산가포고등학교', '경상남도 창원시 마산합포구 가포로 262 (가포동.가포고등학교)', 102, '631-320'),
	(2118, '마산고등학교', '경상남도 창원시 마산합포구 심온길 33 (완월동.마산고등학교)', 103, '631-861'),
	(2119, '마산공업고등학교', '경상남도 창원시 마산회원구 학교단지로 53 (합성동.마산공업고등학교)', 101, '630-814'),
	(2120, '마산구암고등학교', '경상남도 창원시 마산회원구 팔용로 220 (구암동.구암고등학교)', 102, '630-801'),
	(2121, '마산내서여자고등학교', '경상남도 창원시 마산회원구 내서읍 삼풍로 133 (내서읍.내서여고교)', 102, '630-852'),
	(2122, '마산무학여자고등학교', '경상남도 창원시 마산회원구 회원동33길 17 (회원동.무학여자고등학교)', 102, '630-819'),
	(2123, '마산삼진고등학교', '경상남도 창원시 마산합포구 진동면 삼진의거대로 661-13 (진동면.마산삼진고등학교)', 102, '631-817'),
	(2124, '마산여자고등학교', '경상남도 창원시 마산합포구 고운로 157 (완월동.마산여자고등학교)', 102, '631-862'),
	(2125, '마산용마고등학교', '경상남도 창원시 마산합포구 허당로 51 (산호동.마산용마고등학교)', 102, '631-856'),
	(2126, '마산제일고등학교', '경상남도 창원시 마산회원구 내서읍 함마대로 2610 (내서읍.마산제일고등학교)', 102, '630-855'),
	(2127, '마산제일여자고등학교', '경상남도 창원시 마산합포구 고운로 65 (문화동.마산제일여자고등학교)', 102, '631-380'),
	(2128, '마산중앙고등학교', '경상남도 창원시 마산합포구 고운로 103 (신월동.마산중앙고등학교)', 102, '631-170'),
	(2129, '성지여자고등학교', '경상남도 창원시 마산합포구 완월남로 20 (완월동.성지여자고등학교)', 102, '631-862'),
	(2130, '웅천고등학교', '경상남도 창원시 진해구 웅천중로 71 . 웅천고등학교', 103, '645-360'),
	(2131, '진해고등학교', '경상남도 창원시 진해구 여좌로 100 (여좌동.진해고등학교)', 102, '645-805'),
	(2132, '진해세화여자고등학교', '경상남도 창원시 진해구 병암북로4번길 41 (석동.진해세화여자고등학교)', 101, '645-280'),
	(2133, '진해여자고등학교', '경상남도 창원시 진해구 여좌남로 23 (여좌동.진해여자고등학교)', 102, '645-806'),
	(2134, '진해용원고등학교', '경상남도 창원시 진해구 용재로77번길 8 (용원동)', 102, '645-510'),
	(2135, '진해중앙고등학교', '경남 창원시 진해구 병암북로 9 (경화동.진해중앙고등학교)', 102, '645-801'),
	(2136, '창신고등학교', '경상남도 창원시 마산회원구 봉덕2길 106 (봉암동.창신고등학교)', 102, '630-803'),
	(2137, '창원경일고등학교', '경상남도 창원시 성산구 두대로 165 (중앙동.경일고등학교)', 102, '642-843'),
	(2138, '창원경일여자고등학교', '경상남도 창원시 성산구 두대로 163 (내동.창원경일여자고등학교)', 102, '642-050'),
	(2139, '창원고등학교', '경상남도 창원시 의창구 태복산로 45 . 창원고등학교 (도계동.창원고등학교)', 102, '641-811'),
	(2140, '창원공업고등학교', '경상남도 창원시 의창구 사화로 410 (팔용동.창원공업고등학교)', 101, '641-847'),
	(2141, '창원과학고등학교', '경상남도 창원시 의창구 평산로159번길 30 (서상동.창원과학고등학교)', 104, '641-500'),
	(2142, '창원기계공업고등학교', '경상남도 창원시 성산구 두대로 219 (중앙동.창원기계공고)', 101, '642-843'),
	(2143, '창원남고등학교', '경상남도 창원시 성산구 창원대로 813 (외동.창원남고등학교)', 102, '642-020'),
	(2144, '창원남산고등학교', '경상남도 창원시 성산구 가음로92번길 34 (가음동.남산고등학교)', 102, '642-801'),
	(2145, '창원대산고등학교', '경상남도 창원시 의창구 대산면 진산대로 378 (대산면.창원대산고등학교)', 102, '641-923'),
	(2146, '창원대암고등학교', '경상남도 창원시 성산구 대암로 203 (대방동.창원대암고등학교)', 102, '642-100'),
	(2147, '창원명곡고등학교', '경상남도 창원시 의창구 서곡길25번길 16 (명곡동.창원명곡고등학교)', 102, '641-250'),
	(2148, '창원명지여자고등학교', '경상남도 창원시 의창구 명지로109번길 54 (명서동)', 102, '641-812'),
	(2149, '창원문성고등학교', '경상남도 창원시 의창구 원이대로 406 (두대동.창원문성고등학교)', 102, '641-210'),
	(2150, '창원봉림고등학교', '경상남도 창원시 의창구 창이대로333번길 39 (봉곡동.창원봉림고등학교)', 102, '641-823'),
	(2151, '창원사파고등학교', '경상남도 창원시 성산구 창이대로719번길 26 (사파동.창원사파고등학교)', 102, '642-826'),
	(2152, '창원성민여자고등학교', '경상남도 창원시 의창구 팔용로 481 (팔용동.성민여자고등학교)', 102, '641-851'),
	(2153, '창원신월고등학교', '경상남도 창원시 의창구 신월로 66 (신월동.창원신월고등학교)', 102, '641-838'),
	(2154, '창원여자고등학교', '경상남도 창원시 성산구 두대로 153 (중앙동)', 102, '642-843'),
	(2155, '창원용호고등학교', '경상남도 창원시 의창구 용호로 29 (용호동.용호고등학교)', 102, '641-841'),
	(2156, '창원중앙고등학교', '경상남도 창원시 의창구 용호로 16 (용호동.창원중앙고등학교)', 103, '641-842'),
	(2157, '창원중앙여자고등학교', '경상남도 창원시 성산구 단정로 121 (상남동)', 102, '642-829'),
	(2158, '창원토월고등학교', '경상남도 창원시 성산구 비음로91번길 8 (토월동.창원토월고등학교)', 102, '642-080'),
	(2159, '태봉고등학교', '경상남도 창원시 마산합포구 진동면 태봉1길 85-32 . 태봉고등학교', 105, '631-813'),
	(2160, '한일전산여자고등학교', '경상남도 창원시 마산회원구 양덕서8길 50 (양덕동.한일전산여자고등학교)', 101, '630-812'),
	(2161, '합포고등학교', '경상남도 창원시 마산합포구 무학로 458 (교방동.합포고등학교)', 102, '631-850'),
	(2162, '경남과학고등학교', '경상남도 진주시 진성면 진의로 178-22 (진성면.경남과학고등학교)', 104, '660-851'),
	(2163, '경남예술고등학교', '경상남도 진주시 진산로322번길 11-7 (장재동.경남예술고등학교)', 104, '660-380'),
	(2164, '경남자동차고등학교', '경상남도 진주시 진산로 378 (장재동.경남자동차고등학교)', 101, '660-380'),
	(2165, '경남정보고등학교', '경상남도 진주시 가호방아길 32 (호탄동.경남정보고등학교)', 101, '660-310'),
	(2166, '경남체육고등학교', '경상남도 진주시 진성면 진의로 178-27 (진성면.경남체육고등학교)', 104, '660-851'),
	(2167, '경상대학교사범대학부설고등학교', '경상남도 진주시 가좌길29번길 . 63 (가좌동)', 102, '660-701'),
	(2168, '경진고등학교', '경상남도 진주시 의병로71번길 3-21 . 경진고등학교 (상봉동.경진고등학교)', 101, '660-901'),
	(2169, '경해여자고등학교', '경상남도 진주시 남강로 39 (평거동.경해여자고등학교)', 102, '660-991'),
	(2170, '대곡고등학교', '경상남도 진주시 대곡면 남강로2438번길 39 (대곡면.대곡고등학교)', 102, '660-913'),
	(2171, '대아고등학교', '경상남도 진주시 서장대로185번길 14 (이현동.대아중고등학교)', 102, '660-983'),
	(2172, '명신고등학교', '경남 진주시 대신로 614 (초전동.명신고등학교)', 102, '660-985'),
	(2173, '삼현여자고등학교', '경상남도 진주시 돗골로 95 (상평동.삼현여자고등학교)', 102, '660-904'),
	(2174, '선명여자고등학교', '경상남도 진주시 남강로 51-25 (평거동.선명여자고등학교)', 101, '660-991'),
	(2175, '진서고등학교', '경상남도 진주시 수곡면 옥수로 625 . (대천리) (수곡면.진서중고등학교)', 102, '660-971'),
	(2176, '진양고등학교', '경상남도 진주시 문산읍 동부로588번길 18 (문산읍.진양고등학교)', 103, '660-843'),
	(2177, '진주고등학교', '경상남도 진주시 의곡길 29 (상봉동.진주고등학교)', 103, '660-050'),
	(2178, '진주기계공업고등학교', '경상남도 진주시 공단로43번길 25 진주기계공업고등학교 (상평동.진주기계공업고등학교)', 101, '660-904'),
	(2179, '진주동명고등학교', '경상남도 진주시 대신로 454-25 (초전동.동명고등학교)', 102, '660-985'),
	(2180, '진주여자고등학교', '경상남도 진주시 창렬로 185 (상봉동.진주여자고등학교)', 102, '660-050'),
	(2181, '진주외국어고등학교', '경상남도 진주시 일반성면 동부로 2014-6 (일반성면.진주외국어고등학교)', 102, '660-861'),
	(2182, '진주제일여자고등학교', '경상남도 진주시 하대로34번길 11-9 (하대동.진주제일여자고등학교)', 102, '660-993'),
	(2183, '진주중앙고등학교', '경상남도 진주시 하대로 59 (하대동.진주중앙고등학교)', 102, '660-993'),
	(2184, '동원고등학교', '경상남도 통영시 광도면 용호로 12-29 (동원고등학교)', 102, '650-820'),
	(2185, '충렬여자고등학교', '경상남도 통영시 용남면 견내량로 70 (용남면.충렬여자중고등학교)', 102, '650-834'),
	(2186, '충무고등학교', '경상남도 통영시 여황로 375 (북신동.충무고등학교)', 102, '650-805'),
	(2187, '통영고등학교', '경상남도 통영시 도남로 116 통영고등학교', 102, '650-140'),
	(2188, '통영여자고등학교', '경상남도 통영시 도리1길 19 (도천동.통영여자고등학교)', 102, '650-110'),
	(2189, '경남자영고등학교', '경상남도 사천시 정동면 옥산로 143 . 경남자영고등학교 행정실 (정동면.경남자영고등학교)', 101, '664-932'),
	(2190, '곤양고등학교', '경상남도 사천시 곤양면 솥골길 120 (곤양면.곤양고등학교)', 102, '664-915'),
	(2191, '사천고등학교', '경상남도 사천시 사천읍 동문로 95 (사천읍.사천고등학교)', 102, '664-807'),
	(2192, '사천여자고등학교', '경상남도 사천시 사천읍 옥산로 47 (사천읍.사천여자고등학교)', 101, '664-808'),
	(2193, '삼천포고등학교', '경상남도 사천시 벌리6길 77 (벌리동.삼천포중고등학교)', 102, '664-833'),
	(2194, '삼천포공업고등학교', '경상남도 사천시 신항로 63 (동금동.삼천포공업고등학교)', 104, '664-830'),
	(2195, '삼천포여자고등학교', '경상남도 사천시 삼상로 19 (동금동.삼천포여자고등학교)', 102, '664-831'),
	(2196, '삼천포중앙고등학교', '경상남도 사천시 삼상로 145 (벌리동.삼천포중앙고등학교)', 102, '664-833'),
	(2197, '용남고등학교', '경상남도 사천시 용현면 선진길 24 (용현면.용남중고등학교)', 102, '664-953'),
	(2198, '김해가야고등학교', '경상남도 김해시 경원로 98 (내동.김해가야고등학교)', 102, '621-905'),
	(2199, '김해건설공업고등학교', '경상남도 김해시 구지로 109 (구산동.김해건설공고)', 101, '621-900'),
	(2200, '김해경원고등학교', '경상남도 김해시 우암로 18 . 김해경원고등학교 (외동.김해경원고등학교)', 103, '621-922'),
	(2201, '김해고등학교', '경상남도 김해시 활천로24번길 29 (삼정동.김해고등학교)', 103, '621-912'),
	(2202, '김해대청고등학교', '경상남도 김해시 장유면 번화1로 7 . 김해대청고등학교 (장유면.대청고등학교)', 102, '621-831'),
	(2203, '김해분성고등학교', '경상남도 김해시 가야로147번길 29 (삼계동.김해분성고등학교)', 102, '621-070'),
	(2204, '김해분성여자고등학교', '경상남도 김해시 삼계로 171 . 김해분성여자고등학교 (삼계동.김해분성여자고등학교)', 102, '621-070'),
	(2205, '김해삼문고등학교', '경상남도 김해시 번화1로 127 (삼문동.김해삼문고등학교)', 102, '621-290'),
	(2206, '김해삼방고등학교', '경상남도 김해시 신어산길 17 (삼방동.삼방고등학교)', 102, '621-910'),
	(2207, '김해생명과학고등학교', '경상남도 김해시 금관대로 1239 (외동.김해생명과학고등학교)', 101, '621-920'),
	(2208, '김해여자고등학교', '경상남도 김해시 가락로150번길 9 (대성동.김해여고)', 102, '621-050'),
	(2209, '김해영운고등학교', '경상남도 김해시 인제로284번길 33 (삼방동.영운고등학교)', 102, '621-910'),
	(2210, '김해외국어고등학교', '경상남도 김해시 장유면 율하로 266 (장유면.김해외국어고등학교)', 104, '621-834'),
	(2211, '김해율하고등학교', '경상남도 김해시 율하1로 21 (율하동.율하고등학교)', 102, '621-320'),
	(2212, '김해임호고등학교', '경상남도 김해시 분성로3번길 77 . 김해임호고등학교', 102, '621-921'),
	(2213, '김해제일고등학교', '경상남도 김해시 분성로3길 . 105번지', 103, '621-920'),
	(2214, '김해중앙여자고등학교', '경상남도 김해시 분성로376번길 21-22 (부원동.김해중앙여자고등학교)', 102, '000-000'),
	(2215, '김해한일여자고등학교', '경상남도 김해시 삼안로 112번길1(안동)', 101, '621-914'),
	(2216, '장유고등학교', '경상남도 김해시 월산로 77 (장유면.장유고등학교)', 102, '621-831'),
	(2217, '진영고등학교', '경남 김해시 진영읍 여래로20번길 35 . 진영고등학교 (진영읍.진영고등학교)', 102, '621-807'),
	(2218, '진영제일고등학교', '경상남도 김해시 진영읍 진영로265번길 9-4 (진영읍.진영제일고등학교)', 101, '621-805'),
	(2219, '밀성고등학교', '경상남도 밀양시 석정로 127 (내이동.밀성중고등학교)', 102, '627-803'),
	(2220, '밀성제일고등학교', '경상남도 밀양시 밀양대로 2078 (내이동.밀성제일고등학교)', 101, '627-803'),
	(2221, '밀양고등학교', '경상남도 밀양시 약산로 15 (내이동.밀양고등학교)', 102, '627-803'),
	(2222, '밀양동명고등학교', '경상남도 밀양시 하남읍 동명길 14 (하남읍)', 102, '627-894'),
	(2223, '밀양여자고등학교', '경상남도 밀양시 내일중앙길 10 (내일동.밀양여자고등학교)', 102, '627-140'),
	(2224, '밀양전자고등학교', '경상남도 밀양시 무안면 신법길 29 (무안면.밀양전자고등학교)', 101, '627-873'),
	(2225, '삼랑진고등학교', '경상남도 밀양시 삼랑진읍 만어로 16 (삼랑진읍.삼랑진고등학교)', 102, '627-904'),
	(2226, '세종고등학교', '경상남도 밀양시 가곡8길 28 (가곡동.세종중고등학교)', 102, '627-800'),
	(2227, '거제고등학교', '경상남도 거제시 아주로3길 61 . 거제고등학교 (아주동.거제중고등학교)', 102, '656-902'),
	(2228, '거제공업고등학교', '경상남도 거제시 계룡로11길 63 (고현동.거제공업고등학교)', 104, '656-934'),
	(2229, '거제상문고등학교', '경상남도 거제시 수양로 29 거제상문고등학교 (문동동)', 102, '656-301'),
	(2230, '거제여자상업고등학교', '경남 거제시 거제면 동상3길 21 (거제면)', 101, '656-862'),
	(2231, '거제옥포고등학교', '경상남도 거제시 연초면 국산로 27 (연초면.거제옥포고등학교)', 102, '656-812'),
	(2232, '거제제일고등학교', '경상남도 거제시 거제면 읍내로13길 22-5 (거제면.거제제일고등학교)', 103, '656-862'),
	(2233, '거제중앙고등학교', '경상남도 거제시 중곡로2길 61 (고현동.거제중앙고등학교)', 102, '656-938'),
	(2234, '경남산업고등학교', '경상남도 거제시 하청면 서리1길 17 (하청면)', 101, '656-823'),
	(2235, '연초고등학교', '경상남도 거제시 연초면 연사1길 40 (연초면)', 102, '656-811'),
	(2236, '해성고등학교', '경상남도 거제시 두모길 4 (장승포동.해성고등학교)', 102, '656-910'),
	(2237, '경남외국어고등학교', '경상남도 양산시 어실로 388 (어곡동.경남외국어고등학교)', 104, '626-768'),
	(2238, '물금고등학교', '경상남도 양산시 물금읍 신주1길 20 물금고등학교 (물금읍.양산물금고등학교)', 102, '626-815'),
	(2239, '범어고등학교', '경상남도 양산시 물금읍 신주로 88 . 범어고등학교 (물금읍.범어고등학교)', 102, '626-815'),
	(2240, '보광고등학교', '경상남도 양산시 하북면 신평로 46 . 보광고등학교', 102, '626-863'),
	(2241, '서창고등학교', '경상남도 양산시 삼호동부로 125 (삼호동.서창고등학교)', 102, '626-836'),
	(2242, '양산고등학교', '경상남도 양산시 북안북11길 27 (북부동.양산고등학교)', 103, '626-800'),
	(2243, '양산남부고등학교', '경상남도 양산시 양주로 7 (남부동)', 102, '626-010'),
	(2244, '양산여자고등학교', '경상남도 양산시 교동1길 21 (교동.양산여자고등학교)', 102, '626-210'),
	(2245, '양산제일고등학교', '경상남도 양산시 회현1길 36', 102, '626-210'),
	(2246, '웅상고등학교', '경상남도 양산시 배움터길 36 (평산동.웅상고등학교)', 102, '626-848'),
	(2247, '효암고등학교', '경상남도 양산시 서창로 144 . 효암고등학교 (삼호동)', 102, '626-837'),
	(2248, '신반정보고등학교', '경상남도 의령군 부림면 한지28길 8 . 신반정보고등학교 (부림면.강당)', 101, '636-964'),
	(2249, '의령고등학교', '경상남도 의령군 의령읍 백산로3길 4 (의령읍.의령고등학교)', 102, '636-803'),
	(2250, '의령여자고등학교', '경상남도 의령군 가례면 의병로 67 (가례면)', 102, '636-821'),
	(2251, '경남로봇고등학교', '경상남도 함안군 대산면 대산중앙로 102-2 (대산면)', 101, '637-913'),
	(2252, '군북고등학교', '경상남도 함안군 군북면 사군로 1558 (군북면.군북고등학교)', 102, '637-821'),
	(2253, '명덕고등학교', '경상남도 함안군 가야읍 고분길 107 (가야읍.명덕고등학교)', 102, '637-803'),
	(2254, '칠원고등학교', '경상남도 함안군 칠서면 삼칠로 281 칠원고등학교', 102, '637-942'),
	(2255, '함안고등학교', '경상남도 함안군 가야읍 함안대로 630 (가야읍.함안고등학교)', 102, '637-803'),
	(2256, '남지고등학교', '경남 창녕군 남지읍 남고길 11 (남지읍.남지고등학교)', 102, '635-903'),
	(2257, '영산고등학교', '경상남도 창녕군 영산면 영산새싹길 13 (영산면.영산고등학교)', 102, '635-862'),
	(2258, '창녕고등학교', '경상남도 창녕군 대지면 우포2로 1180-20 (대지면.창녕고등학교)', 102, '635-821'),
	(2259, '창녕공업고등학교', '경상남도 창녕군 고암면 창밀로 286 . 창녕공업고등학교 (고암면.창녕공업고등학교)', 101, '635-933'),
	(2260, '창녕대성고등학교', '경상남도 창녕군 대합면 신안길 17 (대합면.대성중.고등학교)', 102, '635-942'),
	(2261, '창녕여자고등학교', '경상남도 창녕군 창녕읍 신당길 30 (창녕읍.창녕여자고등학교)', 102, '635-805'),
	(2262, '창녕옥야고등학교', '경상남도 창녕군 이방면 이방로 943-15 (이방면.옥야중.고등학교)', 102, '635-831'),
	(2263, '창녕제일고등학교', '경상남도 창녕군 창녕읍 남창녕로 36 (창녕읍.창녕제일고등학교)', 101, '635-805'),
	(2264, '경남항공고등학교', '경상남도 고성군 고성읍 송학고분로 127 (고성읍)', 101, '638-801'),
	(2265, '고성고등학교', '경상남도 고성군 회화면 배둔서길 42-5 (회화면)', 102, '638-813'),
	(2266, '고성중앙고등학교', '경남 고성군 고성읍 남포로 45 (고성읍)', 102, '638-806'),
	(2267, '철성고등학교', '경상남도 고성군 고성읍 대가로 12 (고성읍)', 102, '638-816'),
	(2268, '경남해양과학고등학교', '경상남도 남해군 삼동면 동부대로 1810 (삼동면.경남해양과학고등학교)', 101, '668-843'),
	(2269, '남해고등학교', '경상남도 남해군 이동면 무림로 46-2 (이동면.남해고등학교)', 102, '668-811'),
	(2270, '남해정보산업고등학교', '경상남도 남해군 고현면 탑동로 46 (고현면.남해정보산업고등학교)', 101, '668-882'),
	(2271, '남해제일고등학교', '경상남도 남해군 남해읍 남해대로 2800-11 남해제일고등학교', 102, '668-802'),
	(2272, '남해해성고등학교', '경상남도 남해군 남면 남면로1835번길 8-4 . 남해해성고등학교 (남면.해성중고등학교)', 102, '668-863'),
	(2273, '창선고등학교', '경상남도 남해군 창선면 창선로 97-12 (창선면.창선고등학교)', 102, '668-851'),
	(2274, '금남고등학교', '경상남도 하동군 금남면 섬진강대로 656-8 (금남면.금남고등학교)', 102, '667-923'),
	(2275, '옥종고등학교', '경상남도 하동군 옥종면 옥수로 4-9 (옥종면.옥종고등학교)', 102, '667-893'),
	(2276, '진교고등학교', '경상남도 하동군 진교면 민다리길 179 진교고등학교', 102, '667-913'),
	(2277, '하동고등학교', '경상남도 하동군 하동읍 경서대로 84 (하동읍.하동고등학교)', 102, '667-801'),
	(2278, '하동여자고등학교', '경상남도 하동군 하동읍 송림1길 30 (하동읍.하동여자고등학교)', 102, '667-801'),
	(2279, '간디고등학교', '경남 산청군 신안면 둔철산로 210 (신안면.간디학교)', 105, '666-963'),
	(2280, '경남간호고등학교', '경남 산청군 생비량면 지리산대로4763번길 89-15 (생비량면)', 101, '666-971'),
	(2281, '경호고등학교', '경상남도 산청군 금서면 화계오봉로 17 (금서면.경호중고등학교)', 102, '666-832'),
	(2282, '단성고등학교', '경상남도 산청군 단성면 강누방목로 2 (단성고등학교)', 102, '666-941'),
	(2283, '덕산고등학교', '경상남도 산청군 시천면 남명로159번길 1 (시천면.덕산중고교)', 102, '666-934'),
	(2284, '산청고등학교', '경상남도 산청군 산청읍 웅석봉로86번길 9-12 . 산청고등학교 (산청읍.산청고등학교)', 102, '666-805'),
	(2285, '생초고등학교', '경남 산청군 생초면 생초로38번길 59 (생초면.생초고등학교)', 102, '666-913'),
	(2286, '신등고등학교', '경상남도 산청군 신등면 신등가회로 125 . 신등고등학교 (신등면.신등중고등학교)', 102, '666-953'),
	(2287, '지리산고등학교', '경상남도 산청군 단성면 덕천로 772 지리산고등학교', 105, '666-943'),
	(2288, '서상고등학교', '경상남도 함양군 서상면 서상로 232-1 (서상면)', 102, '676-842'),
	(2289, '안의고등학교', '경상남도 함양군 안의면 안의배움길 30 (안의면)', 102, '676-823'),
	(2290, '함양고등학교', '경상남도 함양군 함양읍 함양로 1063 (함양읍)', 102, '676-803'),
	(2291, '함양제일고등학교', '경상남도 함양군 함양읍 함양배움길 27 . 함양제일고등학교 (함양읍)', 101, '676-801'),
	(2292, '가조익천고등학교', '경상남도 거창군 가조면 마상3길 33-20', 101, '670-914'),
	(2293, '거창고등학교', '경상남도 거창군 거창읍 죽전4길 36 (거창읍.거창고등학교)', 102, '670-809'),
	(2294, '거창대성고등학교', '경상남도 거창군 거창읍 거열로 81 (거창읍.거창대성고등학교)', 102, '670-807'),
	(2295, '거창여자고등학교', '경상남도 거창군 거창읍 죽전1길 72 거창여자고등학교', 102, '670-809'),
	(2296, '거창중앙고등학교', '경상남도 거창군 거창읍 성산길 36 (거창읍.중앙고등학교)', 102, '670-801'),
	(2297, '대성일고등학교', '경상남도 거창군 거창읍 거열로7길 57 대성일고등학교', 102, '670-801'),
	(2298, '아림고등학교', '경상남도 거창군 거창읍 정장길 19 (거창읍.아림고등학교)', 102, '670-802'),
	(2299, '삼가고등학교', '경상남도 합천군 삼가면 봉두길 5 삼가고등학교', 102, '678-964'),
	(2300, '야로고등학교', '경상남도 합천군 야로면 역산길 13 (야로면.야로고등학교)', 102, '678-881'),
	(2301, '원경고등학교', '경상남도 합천군 적중면 황정1길 37 . 37번지 (적중면.원경고등학교)', 105, '678-831'),
	(2302, '초계고등학교', '경상남도 합천군 초계면 초계중앙로 101 (초계면)', 101, '678-821'),
	(2303, '합천고등학교', '경상남도 합천군 합천읍 교동3길 12 (합천읍.합천고등학교)', 102, '678-801'),
	(2304, '합천여자고등학교', '경상남도 합천군 합천읍 남정길 25-7 (합천읍.1호)', 102, '678-806'),
	(2305, '남녕고등학교', '제주특별자치도 제주시 도령로 55 (연동.남녕고등학교)', 102, '690-818'),
	(2306, '대기고등학교', '제주특별자치도 제주시 번영로 453-6 (봉개동)', 102, '690-090'),
	(2307, '세화고등학교', '제주특별자치도 제주시 구좌읍 세종로 26 (구좌읍.세화고등학교)', 102, '695-973'),
	(2308, '신성여자고등학교', '제주특별자치도 제주시 아봉로 174-1 (영평동.신성여자고등학교)', 102, '690-140'),
	(2309, '애월고등학교', '제주특별자치도 제주시 애월읍 일주서로 6372-20 (애월읍.애월고등학교)', 102, '695-913'),
	(2310, '영주고등학교', '제주특별자치도 제주시 첨단동길 92 (월평동.영주고등학교)', 102, '690-130'),
	(2311, '오현고등학교', '제주특별자치도 제주시 일주동로 101 (화북일동.오현고등학교)', 102, '690-061'),
	(2312, '제주고등학교', '제주특별자치도 제주시 1100로 3213 (노형동)', 101, '690-706'),
	(2313, '제주과학고등학교', '제주특별자치도 제주시 산록북로 421-1 (오라이동.제주과학고등학교)', 104, '690-162'),
	(2314, '제주대학교사범대학부설고등학교', '제주특별자치도 제주시 용담로 65 (용담삼동)', 102, '690-043'),
	(2315, '제주여자고등학교', '제주특별자치도 제주시 구산로 50 (아라일동.제주여자고등학교)', 102, '690-121'),
	(2316, '제주여자상업고등학교', '제주특별자치도 제주시 동문로 89-1 (건입동.제주여자상업고등학교)', 101, '690-800'),
	(2317, '제주외국어고등학교', '제주특별자치도 제주시 애월읍 고성남길 34 (애월읍.제주외국어고등학교)', 104, '695-902'),
	(2318, '제주제일고등학교', '제주특별자치도 제주시 진군길 22 (노형동.제주제일고등학교)', 102, '690-707'),
	(2319, '제주중앙고등학교', '제주특별자치도 제주시 아봉로 323 (월평동.제주중앙고등학교)', 102, '690-130'),
	(2320, '제주중앙여자고등학교', '제주특별자치도 제주시 구남동5길 11 (이도이동)', 102, '690-851'),
	(2321, '한국뷰티고등학교', '제주특별자치도 제주시 한경면 용고로 70 (한경면)', 101, '695-941'),
	(2322, '한림고등학교', '제주특별자치도 제주시 한림읍 월계로 74 (한림읍.한림고등학교)', 102, '695-929'),
	(2323, '한림공업고등학교', '제주특별자치도 제주시 한림읍 한림중앙로 87 (한림읍.한림공업고등학교)', 101, '695-932'),
	(2324, '함덕고등학교', '제주특별자치도 제주시 조천읍 신흥로 9 (조천읍. 함덕고등학교)', 102, '695-969'),
	(2325, '남주고등학교', '제주특별자치도 서귀포시 동홍로303번길 14 (동홍동.남주고등학교)', 102, '697-839'),
	(2326, '대정고등학교', '제주특별자치도 서귀포시 대정읍 일주서로2498번길 21 (대정읍)', 102, '699-934'),
	(2327, '대정여자고등학교', '제주특별자치도 서귀포시 대정읍 대한로88번길 82-22 (대정읍)', 102, '699-935'),
	(2328, '삼성여자고등학교', '제주특별자치도 서귀포시 검은여로 151 (토평동.삼성여자고등학교)', 102, '697-859'),
	(2329, '서귀포고등학교', '제주특별자치도 서귀포시 중앙로 140 (동홍동)', 102, '697-864'),
	(2330, '서귀포산업과학고등학교', '제주특별자치도 서귀포시 516로 501 (상효동.서귀포산업과학고등학교)', 101, '697-050'),
	(2331, '서귀포여자고등학교', '제주특별자치도 서귀포시 태평로 80 (호근동.서귀포여자고등학교)', 103, '697-862'),
	(2332, '성산고등학교', '제주특별자치도 서귀포시 성산읍 한도로 79-17 (성산읍.성산고등학교)', 102, '699-906'),
	(2333, '중문고등학교', '제주특별자치도 서귀포시 일주서로570번길 19 (대포동.중문고등학교)', 101, '697-830'),
	(2334, '표선고등학교', '제주특별자치도 서귀포시 표선면 표선중앙로 22-15 (표선면.표선고등학교)', 102, '699-915'),
	(2335, '동양미래대학교', '서울시 구로구 경인로 445 동양미래대학교 (고척동 62-160)', 201, '152-714'),
	(2336, '명지전문대학', '서울 서대문구 가좌로 134 명지전문대학', 201, '120-776'),
	(2337, '배화여자대학교', '서울 종로구 필운대로 1길 34 배화여자대학교', 201, '110-735'),
	(2338, '삼육보건대학교', '서울 동대문구 휘경2동', 201, '130-092'),
	(2339, '서울여자간호대학교', '서울특별시 서대문구 간호대로 38 (홍제동, 서울여자간호대학)', 201, '120742'),
	(2340, '적십자간호대학', '서울 종로구 경교장길8', 201, '110-102'),
	(2341, '경남정보대학교', '부산광역시 사상구 주례로 45 경남정보대학교', 201, '617-701'),
	(2342, '동부산대학교', '부산광역시 해운대구 운봉길60', 201, '612-080'),
	(2343, '동주대학교', '부산 사하구 사리로55번길 16(괴정동)', 201, '604-080'),
	(2344, '계명문화대학교', '대구광역시 달서구 달서대로 675 (신당동, 계명문화대학)', 201, '704703'),
	(2345, '대구보건대학교', '대구 북구 영송로 15(태전동)', 201, '702-722'),
	(2346, '수성대학교', '대구 수성구 달구벌대로 528길 15(만촌동) 수성대학교', 201, '706-711'),
	(2347, '경인여자대학교', '인천 계양구 계산2동 548-4', 201, '407-740'),
	(2348, '인하공업전문대학', '인천광역시 남구 인하로 100 (용현동)', 201, '402751'),
	(2349, '광주보건대학교', '광주광역시 광산구 북문대로 419번길 73', 201, '506-701'),
	(2350, '기독간호대학교', '광주 남구 백서로70번길 6, 기독간호대학교', 201, '503-711'),
	(2351, '서영대학교', '광주광역시 북구 서강로 1 (운암동, 서영대학교)', 201, '500742'),
	(2352, '송원대학', '광주 남구 송암로 73', 201, '503-742'),
	(2353, '조선간호대학교', '광주광역시 동구 필문대로 309-2 (서석동, 조선간호대학교)', 201, '501825'),
	(2354, '우송정보대학', '대전광역시 동구 동대전로 171 (자양동, 우송정보대학, 우송대 서캠퍼스)', 201, '300719'),
	(2355, '울산과학대학교', '울산 동구 봉수로 101(화정동 산160-1)번지', 201, '682-090'),
	(2356, '춘해보건대학교', '울산 울주군 웅촌면 대학길 9 춘해보건대학교', 201, '689-784'),
	(2357, '한국영상대학교', '세종특별자치시 장군면 대학길 300 한국영상대학교', 201, '314-713'),
	(2358, '경민대학교', '경기도 의정부시 서부로 545(가능동) 경민대학교', 201, '480-702'),
	(2359, '경복대학교', '경기도 포천시 신평로 154 (신북면, 경복대학교)', 201, '487717'),
	(2360, '김포대학교', '경기 김포시 월곶면 김포대학로 97 김포대학교', 201, '415-761'),
	(2361, '농협대학교', '경기 고양시 덕양구 서삼릉길 281 (원당동)', 201, '412-707'),
	(2362, '대림대학교', '경기 안양시 동안구 임곡로 29(비산동) 대림대학교', 201, '431-715'),
	(2363, '동남보건대학교', '경기도 수원시 장안구 천천로 74번길 50', 201, '440-714'),
	(2364, '동아방송예술대학교', '경기 안성시 삼죽면 동아방송대학교', 201, '456-717'),
	(2365, '동원대학교', '경기 광주시 곤지암읍 경충대로 26 동원대학교', 201, '464-711'),
	(2366, '서울예술대학교', '경기 안산시 단원구 예술대학로 171', 201, '425-020'),
	(2367, '서정대학교', '경기 양주시 은현면 화합로 1049-56', 201, '482-863'),
	(2368, '수원과학대학교', '경기도 화성시 세자로 288 (정남면, 수원과학대학교)', 201, '445742'),
	(2369, '안산대학교', '경기 안산시 상록구 안산대학로 155(일동)', 201, '426-701'),
	(2370, '연성대학교', '경기도 안양시 만안구 양화로37번길 34 연성대학교', 201, '430-749'),
	(2371, '오산대학교', '경기 오산시 청학동 오산대학', 201, '447-749'),
	(2372, '용인송담대학교', '경기 용인시 처인구 동부로 61 용인송담대학교', 201, '449-710'),
	(2373, '웅지세무대학교', '경기 파주시 탄현면 웅지로 144번길 73', 201, '413-843'),
	(2374, '청강문화산업대학교', '경기도 이천시 청강가창로 389-94 (마장면, 청강문화산업대학)', 201, '467744'),
	(2375, '한국농수산대학', '경기도 화성시 효행로 212 (봉담읍)', 201, '445760'),
	(2376, '한국복지대학교', '경기 평택시 삼남로 283', 201, '459-070'),
	(2377, '강릉영동대학교', '강원도 강릉시 공제로 357 (홍제동, 강릉영동대학)', 201, '210792'),
	(2378, '한국골프대학', '강원도 횡성군 하대5길 101 (우천면)', 201, '225811'),
	(2379, '한림성심대학교', '강원도 춘천시 장학길 48 (동면, 한림성심대학)', 201, '200711'),
	(2380, '백석문화대학교', '충청남도 천안시 동남구 문암로 58 (안서동)', 201, '330997'),
	(2381, '신성대학교', '충남 당진시 정미면 대학로1', 201, '343-861'),
	(2382, '충남도립청양대학', '충청남도 청양군 학사길 55 (청양읍, 청양대학)', 201, '345702'),
	(2383, '혜전대학교', '충남 홍성군 홍성읍 대학길25 혜전대학교', 201, '350-702'),
	(2384, '군산간호대학교', '전북 군산시 동개정길 7 (개정동)', 201, '573-719'),
	(2385, '군장대학교', '전북 군산시 성산면 군장대길13 군장대학교', 201, '573-709'),
	(2386, '서해대학', '전라북도 군산시 서해대길 6 (오룡동, 서해대학)', 201, '573717'),
	(2387, '원광보건대학교', '전라북도 익산시 익산대로 514', 201, '570-750'),
	(2388, '전주기전대학', '전북 전주시 완산구 전주천서로 267 (구 중화산동 1가 177번지)', 201, '560-701'),
	(2389, '고구려대학교', '전라남도 나주시 백호로 125 (다시면, 고구려대학)', 201, '520713'),
	(2390, '광양보건대학교', '전라남도 광양시 한려대길 111 (광양읍, 광양보건대학)', 201, '545703'),
	(2391, '동아인재대학교', '전남 영암군 학산면  영산로 76-57', 201, '526-705'),
	(2392, '목포과학대학교', '전남 목포시 영산로 413-1 (상동525)', 201, '530-730'),
	(2393, '청암대학교', '전남 순천시 녹색로 1641번지', 201, '540-743'),
	(2394, '가톨릭상지대학교', '경북 안동시 상지길 45(율세동 393)', 201, '760-711'),
	(2395, '경북전문대학교', '경북 영주시 대학로 77 경북전문대학교', 201, '750-050'),
	(2396, '대구미래대학교', '경북 경산시 미래로 114 대구미래대학교', 201, '712-716'),
	(2397, '서라벌대학교', '경북 경주시 태종로 516 서라벌대학교', 201, '780-711'),
	(2398, '선린대학교', '경상북도 포항시 북구 초곡길36번길 30 (흥해읍, 선린대학)', 201, '791712'),
	(2399, '성덕대학교', '경북 영천시 신녕면 화남리 1135-5', 201, '770-811'),
	(2400, '안동과학대학교', '경북 안동시 서후면 서선길 189', 201, '760-822'),
	(2401, '포항대학교', '경상북도 포항시 북구 신덕로 60 (흥해읍, 포항대학교)', 201, '791711'),
	(2402, '거제대학교', '경남 거제시 마전1길 91', 201, '656-701'),
	(2403, '김해대학교', '경상남도 김해시 삼안로112번길 198 (삼방동)', 201, '621706'),
	(2404, '동원과학기술대학교', '경남 양산시 명곡로 321', 201, '626-740'),
	(2405, '마산대학교', '경남 창원시 마산회원구 내서읍 함마대로 2640(용담리)', 201, '630-729'),
	(2406, '연암공업대학', '경남 진주시 진주대로 629번길 35', 201, '660-750'),
	(2407, '진주보건대학교', '경남 진주시 의병로 51', 201, '660-757'),
	(2408, '창원문성대학', '경남 창원시 두대동 196 창원문성대학', 201, '641-771'),
	(2409, '제주산업정보대학', '제주특별자치도 제주시 516로 2870 (영평동)', 201, '690714'),
	(2410, '제주한라대학교', '제주특별자치도 제주시 한라대학로 38', 201, '690-708'),
	(2411, '서일대학교', '서울특별시 중랑구 용마산로 90길 28  서일대학교', 202, '131-702'),
	(2412, '숭의여자대학교', '서울특별시 중구 소파로2길 10(예장동)', 202, '100-751'),
	(2413, '인덕대학교', '서울특별시 노원구 초안산로 12 (월계동, 인덕대학)', 202, '139749'),
	(2414, '한양여자대학교', '서울특별시 성동구 살곶이길 200 (사근동, 한양여자대학)', 202, '133793'),
	(2415, '대동대학교', '부산 금정구 동부곡로 27번길 88 대동대학교', 202, '609-715'),
	(2416, '동명대학', '부산 남구 용당동 동명대학', 202, '608-740'),
	(2417, '동의과학대학교', '부산광역시 부산진구 양지로 54 (양정동, 동의과학대학)', 202, '614715'),
	(2418, '부산경상대학교', '부산 연제구 고분로170 부산경상대학교', 202, '611-701'),
	(2419, '부산과학기술대학교', '부산광역시 북구 시랑로132번길 88 (구포동, 부산과학기술대학교)', 202, '616737'),
	(2420, '부산여자대학교', '부산광역시 부산진구 진남로506번길  부산여자대학교', 202, '614-734'),
	(2421, '부산예술대학교', '부산광역시 남구 못골번영로71번길 74 (대연동, 부산예술대학)', 202, '608817'),
	(2422, '성심외국어대학', '부산광역시 해운대구 반송순환로 142(반송동)', 202, '612-743'),
	(2423, '대구공업대학교', '대구광역시 달서구 구마로 146 (본동, 대구공업대학)', 202, '704721'),
	(2424, '대구과학대학교', '대구 북구 영송로 47번지(태전동390)', 202, '702-723'),
	(2425, '영남이공대학교', '대구광역시 남구 현충로 170(대명동)', 202, '705-703'),
	(2426, '영진전문대학', '대구 북구 복현로 35(복현동 218번지)', 202, '702-020'),
	(2427, '가천길대학', '인천 연수구 함박뫼로 191', 202, '406-799'),
	(2428, '인천재능대학교', '인천 동구 재능로 178(송림동 122번지) 인천재능대학교', 202, '401-714'),
	(2429, '인천전문대학', '인천 남구 석정로 165(도화동 193-6)', 202, '402-750'),
	(2430, '동강대학교', '광주광역시 북구 동문대로 50 (두암동)', 202, '500714'),
	(2431, '조선이공대학교', '광주 동구 필문대로 309-1 조선이공대학교', 202, '501-744'),
	(2432, '대덕대학교', '대전광역시 유성구 가정북로 68 대덕대학교', 202, '305-715'),
	(2433, '대전보건대학교', '대전광역시 동구 충정로 21 (가양2동 77-3)', 202, '300-711'),
	(2434, '우송공업대학', '대전광역시 동구 동대전로 171 (자양동, 우송정보대학, 우송대 서캠퍼스)', 202, '300719'),
	(2435, '혜천대학교', '대전 서구 혜천로 100', 202, '302-715'),
	(2436, '경기과학기술대학교', '경기 시흥시 경기과기대로 269 (정왕동 2121-3)', 202, '429-792'),
	(2437, '경원전문대학', '경기 성남시 수정구 복정동 경원전문대학', 202, '461-702'),
	(2438, '계원예술대학교', '경기도 의왕시 계원대학로 66 (내손동) 계원예술대학교', 202, '437-712'),
	(2439, '국제대학교', '경기 평택시 장안웃길 56번지', 202, '459-070'),
	(2440, '동서울대학교', '경기 성남시 수정구 복정로 76', 202, '461-714'),
	(2441, '두원공과대학교', '경기 안성시 죽산면 관음당길 51 두원공과대학교', 202, '456-718'),
	(2442, '부천대학교', '경기 부천시 원미구 신흥로 56번길 25(심곡동) 부천대학교', 202, '420-735'),
	(2443, '삼육의명대학', '경기 남양주시 별내면 삼육의명대학', 202, '472-742'),
	(2444, '서울보건대학', '경기 성남시 수정구 양지동 서울보건대학', 202, '461-713'),
	(2445, '수원여자대학교', '경기도 수원시 권선구 온정로 72 (오목천동) 인제캠퍼스', 202, '441-748'),
	(2446, '신구대학교', '경기 성남시 중원구 광명로 377', 202, '462-743'),
	(2447, '신안산대학교', '경기도 안산시 단원구 신안산대학로 135 (초지동, 신안산대학교)', 202, '425792'),
	(2448, '신흥대학교', '경기 의정부시 호암로 95번지', 202, '480-701'),
	(2449, '여주대학교', '경기 여주군 여주읍 세종로 338번지', 202, '469-705'),
	(2450, '유한대학교', '경기도 부천시 소사구 경인로 590 (괴안동, 유한대학)', 202, '422749'),
	(2451, '장안대학교', '경기 화성시 봉담읍 삼천병마로 1182 장안대학교', 202, '445-756'),
	(2452, '한국관광대학교', '경기도 이천시 이장로311번길 197-73 (신둔면)', 202, '467745'),
	(2453, '한국철도대학', '경기도 의왕시 철도박물관로 157 (월암동, 한국교통대학교)', 202, '437763'),
	(2454, '강원관광대학교', '강원도 태백시 대학길 97 (황지동, 강원관광대학)', 202, '235711'),
	(2455, '강원도립대학', '강원 강릉시 주문진읍 연주로 270', 202, '210-804'),
	(2456, '동우대학', '강원 속초시 도리원길 5 동우대학', 202, '217-711'),
	(2457, '상지영서대학교', '강원도 원주시 상지대길 84', 202, '220-713'),
	(2458, '세경대학교', '강원 영월군 영월읍 하송로 197', 202, '230-714'),
	(2459, '송곡대학교', '강원 춘천시 남산면 한치로 69-67', 202, '200-911'),
	(2460, '송호대학교', '강원 횡성군 횡성읍 남산로 210', 202, '225-704'),
	(2461, '원주대학', '강원 원주시 흥업면 원주대학', 202, '220-711'),
	(2462, '강동대학교', '충북 음성군 감곡면 대학길 278번지 강동대학교', 202, '369-703'),
	(2463, '대원대학교', '충북 제천시 대학로 316 대원대학교', 202, '390-702'),
	(2464, '충북도립대학', '충북 옥천군 옥천읍 대학길 15', 202, '373-807'),
	(2465, '충북보건과학대학교', '충북 청원군 내수읍 덕암길 10', 202, '363-794'),
	(2466, '충청대학교', '충청북도 청원군 월곡길 38 (강내면, 충청대학)', 202, '363792'),
	(2467, '아주자동차대학', '충청남도 보령시 대학길 106 (주포면, 아주자동차대학)', 202, '355769'),
	(2468, '천안연암대학', '충남 천안시 서북구 성환읍 연암로 313', 202, '330-709'),
	(2469, '백제예술대학교', '전라북도 완주군 백제대학로 171 (봉동읍, 백제예술대학)', 202, '565702'),
	(2470, '벽성대학', '전북 김제시 공덕면 유강3길 133 벽성대학', 202, '576-711'),
	(2471, '전북과학대학교', '전라북도 정읍시 정읍사로 509 (시기동, 전북과학대학)', 202, '580712'),
	(2472, '전주비전대학교', '전북 전주시 완산구 천잠로 235(효자동 2가 1070) 전주비전대학교', 202, '560-760'),
	(2473, '순천제일대학교', '전남 순천시 제일대학길 17', 202, '540-744'),
	(2474, '전남과학대학교', '전남 곡성군 옥과면 대학로 113', 202, '516-911'),
	(2475, '전남도립대학교', '전남 담양군 담양읍 죽녹원로 152', 202, '517-802'),
	(2476, '한영대학', '전남 여수시 여서동 한영대학', 202, '550-704'),
	(2477, '경북과학대학교', '경북 칠곡군 기산면 지산로 634', 202, '718-851'),
	(2478, '경북도립대학교', '경북 예천군 예천읍 도립대학길 114(청복리947-1)', 202, '757-807'),
	(2479, '경산1대학교', '경북 경산시 하양읍 대경로 105길 19', 202, '712-718'),
	(2480, '구미대학교', '경북 구미시 야은로 37', 202, '730-711'),
	(2481, '김천과학대학교', '경북 김천시 삼락동 김천과학대학', 202, '740-703'),
	(2482, '김천대학', '경북 김천시 대학로 214 김천대학', 202, '740-704'),
	(2483, '대경대학교', '경상북도 경산시 단북1길 65 (자인면, 대경대학)', 202, '712719'),
	(2484, '문경대학교', '경북 문경시 호계면 대학길 161', 202, '745-812'),
	(2485, '영남외국어대학', '경북 경산시 남천면 남천로 780-9', 202, '712-880'),
	(2486, '경남도립거창대학', '경남 거창군 거창읍 거창대학로 72', 202, '670-804'),
	(2487, '경남도립남해대학', '경남 남해군 남해읍 화전로 78번길 30', 202, '668-801'),
	(2488, '창신대학', '경남 창원시 마산회원구 팔용로 262 창신대학', 202, '630-764'),
	(2489, '한국승강기대학교', '경남 거창군 거창읍 운정1길 120', 202, '670-802'),
	(2490, '제주관광대학교', '제주특별자치도 제주시 애월읍 평화로 2715 제주관광대학교', 202, '690-791'),
	(2491, '서울교육대학교', '서울 서초구 서초중앙로 96(서초동 1650)', 203, '137-742'),
	(2492, '부산교육대학교', '부산광역시 연제구 교대로 24 (거제동, 부산교육대학교)', 203, '611736'),
	(2493, '대구교육대학교', '대구광역시 남구 중앙대로 219 (대명동)', 203, '705715'),
	(2494, '경인교육대학교', '인천 계양구 계산1동 산59-12', 203, '407-753'),
	(2495, '광주교육대학교', '광주광역시 북구 필문대로55  광주교육대학교', 203, '500-703'),
	(2496, '경인교육대학교', '경기 안양시 만안구 석수동 6-8번지', 203, '430-040'),
	(2497, '춘천교육대학교', '강원도 춘천시 공지로 126 춘천교육대학교', 203, '200-703'),
	(2498, '청주교육대학교', '충청북도 청주시 흥덕구 청남로 2065 (수곡동, 청주교육대학교)', 203, '361712'),
	(2499, '공주교육대학교', '충청남도 공주시 웅진로 27 (봉황동, 공주교육대학교)', 203, '314711'),
	(2500, '전주교육대학교', '전북 전주시 완산구 서학로 50  전주교육대학교', 203, '560-757'),
	(2501, '진주교육대학교', '경상남도 진주시 진양호로369번길 3 (신안동, 진주교육대학교)', 203, '660756'),
	(2502, '가톨릭대학교', '서울특별시 서초구 반포대로 222 (반포동, 가톨릭대학교성의교정)', 204, '137701'),
	(2503, '가톨릭대학교', '서울 종로구 창경궁로 296-12(혜화동)', 204, '110-758'),
	(2504, '감리교신학대학교', '서울특별시 서대문구 독립문로 56 (냉천동, 감리교신학대학)', 204, '120701'),
	(2505, '건국대학교', '서울특별시 광진구 능동로 120 (화양동, 건국대학교)', 204, '143701'),
	(2506, '경기대학교', '서울 서대문구 경기대로9길 24 경기대학교', 204, '120-702'),
	(2507, '경희대학교', '서울특별시 동대문구 경희대로 26 (회기동, 경희대학교)', 204, '130701'),
	(2508, '고려대학교', '서울특별시 성북구 안암로 145 (안암동5가, 고려대학교안암캠퍼스(인문사회계))', 204, '136701'),
	(2509, '광운대학교', '서울특별시 노원구 광운로 20 (월계동, 광운대학교)', 204, '139701'),
	(2510, '국민대학교', '서울 성북구 정릉3동 국민대학교', 204, '136-702'),
	(2511, '그리스도대학교', '서울특별시 강서구 까치산로24길 47 (화곡동, 그리스도대학교)', 204, '157722'),
	(2512, '덕성여자대학교', '서울특별시 도봉구 삼양로 144길 33', 204, '132-714'),
	(2513, '동국대학교', '서울특별시 중구 필동로1길 30 (장충동2가, 동국대학교)', 204, '100715'),
	(2514, '동덕여자대학교', '서울특별시 성북구 화랑로13길 60 (상월곡동, 동덕여자대학교)', 204, '136714'),
	(2515, '명지대학교 인문캠퍼스', '서울특별시 서대문구 거북골로 34 (남가좌동, 명지대학교)', 204, '120728'),
	(2516, '삼육대학교', '서울시 노원구 화랑로 815', 204, '139-742'),
	(2517, '상명대학교', '서울특별시 종로구 홍지문2길 20 (홍지동, 상명대학교)', 204, '110743'),
	(2518, '서강대학교', '서울특별시 마포구 백범로 35 (신수동, 서강대학교)', 204, '121742'),
	(2519, '서경대학교', '서울 성북구 정릉4동 서경대학교', 204, '136-704'),
	(2520, '서울과학기술대학교', '서울 노원구 공릉로 232 (공릉동 172)', 204, '139-743'),
	(2521, '서울기독대학교', '서울 은평구 갈현로 4길 26-2호', 204, '122-879'),
	(2522, '서울대학교', '서울 관악구 관악로 1 서울대학교', 204, '151-742'),
	(2523, '서울시립대학교', '서울 동대문구 서울시립대로 163 (전농동 90번지)', 204, '130-743'),
	(2524, '서울여자대학교', '서울특별시 노원구 화랑로 621 서울여자대학교', 204, '139-774'),
	(2525, '성공회대학교', '서울특별시 구로구 연동로 320 (항동, 성공회대학교)', 204, '152716'),
	(2526, '성균관대학교', '서울특별시 종로구 성균관로 25-2 (명륜3가, 성균관대학교)', 204, '110745'),
	(2527, '성신여자대학교', '서울특별시 성북구 보문로34다길 2 (돈암동, 성신여자대학교)', 204, '136742'),
	(2528, '세종대학교', '서울특별시 광진구 능동로 209 (군자동, 세종대학교)', 204, '143747'),
	(2529, '숙명여자대학교', '서울 용산구 청파로47길 100 숙명여자대학교', 204, '140-742'),
	(2530, '숭실대학교', '서울특별시 동작구 상도로 369 (상도동, 숭실대학교)', 204, '156743'),
	(2531, '연세대학교', '서울특별시 서대문구 연세로 50 (신촌동, 연세대학교)', 204, '120749'),
	(2532, '이화여자대학교', '서울특별시 서대문구 이화여대길 52 이화여자대학교', 204, '120-750'),
	(2533, '장로회신학대학교', '서울 광진구 광장로 5길 25-1(광장동) 장로회신학대학교', 204, '143-756'),
	(2534, '중앙대학교 서울캠퍼스', '서울 동작구 흑석로 84', 204, '156-756'),
	(2535, '총신대학교', '서울 동작구 사당로 143', 204, '156-090'),
	(2536, '추계예술대학교', '서울특별시 서대문구 북아현로11가길 7 (북아현동, 추계예술대학교)', 204, '120763'),
	(2537, '한국성서대학교', '서울특별시 노원구 동일로214길 32 (상계동, 한국성서대학교)', 204, '139791'),
	(2538, '한국외국어대학교', '서울 동대문구 이문로 107', 204, '130-791'),
	(2539, '한국체육대학교', '서울 송파구 오륜동 양재대로 1239 한국체육대학교', 204, '138-763'),
	(2540, '한성대학교', '서울특별시 성북구 삼선교로16길 116 (삼선동2가, 한성대학교)', 204, '136792'),
	(2541, '한양대학교', '서울특별시 성동구 왕십리로 222', 204, '133-070'),
	(2542, '한영신학대학교', '서울 구로구 경인로 290-42  한영신학대학교', 204, '152-717'),
	(2543, '홍익대학교', '서울특별시 마포구 와우산로 94(상수동)', 204, '121-791'),
	(2544, '경성대학교', '부산광역시 남구 수영로 309(대연동)', 204, '608-736'),
	(2545, '고신대학교', '부산광역시 영도구 와치로 194 (동삼동, 고신대학교)', 204, '606701'),
	(2546, '동명대학교', '부산광역시 남구 신선로 428 (용당동, 동명대학교)', 204, '608711'),
	(2547, '동서대학교', '부산광역시 사상구 주례로 476', 204, '617-716'),
	(2548, '동아대학교', '부산광역시 사하구 낙동대로550번길 37 (하단동, 동아대학교)', 204, '604714'),
	(2549, '동의대학교', '부산 부산진구 엄광로 176 동의대학교', 204, '614-714'),
	(2550, '부경대학교', '부산 남구 대연3동 599-1 부경대학교', 204, '608-737'),
	(2551, '부산가톨릭대학교', '부산광역시 금정구 오륜대로 57 (부곡동, 부산가톨릭대학교)', 204, '609817'),
	(2552, '부산대학교', '부산광역시 금정구 부산대학로63번길 2 (장전동)', 204, '609735'),
	(2553, '부산외국어대학교', '부산광역시 금정구 금샘로 485번길 65', 204, '609814'),
	(2554, '신라대학교', '부산광역시 사상구 백양대로 700번길 140(괘법동)', 204, '617-736'),
	(2555, '영산대학교', '부산광역시 해운대구 반송순환로 142(반송동)', 204, '612-743'),
	(2556, '인제대학교', '부산광역시 부산진구 복지로 75 (개금동, 백병원)', 204, '614735'),
	(2557, '한국해양대학교', '부산광역시 영도구 태종로 727 (동삼동, 한국해양대학교)', 204, '606804'),
	(2558, '경북대학교', '대구광역시 북구 대학로 80 경북대학교', 204, '702-701'),
	(2559, '계명대학교', '대구광역시 달서구 달구벌대로 1095 계명대학교 성서캠퍼스', 204, '704-701'),
	(2560, '대구경북과학기술원', '대구광역시 달성군 테크노중앙대로 333 (현풍면)', 204, '711873'),
	(2561, '안양대학교', '인천광역시 강화군 불은면 중앙로 602-14', 204, '417-833'),
	(2562, '인천가톨릭대학교', '인천광역시 강화군 양도면 고려왕릉로 53', 204, '417-852'),
	(2563, '인천가톨릭대학교', '인천광역시 연수구 해송로 12(송도동)', 204, '406-840'),
	(2564, '인천대학교', '인천광역시 연수구 아카데미로 119 (송도동, 인천대학교)', 204, '406772'),
	(2565, '인하대학교', '인천광역시 남구 인하로 100 (용현동, 인하대학교)', 204, '402751'),
	(2566, '광신대학교', '광주광역시 북구 양산택지소로 36 (본촌동, 광신대학교)', 204, '500710'),
	(2567, '광주과학기술원', '광주광역시 북구 첨단과기로 123 (오룡동, 광주과학기술원)', 204, '500712'),
	(2568, '광주대학교', '광주광역시 남구 효덕로 277 (진월동)', 204, '503703'),
	(2569, '광주여자대학교', '광주광역시 광산구 여대길 201 (산정동)', 204, '506713'),
	(2570, '남부대학교', '광주광역시 광산구 첨단중앙로 23 (월계동, 남부대학교)', 204, '506706'),
	(2571, '송원대학교', '광주 남구 송암로 73', 204, '503-742'),
	(2572, '전남대학교', '광주광역시 북구 용봉로 77', 204, '500-757'),
	(2573, '조선대학교', '광주광역시 동구 필문대로 309 (서석동, 조선대학교)', 204, '501759'),
	(2574, '호남대학교', '광주 광산구 어등대로 417', 204, '506-714'),
	(2575, '호남신학대학교', '광주광역시 남구 제중로 77 (양림동, 호남신학대학교)', 204, '503756'),
	(2576, '건양대학교', '대전광역시 서구 관저동로 158 (관저동)', 204, '302-718'),
	(2577, '대전대학교', '대전 동구 대학로 62 (용운동) 대전대학교', 204, '300-716'),
	(2578, '대전신학대학교', '대전시 대덕구 한남로 41번지', 204, '306-819'),
	(2579, '목원대학교', '대전광역시 서구 도안북로 88 (도안동, 목원대학교)', 204, '302318'),
	(2580, '배재대학교', '대전 서구 배재로 155-40(도마동)', 204, '302-735'),
	(2581, '우송대학교', '대전광역시 동구 동대전로 171 (자양동, 우송정보대학, 우송대 서캠퍼스)', 204, '300719'),
	(2582, '을지대학교 대전캠퍼스', '대전광역시 중구 계룡로771번길 77 (목동, 을지대학교)', 204, '301808'),
	(2583, '충남대학교', '대전 유성구 대학로 99 충남대학교', 204, '305-764'),
	(2584, '침례신학대학교', '대전광역시 유성구 북유성대로 190', 204, '305-358'),
	(2585, '한국과학기술원', '대전 유성구 대학로 291 한국과학기술원', 204, '305-701'),
	(2586, '한남대학교', '대전광역시 대덕구 한남로 70 (오정동, 한남대학교)', 204, '306818'),
	(2587, '한밭대학교', '대전 유성구 덕명동 한밭대학교', 204, '305-719'),
	(2588, '울산과학기술대학교', '울산 울주군 언양읍 반연리 유니스트길 50', 204, '689-805'),
	(2589, '울산대학교', '울산광역시 남구 대학로 93 (무거동, 울산대학교)', 204, '680749'),
	(2590, '고려대학교 세종캠퍼스', '세종특별자치시  세종로 2511 (조치원읍)', 204, '339700'),
	(2591, '대전가톨릭대학교', '세종특별자치시 전의면 가톨릭대학로 30', 204, '339-854'),
	(2592, '가천대학교', '경기 성남시 수정구 성남대로 1342 (복정동)', 204, '461-701'),
	(2593, '가톨릭대학교', '경기도 부천시 원미구 지봉로 43 (역곡동)', 204, '420743'),
	(2594, '강남대학교', '경기도 용인시 기흥구 강남로 40 (구갈동, 강남대학교)', 204, '446702'),
	(2595, '경기대학교', '경기 수원시 영통구 광교산로 154-42 경기대학교', 204, '443-760'),
	(2596, '경동대학교', '경기도 양주시 청담로 95 (고암동)', 204, '482010'),
	(2597, '단국대학교', '경기도 용인시 수지구 죽전로 152 (죽전동, 단국대학교죽전캠퍼스)', 204, '448701'),
	(2598, '대진대학교', '경기도 포천시 호국로 1007 (선단동, 대진대학교)', 204, '487711'),
	(2599, '루터대학교', '경기 용인시 기흥구 상갈동 금화로82번길 20 루터대학교', 204, '446-700'),
	(2600, '명지대학교 자연캠퍼스', '경기도 용인시 처인구 명지로 116 (남동, 명지대학교용인캠퍼스)', 204, '449728'),
	(2601, '서울신학대학교', '경기도 부천시 소사구 호현로489번길 52 (소사본동, 서울신학대학교)', 204, '422742'),
	(2602, '서울장신대학교', '경기 광주시 경안로 145 (경안동 219-1) 서울장신대학교', 204, '464-742'),
	(2603, '성결대학교', '경기 안양시 만안구 성결대학로 53', 204, '430-742'),
	(2604, '수원가톨릭대학교', '경기도 화성시 왕림1길 67 (봉담읍, 수원가톨릭대학교)', 204, '445744'),
	(2605, '수원대학교', '경기도 화성시 와우안길 17 (봉담읍, 수원대학교)', 204, '445743'),
	(2606, '신경대학교', '경기 화성시 남양동 신경대학교', 204, '445-741'),
	(2607, '신한대학교', '경기도 동두천시 벌마들로40번길 30', 204, '483777'),
	(2608, '신한대학교', '경기도 의정부시 망월로 10-1 (호원동, 신흥대학)', 204, '480854'),
	(2609, '아세아연합신학대학교', '경기 양평군 옥천면 경강로 1276', 204, '476-751'),
	(2610, '아주대학교', '경기도 수원시 영통구 월드컵로 206 (원천동, 아주대학교)', 204, '443749'),
	(2611, '안양대학교', '경기 안양시 만안구 삼덕로 37번길 22(안양동)', 204, '430-714'),
	(2612, '예원예술대학교 양주캠퍼스', '경기도 양주시 화합로 1134번길 110', 204, '482863'),
	(2613, '용인대학교', '경기 용인시 처인구 용인대학로 134', 204, '449-714'),
	(2614, '을지대학교 성남캠퍼스', '경기도 성남시 수정구 산성대로 553 (양지동, 을지대학교)', 204, '461713'),
	(2615, '중앙대학교 안성캠퍼스', '경기 안성시 대덕면 서동대로 4726', 204, '456-756'),
	(2616, '중앙승가대학교', '경기 김포시 승가로 123 (풍무동)', 204, '415-768'),
	(2617, '차의과학대학교', '경기 포천시 해룡로 120', 204, '487-010'),
	(2618, '칼빈대학교', '경기 용인시 기흥구 마북동 142-12', 204, '446-912'),
	(2619, '평택대학교', '경기도 평택시 서동대로 3825 (용이동, 평택대학교)', 204, '450701'),
	(2620, '한경대학교', '경기 안성시 중앙로 327(석정동)', 204, '456-749'),
	(2621, '한국산업기술대학교', '경기 시흥시 산기대학로 237 (정왕동)', 204, '429-793'),
	(2622, '한국외국어대학교', '경기 용인시 모현면 외대로81', 204, '449-854'),
	(2623, '한국항공대학교', '경기 고양시 덕양구 항공대학로 76', 204, '412-791'),
	(2624, '한북대학교', '경기도 동두천시 벌마들로40번길 30 (상패동, 한북대학교)', 204, '483777'),
	(2625, '한세대학교', '경기 군포시 한세로 30 (한세대학교)', 204, '435-742'),
	(2626, '한신대학교', '경기도 오산시 한신대길 137 (양산동, 한신대학교)', 204, '447791'),
	(2627, '한양대학교', '경기도 안산시 상록구 한양대학로 55 (사동, 한양대학교)', 204, '426791'),
	(2628, '협성대학교', '경기 화성시 봉담읍 상리 협성대학교', 204, '445-745'),
	(2629, '강릉원주대학교', '강원도 강릉시 죽헌길 7 (지변동, 강릉원주대학교)', 204, '210702'),
	(2630, '강릉원주대학교', '강원도 원주시 남원로 150 (흥업면, 강릉원주대학교원주캠퍼스)', 204, '220711'),
	(2631, '강원대학교', '강원 춘천시 강원대학길1(효자동) 강원대학교', 204, '200-701'),
	(2632, '강원대학교', '강원 삼척시 중앙로 346(교동 산 253)', 204, '245-932'),
	(2633, '경동대학교', '강원도 고성군 봉포4길 46 (토성면)', 204, '219705'),
	(2634, '경동대학교', '강원 속초시 도리원길 5 (산244번지)', 204, '217-070'),
	(2635, '경동대학교', '강원 원주시 문막읍 견훤로 815 (산58-2)', 204, '220-800'),
	(2636, '관동대학교', '강원도 강릉시 범일로 579번길 24(내곡동)', 204, '210-701'),
	(2637, '상지대학교', '강원도 원주시 상지대길 83번지(우산동)', 204, '220-702'),
	(2638, '연세대학교 원주캠퍼스', '강원도 원주시 연세대길 1', 204, '220-710'),
	(2639, '한라대학교', '강원 원주시 흥업면 한라대길 28', 204, '220-712'),
	(2640, '한림대학교', '강원 춘천시 한림대학길 1 한림대학교', 204, '200-702'),
	(2641, '한중대학교', '강원 동해시 지흥동 산119 한중대학교', 204, '240-713'),
	(2642, '건국대학교', '충북 충주시 충원대로 268 건국대학교 GLOCAL캠퍼스', 204, '380-701'),
	(2643, '극동대학교', '충청북도 음성군 대학길 76-32 (감곡면, 극동대학교)', 204, '369700'),
	(2644, '꽃동네대학교', '충북 청원군 현도면 상삼길 133', 204, '363-823'),
	(2645, '서원대학교', '충청북도 청주시 흥덕구 무심서로 377-3 (모충동, 서원대학교)', 204, '361742'),
	(2646, '세명대학교', '충청북도 제천시 세명로 65 (신월동, 세명대학교)', 204, '390711'),
	(2647, '영동대학교', '충청북도 영동군 대학로 310 (영동읍, 영동대학교)', 204, '370701'),
	(2648, '중원대학교', '충청북도 괴산군 문무로 85 (괴산읍, 중원대학교)', 204, '367700'),
	(2649, '청주대학교', '충북 청주시 상당구 대성로 298(내덕동)', 204, '360-764'),
	(2650, '충북대학교', '충북 청주시 흥덕구 내수동로 52(개신동)', 204, '361-763'),
	(2651, '한국교원대학교', '충청북도 청원군 태성탑연로 250 (강내면, 한국교원대학교)', 204, '363791'),
	(2652, '한국교통대학교', '충북 충주시 대소원면 대학로 50 한국교통대학교', 204, '380-702'),
	(2653, '건양대학교', '충청남도 논산시 대학로 121 (내동, 건양대학교)', 204, '320-711'),
	(2654, '공주대학교', '충청남도 공주시 공주대학로 56 (신관동, 공주대학교)', 204, '314701'),
	(2655, '금강대학교', '충청남도 논산시 상월로 522 (상월면, 금강대학교)', 204, '320931'),
	(2656, '나사렛대학교', '충남 천안시 쌍용2동 456번 나사렛대학교', 204, '330-718'),
	(2657, '남서울대학교', '충남 천안시 성환읍 대학로91 남서울대학교', 204, '330-707'),
	(2658, '단국대학교', '충청남도 천안시 동남구 단대로 119 (안서동, 단국대학교천안캠퍼스)', 204, '330714'),
	(2659, '단국대학교', '충청남도 천안시 동남구 단대로 119 (안서동, 단국대학교천안캠퍼스)', 204, '330714'),
	(2660, '백석대학교', '충남 천안시 안서동 문암로 76  백석대학교', 204, '330-704'),
	(2661, '상명대학교', '충남 천안시 동남구 상명대길 31', 204, '330-720'),
	(2662, '서남대학교', '충청남도 아산시 평촌길 7-111 (송악면, 서남대학교)', 204, '336922'),
	(2663, '선문대학교', '충청남도 아산시 선문로221번길 70 (탕정면, 선문대학교)', 204, '336-708'),
	(2664, '세한대학교', '충남 당진시 신평면 남산길 71-200 세한대학교', 204, '343-810'),
	(2665, '순천향대학교', '충남 아산시 신창면 순천향로 22', 204, '336-745'),
	(2666, '중부대학교', '충청남도 금산군 대학로 201 (추부면)', 204, '312702'),
	(2667, '한국기술교육대학교', '충남 천안시 동남구 병천면 충절로 1600', 204, '330-861'),
	(2668, '한국전통문화대학교', '충남 부여군 규암면 백제문로 367', 204, '323-812'),
	(2669, '한서대학교', '충청남도 서산시 한서1로 46 (해미면) 한서대학교', 204, '356706'),
	(2670, '호서대학교', '충청남도 아산시 호서로79번길 20 (배방읍, 호서대학교)', 204, '336795'),
	(2671, '홍익대학교 세종캠퍼스', '세종특별자치시 조치원읍 세종로 2639 (신안리 300)', 204, '339-701'),
	(2672, '군산대학교', '전라북도 군산시 대학로 558(미룡동 군산대학교)', 204, '573-701'),
	(2673, '서남대학교', '전라북도 남원시 춘향로 439 (광치동, 서남대학교)', 204, '590711'),
	(2674, '예수대학교', '전라북도 전주시 완산구 서원로 383 (중화산동1가, 예수대학교)', 204, '560714'),
	(2675, '예원예술대학교', '전라북도 임실군 창인로 117 (신평면, 예원예술학교)', 204, '566822'),
	(2676, '우석대학교', '전라북도 완주군 삼례로 443 (삼례읍, 우석대학교)', 204, '565701'),
	(2677, '원광대학교', '전라북도 익산시 익산대로 460 (신동, 원광대학교)', 204, '570749'),
	(2678, '전북대학교', '전라북도 전주시 덕진구 백제대로 567', 204, '561756'),
	(2679, '전주대학교', '전북 전주시 완산구 천잠로 303 전주대학교', 204, '560-759'),
	(2680, '한일장신대학교', '전라북도 완주군 왜목로 726-15 (상관면, 한일장신대학교)', 204, '565706'),
	(2681, '광주가톨릭대학교', '전남 나주시 남평읍 중남길 12-25 광주가톨릭대학교', 204, '520-710'),
	(2682, '동신대학교', '전남 나주시 건재로 185 동신대학교', 204, '520-714'),
	(2683, '목포가톨릭대학교', '전남 목포시 영산로 697 목포가톨릭대학교', 204, '530-742'),
	(2684, '목포대학교', '전남 무안군 청계면 영산로 1666  목포대학교', 204, '534-729'),
	(2685, '목포해양대학교', '전라남도 목포시 해양대학로 91 목포해양대학교', 204, '530-729'),
	(2686, '세한대학교', '전남 영암군 삼호읍 녹색로 1113 세한대학교', 204, '526-890'),
	(2687, '순천대학교', '전라남도 순천시 중앙로 255 (석현동, 순천대학교)', 204, '540950'),
	(2688, '영산선학대학교', '전남 영광군 백수읍 성지로 1357', 204, '513-902'),
	(2689, '전남대학교', '전남 여수시 대학로 50', 204, '550-749'),
	(2690, '초당대학교', '전라남도 무안군 무안로 380 (무안읍, 초당대학교)', 204, '534701'),
	(2691, '한려대학교', '전남 광양시 한려대길 94-13 (덕례리 1268-1번지)', 204, '545-704'),
	(2692, '가야대학교', '경상북도 고령군 대가야로 1103 (고령읍, 가야대학교)', 204, '717801'),
	(2693, '경운대학교', '경북 구미시 산동면 강동로 730', 204, '730-739'),
	(2694, '경일대학교', '경북 경산시 하양읍 가마실길 50 경일대학교', 204, '712-701'),
	(2695, '경주대학교', '경북 경주시 태종로 188 경주대학교', 204, '780-712'),
	(2696, '금오공과대학교', '경북 구미시 대학로 61 금오공과대학교', 204, '730-701'),
	(2697, '김천대학교', '경북 김천시 대학로 214 김천대학교', 204, '740-704'),
	(2698, '대구가톨릭대학교', '경북 경산시 하양읍 하양로 13-13', 204, '712702'),
	(2699, '대구대학교', '경북 경산시 진량읍 대구대로 201 대구대학교경산캠퍼스', 204, '712-714'),
	(2700, '대구예술대학교', '경상북도 칠곡군 가산면 다부 거문1길 202', 204, '718-912'),
	(2701, '대구외국어대학교', '경북 경산시 남천면 남천로 730  대구외국어대학교', 204, '712-721'),
	(2702, '대구한의대학교', '경상북도 경산시 한의대로 1 (유곡동, 대구한의대학교)', 204, '712715'),
	(2703, '대신대학교', '경북 경산시 백천동 경청로 222길 33', 204, '712-713'),
	(2704, '동국대학교', '경북 경주시 동대로 123번지 동국대학교 경주캠퍼스', 204, '780-714'),
	(2705, '동양대학교', '경상북도 영주시 동양대로 145 동양대학교', 204, '750711'),
	(2706, '안동대학교', '경북 안동시 경동로 1375(송천동) 안동대학교', 204, '760-749'),
	(2707, '영남대학교', '경상북도 경산시 대학로 280 영남대학교', 204, '712-749'),
	(2708, '영남신학대학교', '경상북도 경산시 봉회1길 26 (진량읍)', 204, '712720'),
	(2709, '위덕대학교', '경북 경주시 강동면 동해대로 261', 204, '780-713'),
	(2710, '포항공과대학교', '경상북도 포항시 남구 효자동 산 31번지', 204, '790-784'),
	(2711, '한동대학교', '경북 포항시 북구 흥해읍 한동로 558  한동대학교', 204, '791-708'),
	(2712, '가야대학교', '경상남도 김해시 삼계로 208 (삼계동)', 204, '621748'),
	(2713, '경남과학기술대학교', '경남 진주시 동진로33 경남과학기술대학교', 204, '660-758'),
	(2714, '경남대학교', '경상남도 창원시 마산합포구 경남대학로 7 (월영동, 경남대학교)', 204, '631701'),
	(2715, '경상대학교', '경남 진주시 진주대로 501', 204, '660-701'),
	(2716, '부산장신대학교', '경남 김해시 김해대로 1894-68(구산동764번지)', 204, '621-747'),
	(2717, '영산대학교', '경상남도 양산시 주남로 288(주남동)', 204, '626-847'),
	(2718, '인제대학교', '경상남도 김해시 인제로 197 (어방동, 인제대학교)', 204, '621749'),
	(2719, '창신대학교', '경상남도 창원시 마산회원구 팔용로 262 (합성동, 창신대학교)', 204, '630764'),
	(2720, '창원대학교', '경남 창원시 의창구 창원대학로 20', 204, '641-773'),
	(2721, '한국국제대학교', '경상남도 진주시 동부로 965 (문산읍, 한국국제대학교)', 204, '660759'),
	(2722, '제주국제대학교', '제주 제주시 516로 2870(영평동)', 204, '690-714'),
	(2723, '제주대학교', '제주특별자치도 제주시 아라1동 제주대학로 102', 204, '690-756'),
	(2724, '탐라대학교', '제주특별자치도 제주시 516로 2870 (영평동)', 204, '690714'),
	(2725, '한국방송통신대학교', '서울특별시 종로구 대학로 86 (동숭동, 한국방송통신대학교)', 205, '110791'),
	(2726, '서울과학기술대학교', '서울시 노원구 공릉로 232 서울과학기술대학교', 206, '139-743'),
	(2727, '동명정보대학교', '부산 남구 용당동 동명정보대학교', 206, '608-711'),
	(2728, '영산대학교(산업대)', '부산광역시 해운대구 반송순환로 142(반송동)', 206, '612-743'),
	(2729, '광주대학교(산업대)', '광주광역시 남구 효덕로 277 (진월동)', 206, '503703'),
	(2730, '우송대학교', '대전광역시 동구 동대전로 171 (자양동, 우송정보대학, 우송대 서캠퍼스)', 206, '300719'),
	(2731, '한밭대학교', '대전 유성구 덕명동 산16-1 한밭대학교', 206, '305-719'),
	(2732, '한경대학교', '경기 안성시 중앙로 327 (석정동)', 206, '456-749'),
	(2733, '한국산업기술대학교', '경기도 시흥시 산기대학로237(정왕동)', 206, '429-793'),
	(2734, '한국교통대학교', '충북 충주시 대소원면 대학로 50', 206, '380-702'),
	(2735, '남서울대학교', '충남 천안시 성환읍 대학로 91 남서울대학교', 206, '330-707'),
	(2736, '청운대학교', '충남 홍성군 홍성읍 대학길 25', 206, '350-701'),
	(2737, '호원대학교', '전라북도 군산시 호원대3길 64 (임피면, 호원대학교)', 206, '573718'),
	(2738, '초당대학교', '전라남도 무안군 무안로 380 (무안읍, 초당대학교)', 206, '534701'),
	(2739, '한려대학교', '전남 광양시 광양읍 한려대길 94-13 (덕례리 1268-1번지)', 206, '545-704'),
	(2740, '경운대학교', '경북 구미시 산동면 강동로 730', 206, '730-739'),
	(2741, '영산대학교(산업대)', '경상남도 양산시 주남로 288(주남동)', 206, '626-790'),
	(2742, '진주산업대학교', '경남 진주시 동진로 33 경남과학기술대학교', 206, '660-758'),
	(2743, '정석대학', '서울 강서구 오정로576(공항동)', 207, '157-816'),
	(2744, '구세군사관학교', '경기도 과천시 관악산길 216 (중앙동, 구세군사관학교)', 208, '427806'),
	(2745, '한국예술종합학교', '서울 성북구 석관동', 209, '136-150'),
	(2746, '대전신학교', '대전 대덕구 오정동 226-22', 209, '306-819'),
	(2747, '순복음총회신학교', '충청북도 제천시 도전로 320 (덕산면)', 209, '390851'),
	(2748, '가톨릭대학교 일반대학원', '서울특별시 서초구 반포대로 222 (반포동, 가톨릭대학교성의교정)', 210, '137701'),
	(2749, '가톨릭대학교 일반대학원', '서울특별시 종로구 창경궁로 296-12 (혜화동, 가톨릭대학교성신교정)', 210, '110758'),
	(2750, '감리교신학대학교대학원', '서울특별시 서대문구 독립문로 56 (냉천동, 감리교신학대학)', 210, '120701'),
	(2751, '건국대학교일반대학원', '서울 광진구 능동로 120', 210, '143-914'),
	(2752, '경기대학교 일반대학원', '서울 서대문구 충정로2가 경기대학교', 210, '120-702'),
	(2753, '경희대학교대학원', '서울특별시 동대문구 경희대로 26 (회기동, 경희대학교)', 210, '130701'),
	(2754, '고려대학교 대학원', '서울특별시 성북구 안암로 145 (안암동5가, 고려대학교안암캠퍼스(인문사회계))', 210, '136701'),
	(2755, '광운대학교대학원', '서울특별시 노원구 광운로 20 (월계동, 광운대학교)', 210, '139701'),
	(2756, '국민대학교대학원', '서울 성북구 정릉3동 국민대학교', 210, '136-702'),
	(2757, '그리스도대학교일반대학원', '서울특별시 강서구 까치산로24길 47 (화곡동, 그리스도대학교)', 210, '157722'),
	(2758, '덕성여자대학교 대학원', '서울 도봉구 삼양로 144길 33', 210, '132-030'),
	(2759, '동국대학교 대학원', '서울특별시 중구 필동로1길 30 (장충동2가, 동국대학교)', 210, '100715'),
	(2760, '동덕여자대학교일반대학원', '서울특별시 성북구 화랑로13길 60 (상월곡동, 동덕여자대학교)', 210, '136714'),
	(2761, '삼육대학교 대학원', '서울시 노원구 화랑로 815', 210, '139-742'),
	(2762, '상명대학교 대학원', '서울특별시 종로구 홍지문2길 20 (홍지동, 상명대학교)', 210, '110743'),
	(2763, '서강대학교대학원', '서울특별시 마포구 백범로 35 (신수동, 서강대학교)', 210, '121742'),
	(2764, '서경대학교일반대학원', '서울 성북구 정릉4동 서경대학교', 210, '136-704'),
	(2765, '서울과학기술대학교 일반대학원', '서울 노원구 공릉로 232 (공릉동 172)', 210, '139-240'),
	(2766, '서울기독대학교대학원', '서울 은평구 갈현로 4길 26-2호', 210, '122-879'),
	(2767, '서울대학교 대학원', '서울 관악구 관악로 1 서울대학교 대학원', 210, '151-742'),
	(2768, '서울시립대학교대학원', '서울 동대문구 서울시립대로 163 (전농동 90번지)', 210, '130-743'),
	(2769, '서울여자대학교 대학원', '서울특별시 노원구 화랑로 621 서울여자대학교', 210, '139-774'),
	(2770, '성공회대학교대학원', '서울특별시 구로구 연동로 320 (항동, 성공회대학교)', 210, '152716'),
	(2771, '성균관대학교 일반대학원', '서울특별시 종로구 성균관로 25-2 (명륜3가, 성균관대학교)', 210, '110745'),
	(2772, '성신여자대학교대학원', '서울특별시 성북구 보문로34다길 2 (돈암동, 성신여자대학교)', 210, '136742'),
	(2773, '세종대학교일반대학원', '서울특별시 광진구 능동로 209 (군자동, 세종대학교)', 210, '143747'),
	(2774, '숙명여자대학교 일반대학원', '서울 용산구 청파로47길 100 숙명여자대학교', 210, '140-742'),
	(2775, '숭실대학교 대학원', '서울특별시 동작구 상도로 369 (상도동, 숭실대학교) 웨스트민스터홀 658호', 210, '156743'),
	(2776, '연세대학교대학원', '서울특별시 서대문구 연세로 50 (신촌동, 연세대학교)', 210, '120749'),
	(2777, '이화여자대학교 대학원', '서울특별시 서대문구 이화여대길 52 이화여자대학교', 210, '120-750'),
	(2778, '장로회신학대학교 일반대학원', '서울 광진구 광장로 5길 25-1(광장동) 장로회신학대학교', 210, '143-756'),
	(2779, '중앙대학교 대학원', '서울 동작구 흑석로 84', 210, '156-756'),
	(2780, '총신대학교일반대학원', '서울 동작구 사당로 143', 210, '156-763'),
	(2781, '추계예술대학교 일반대학원', '서울특별시 서대문구 북아현로11가길 7 (북아현동, 추계예술대학교)', 210, '120763'),
	(2782, '한국성서대학교대학원', '서울특별시 노원구 동일로214길 32 (상계동, 한국성서대학교)', 210, '139791'),
	(2783, '한국외국어대학교 일반대학원', '서울특별시 동대문구 이문로 107', 210, '130791'),
	(2784, '한국체육대학교 대학원', '서울 송파구 오륜동 양재대로 1239 한국체육대학교', 210, '138-763'),
	(2785, '한성대학교일반대학원', '서울특별시 성북구 삼선교로16길 116 (삼선동2가, 한성대학교)', 210, '136792'),
	(2786, '한양대학교대학원', '서울특별시 성동구 왕십리로 222 (사근동, 한양대학교)', 210, '133791'),
	(2787, '한영신학대학교일반대학원', '서울 구로구 경인로 290-42 한영신학대학', 210, '152-717'),
	(2788, '홍익대학교 대학원', '서울특별시 마포구 와우산로 94(상수동)', 210, '121-791'),
	(2789, '경성대학교 일반대학원', '부산광역시 남구 수영로 309(대연동)', 210, '608-736'),
	(2790, '고신대학교 대학원', '부산광역시 영도구 와치로 194 (동삼동, 고신대학교)', 210, '606701'),
	(2791, '동명대학교 일반대학원', '부산광역시 남구 신선로 428 (용당동, 동명대학교)', 210, '608711'),
	(2792, '동서대학교일반대학원', '부산광역시 사상구 주례로 476', 210, '617-716'),
	(2793, '동아대학교 대학원', '부산광역시 사하구 낙동대로550번길 37 (하단동, 동아대학교)', 210, '604714'),
	(2794, '동의대학교대학원', '부산 부산진구 엄광로 176 동의대학교', 210, '614-714'),
	(2795, '부경대학교대학원', '부산 남구 대연3동 부경대학교대연캠퍼스', 210, '608-737'),
	(2796, '부산가톨릭대학교대학원', '부산광역시 금정구 오륜대로 57 (부곡동, 부산가톨릭대학교)', 210, '609817'),
	(2797, '부산대학교 일반대학원', '부산광역시 금정구 부산대학로63번길 2 (장전동, 엔씨백화점부산대점)', 210, '609735'),
	(2798, '부산외국어대학교대학원', '부산광역시 금정구 금샘로 485번길 65', 210, '609815'),
	(2799, '신라대학교 대학원', '부산 사상구 백양대로 700번길 140(괘법동)', 210, '617-736'),
	(2800, '영산대학교 일반대학원', '부산광역시 해운대구 반송순환로 142(반송동 )', 210, '612-080'),
	(2801, '한국해양대학교대학원', '부산 영도구 태종로 727(동삼동)', 210, '606-080'),
	(2802, '경북대학교 일반대학원', '대구 북구 대학로 80번지 경북대 대학원', 210, '702-701'),
	(2803, '계명대학교 대학원', '대구광역시 달서구 달구벌대로 1095 계명대학교 성서캠퍼스', 210, '704-701'),
	(2804, '대구경북과학기술원 일반대학원', '대구광역시 달성군 현풍면 테크노중앙대로 333번지', 210, '711-873'),
	(2805, '인천가톨릭대학교 일반대학원', '인천 연수구 송도동 해송로 12(송도동)', 210, '406-840'),
	(2806, '인천가톨릭대학교대학원', '인천광역시 강화군 양도면 고려왕릉로 53', 210, '417-852'),
	(2807, '인천대학교대학원', '인천광역시 연수구 아카데미로 119 (송도동, 인천대학교)', 210, '406772'),
	(2808, '인하대학교대학원', '인천 남구 용현동 인하로 100', 210, '402-020'),
	(2809, '광신대학교대학원', '광주광역시 북구 양산택지소로 36 (본촌동, 광신대학교)', 210, '500710'),
	(2810, '광주과학기술원 일반대학원', '광주광역시 북구 첨단과기로 123 (오룡동, 광주과학기술원)', 210, '500712'),
	(2811, '광주대학교 일반대학원', '광주광역시 남구 효덕로 277 (진월동)', 210, '503703'),
	(2812, '광주여자대학교 일반대학원', '광주광역시 광산구 여대길 201 (산정동)', 210, '506713'),
	(2813, '남부대학교 일반대학원', '광주광역시 광산구 첨단중앙로 23 (월계동, 남부대학교)', 210, '506706'),
	(2814, '전남대학교대학원', '광주 북구 용봉로 77', 210, '500-757'),
	(2815, '조선대학교대학원', '광주광역시 동구 필문대로 309 (서석동, 조선대학교)', 210, '501759'),
	(2816, '호남대학교 일반대학원', '광주 광산구 어등대로 417', 210, '506-714'),
	(2817, '호남신학대학교대학원', '광주광역시 남구 제중로 77 (양림동, 호남신학대학교)', 210, '503756'),
	(2818, '건양대학교 일반대학원', '대전광역시 서구 관저동로 158 (관저동)', 210, '302-718'),
	(2819, '대전대학교 일반대학원', '대전 동구 대학로 62 (용운동) 대전대학교', 210, '300-716'),
	(2820, '대전신학대학교 일반대학원', '대전 대덕구 한남로 41(오정동)', 210, '306-819'),
	(2821, '목원대학교일반대학원', '대전광역시 서구 도안북로 88 (도안동, 목원대학교)', 210, '302318'),
	(2822, '배재대학교대학원', '대전광역시 서구 배재로155-40(도마동)', 210, '302-735'),
	(2823, '우송대학교 일반대학원', '대전광역시 동구 동대전로 171 (자양동, 우송정보대학, 우송대 서캠퍼스)', 210, '300719'),
	(2824, '을지대학교일반대학원', '대전광역시 중구 계룡로771번길 77 (목동, 을지대학교)', 210, '301808'),
	(2825, '충남대학교대학원', '대전 유성구 대학로 99 충남대학교', 210, '305-764'),
	(2826, '침례신학대학교대학원', '대전 유성구 북유성대로 190', 210, '305-358'),
	(2827, '한국과학기술원 일반대학원', '대전 유성구 대학로 291 한국과학기술원', 210, '305-701'),
	(2828, '한남대학교대학원', '대전광역시 대덕구 한남로 70 (오정동, 한남대학교)', 210, '306818'),
	(2829, '한밭대학교 일반대학원', '대전 유성구 덕명동 한밭대학교', 210, '305-719'),
	(2830, '울산과학기술대학교 일반대학원', '울산 울주군 언양읍 반연리 유니스트길 50', 210, '689-805'),
	(2831, '울산대학교 대학원', '울산광역시 남구 대학로 93 (무거동, 울산대학교)', 210, '680749'),
	(2832, '고려대학교 일반대학원', '세종특별자치시  세종로 2511 (조치원읍)', 210, '339700'),
	(2833, '대전가톨릭대학교 대학원', '세종특별자치시 전의면 가톨릭대학교 로 30', 210, '339-854'),
	(2834, '가천대학교 일반대학원', '경기 성남시 수정구 성남대로 1342 (복정동)', 210, '461-701'),
	(2835, '가톨릭대학교대학원', '경기도 부천시 원미구 지봉로 43 (역곡동)', 210, '420743'),
	(2836, '강남대학교대학원', '경기도 용인시 기흥구 강남로 40 (구갈동, 강남대학교)', 210, '446702'),
	(2837, '단국대학교 일반대학원', '경기도 용인시 수지구 죽전로 152 (죽전동, 단국대학교죽전캠퍼스)', 210, '448701'),
	(2838, '대진대학교 대학원', '경기도 포천시 호국로 1007 (선단동, 대진대학교)', 210, '487711'),
	(2839, '명지대학교 대학원', '경기도 용인시 처인구 명지로 116 (남동, 명지대학교용인캠퍼스)', 210, '449728'),
	(2840, '서울신학대학교대학원', '경기도 부천시 소사구 호현로489번길 52 (소사본동, 서울신학대학교)', 210, '422742'),
	(2841, '서울장신대학교 일반대학원', '경기 광주시 경안로 145 (경안동 219-1) 서울장신대학교', 210, '464-742'),
	(2842, '성결대학교일반대학원', '경기도 안양시 만안구 성결대학로 53', 210, '430-742'),
	(2843, '수원가톨릭대학교대학원', '경기도 화성시 왕림1길 67 (봉담읍, 수원가톨릭대학교)', 210, '445744'),
	(2844, '수원대학교일반대학원', '경기 화성시 봉담읍 와우안길 17 수원대학교', 210, '445-743'),
	(2845, '아세아연합신학대학교대학원', '경기 양평군 옥천면 경강로 1276', 210, '476-751'),
	(2846, '아주대학교대학원', '경기도 수원시 영통구 월드컵로 206 (원천동, 아주대학교)', 210, '443749'),
	(2847, '안양대학교대학원', '경기 안양시 만안구 삼덕로 37번길 22(안양동)', 210, '430-714'),
	(2848, '용인대학교일반대학원', '경기 용인시 처인구 삼가동 용인대학로 134', 210, '449-714'),
	(2849, '중앙대학교 대학원', '경기 안성시 대덕면 서동대로 4726', 210, '456-756'),
	(2850, '중앙승가대학교대학원', '경기 김포시 승가로 123 (풍무동) 중앙승가대학교', 210, '415-768'),
	(2851, '차의과학대학교 대학원', '경기 포천시 해룡로 120', 210, '487-010'),
	(2852, '칼빈대학교대학원', '경기 용인시 기흥구 마북동 142-12', 210, '446-912'),
	(2853, '평택대학교 일반대학원', '경기도 평택시 서동대로 3825 (용이동, 평택대학교)', 210, '450701'),
	(2854, '한경대학교 일반대학원', '경기 안성시 중앙로 327(석정동)', 210, '456-749'),
	(2855, '한국산업기술대학교 일반대학원', '경기 시흥시 산기대학로 237 (정왕동)', 210, '429-793'),
	(2856, '한국외국어대학교 일반대학원', '경기도 용인시 처인구 외대로 81', 210, '449791'),
	(2857, '한국학대학원', '경기 성남시 분당구 하오개로 323 한국학중앙연구원', 210, '463-791'),
	(2858, '한국항공대학교대학원', '경기 고양시 덕양구  항공대학로 76', 210, '412-791'),
	(2859, '한세대학교 대학원', '경기 군포시 한세로 30', 210, '435-742'),
	(2860, '한신대학교대학원', '경기도 오산시 한신대길 137 (양산동, 한신대학교)', 210, '447791'),
	(2861, '한양대학교 대학원', '경기도 안산시 상록구 한양대학로 55 (사동, 한양대학교)', 210, '426791'),
	(2862, '협성대학교일반대학원', '경기 화성시 봉담읍 상리 협성대학교', 210, '445-745'),
	(2863, '강릉원주대학교대학원', '강원도 강릉시 죽헌길 7 (지변동, 강릉원주대학교)', 210, '210702'),
	(2864, '강릉원주대학교대학원', '강원도 원주시 남원로 150 (흥업면, 강릉원주대학교원주캠퍼스)', 210, '220711'),
	(2865, '강원대학교일반대학원', '강원 춘천시 강원대학길1(효자동) 강원대학교', 210, '200-701'),
	(2866, '관동대학교일반대학원', '강원도 강릉시 범일로 579번길 24(내곡동)', 210, '210-701'),
	(2867, '상지대학교대학원', '강원도 원주시 상지대길 83번지(우산동)', 210, '220-702'),
	(2868, '한림대학교대학원', '강원 춘천시 한림대학길 1 한림대학교', 210, '200-702'),
	(2869, '한중대학교 일반대학원', '강원도 동해시 지양길 200 (지흥동, 한중대학교)', 210, '240713'),
	(2870, '건국대학교 일반대학원', '충북 충주시 충원대로 268 건국대학교 글로컬캠퍼스', 210, '380-701'),
	(2871, '극동대학교일반대학원', '충청북도 음성군 대학길 76-32 (감곡면, 극동대학교)', 210, '369700'),
	(2872, '세명대학교일반대학원', '충청북도 제천시 세명로 65 (신월동, 세명대학교)', 210, '390711'),
	(2873, '중원대학교 일반대학원', '충청북도 괴산군 문무로 85 (괴산읍, 중원대학교)', 210, '367700'),
	(2874, '청주대학교일반대학원', '충북 청주시 상당구 대성로 298(내덕동)', 210, '360-764'),
	(2875, '충북대학교 대학원', '충북 청주시 흥덕구 내수동로 52(개신동)', 210, '361-763'),
	(2876, '한국교원대학교대학원', '충청북도 청원군 태성탑연로 250 (강내면, 한국교원대학교)', 210, '363791'),
	(2877, '한국교통대학교 대학원', '충북 충주시 대소원면 대학로 50', 210, '380-702'),
	(2878, '건양대학교대학원', '충청남도 논산시 대학로 121 (내동, 건양대학교)', 210, '320-711'),
	(2879, '공주대학교대학원', '충청남도 공주시 공주대학로 56 (신관동, 공주대학교)', 210, '314701'),
	(2880, '금강대학교 일반대학원', '충청남도 논산시 상월로 522 (상월면, 금강대학교)', 210, '320931'),
	(2881, '나사렛대학교 일반대학원', '충남 천안시 월봉로48 나사렛대학교', 210, '330-718'),
	(2882, '남서울대학교 일반대학원', '충남 천안시 성환읍 대학로 91 남서울대학교', 210, '330-707'),
	(2883, '단국대학교 일반대학원', '충청남도 천안시 동남구 단대로 119 (안서동, 단국대학교천안캠퍼스)', 210, '330714'),
	(2884, '단국대학교 일반대학원', '충청남도 천안시 동남구 단대로 119 (안서동, 단국대학교천안캠퍼스)', 210, '330714'),
	(2885, '상명대학교 대학원', '충남 천안시 동남구 상명대길 31', 210, '330-720'),
	(2886, '선문대학교대학원', '충청남도 아산시 선문로221번길 70 (탕정면, 선문대학교)', 210, '336-708'),
	(2887, '순천향대학교대학원', '충남 아산시 신창면 순천향로 22', 210, '336-745'),
	(2888, '중부대학교일반대학원', '충청남도 금산군 대학로 201 (추부면)', 210, '312702'),
	(2889, '한국기술교육대학교 대학원', '충남 천안시 동남구 병천면 충절로 1600', 210, '330-708'),
	(2890, '한국전통문화대학교 일반대학원', '충남 부여군 규암면 백제문로 367', 210, '323-812'),
	(2891, '한서대학교대학원', '충청남도 서산시 한서1로 46 (해미면)', 210, '356706'),
	(2892, '호서대학교 대학원', '충청남도 아산시 호서로79번길 20 (배방읍, 호서대학교)', 210, '336795'),
	(2893, '군산대학교대학원', '전라북도 군산시 대학로 558(미룡동 군산대학교)', 210, '573-701'),
	(2894, '서남대학교대학원', '전라북도 남원시 춘향로 439 (광치동, 서남대학교)', 210, '590711'),
	(2895, '예수대학교 일반대학원', '전라북도 전주시 완산구 서원로 383 (중화산동1가, 예수대학교)', 210, '560714'),
	(2896, '우석대학교일반대학원', '전라북도 완주군 삼례로 443 (삼례읍, 우석대학교)', 210, '565701'),
	(2897, '원광대학교 대학원', '전라북도 익산시 익산대로 460 (신동, 원광대학교)', 210, '570749'),
	(2898, '전북대학교 대학원', '전라북도 전주시 덕진구 백제대로 567', 210, '561756'),
	(2899, '전주대학교일반대학원', '전북 전주시 완산구 천잠로 303 전주대학교', 210, '560-759'),
	(2900, '한일장신대학교 일반대학원', '전라북도 완주군 왜목로 726-15 (상관면, 한일장신대학교)', 210, '565706'),
	(2901, '광주가톨릭대학교대학원', '전남 나주시 남평읍 중남길 12-25 광주가톨릭대학교', 210, '520-710'),
	(2902, '동신대학교대학원', '전남 나주시 건재로 185 동신대학교', 210, '520-714'),
	(2903, '목포대학교대학원', '전남 무안군 청계면 영산로 1666  목포대학교', 210, '534-729'),
	(2904, '목포해양대학교대학원', '전라남도 목포시 해양대학로 91 목포해양대학교', 210, '530-729'),
	(2905, '세한대학교일반대학원', '전남 영암군 삼호읍 녹색로 1113', 210, '526-890'),
	(2906, '순천대학교일반대학원', '전라남도 순천시 중앙로 255 (석현동, 순천대학교)', 210, '540950'),
	(2907, '초당대학교 일반대학원', '전라남도 무안군 무안로 380 (무안읍, 초당대학교)', 210, '534701'),
	(2908, '한려대학교 일반대학원', '전남 광양시 광양읍 한려대길 94-13', 210, '545-704'),
	(2909, '가야대학교 일반대학원', '경상북도 고령군 대가야로 1103 (고령읍, 가야대학교)', 210, '717801'),
	(2910, '가야대학교일반대학원', '경북 고령군 고령읍 대가야로 1103', 210, '717-802'),
	(2911, '경운대학교 일반대학원', '경북 구미시 산동면 강동로 730', 210, '730-739'),
	(2912, '경일대학교 일반대학원', '경북 경산시 하양읍 가마실길 50 경일대학교', 210, '712-701'),
	(2913, '경주대학교일반대학원', '경상북도 경주시 태종로 188 (효현동, 경주대학교)', 210, '780712'),
	(2914, '금오공과대학교대학원', '경북 구미시 대학로 61 금오공과대학교 대학원', 210, '730-701'),
	(2915, '대구가톨릭대학교대학원', '경북 경산시 하양읍 하양로 13-13', 210, '712702'),
	(2916, '대구대학교대학원', '경북 경산시 진량읍 대구대로 201 대구대학교경산캠퍼스', 210, '712-714'),
	(2917, '대구한의대학교 대학원', '경상북도 경산시 한의대로 1 (유곡동, 대구한의대학교)', 210, '712715'),
	(2918, '대신대학교 대학원', '경북 경산시 경청로 222길 33', 210, '712-713'),
	(2919, '동국대학교 일반대학원', '경북 경주시 동대로 123번지 동국대학교 경주캠퍼스', 210, '780-714'),
	(2920, '동양대학교일반대학원', '경상북도 영주시 동양대로 145 동양대학교', 210, '750711'),
	(2921, '안동대학교대학원', '경북 안동시 경동로 1375번지 안동대학교', 210, '760-749'),
	(2922, '영남대학교 일반대학원', '경북 경산시 대학로 280 영남대학교', 210, '712-749'),
	(2923, '영남신학대학교대학원', '경상북도 경산시 봉회1길 26 (진량읍)', 210, '712720'),
	(2924, '위덕대학교 대학원', '경북 경주시 강동면 동해대로 261', 210, '780-713'),
	(2925, '포항공과대학교 대학원', '경상북도 포항시 남구 효자동 산 31번지', 210, '790-784'),
	(2926, '한동대학교 일반대학원', '경북 포항시 북구 흥해읍 한동로 558 한동대학교', 210, '791-708'),
	(2927, '경남과학기술대학교 대학원', '경남 진주시 동진로 33 경남과학기술대학교', 210, '660-758'),
	(2928, '경남대학교대학원', '경상남도 창원시 마산합포구 경남대학로 7 (월영동, 경남대학교)', 210, '631701'),
	(2929, '경상대학교대학원', '경남 진주시 진주대로 501', 210, '660-701'),
	(2930, '부산장신대학교일반대학원', '경남 김해시 구산동 764번지 부산장신대학교', 210, '621-747'),
	(2931, '영산대학교 일반대학원', '경상남도 양산시 주남로 288(주남동)', 210, '626-790'),
	(2932, '인제대학교 일반대학원', '경상남도 김해시 인제로 197 (어방동, 인제대학교)', 210, '621749'),
	(2933, '창원대학교 대학원', '경남 창원시 의창구 창원대학로 20', 210, '641-773'),
	(2934, '한국국제대학교 일반대학원', '경상남도 진주시 동부로 965 (문산읍, 한국국제대학교)', 210, '660759'),
	(2935, '제주대학교대학원', '제주특별자치도 제주시 아라1동 제주대학로 102', 210, '690-756'),
	(2936, '가톨릭대학교 의학전문대학원', '서울특별시 서초구 반포대로 222 (반포동, 가톨릭대학교성의교정)', 211, '137701'),
	(2937, '개신대학원대학교', '서울 강북구 도봉로 235 (미아동)', 211, '142-810'),
	(2938, '건국대학교 경영전문대학원', '서울특별시 광진구 능동로 120 (화양동, 건국대학교)', 211, '143701'),
	(2939, '건국대학교 법학전문대학원', '서울특별시 광진구 능동로 120 (화양동, 건국대학교)', 211, '143701'),
	(2940, '건국대학교건축전문대학원', '서울특별시 광진구 능동로 120 (화양동, 건국대학교)', 211, '143701'),
	(2941, '경기대학교 건축전문대학원', '서울 서대문구 충정로2가 경기대학교', 211, '120-702'),
	(2942, '경기대학교 관광전문대학원', '서울 서대문구 경기대로9길 24 경기대학교', 211, '120-702'),
	(2943, '경기대학교 서비스경영전문대학원', '서울 서대문구 충정로2가 경기대학교', 211, '120-702'),
	(2944, '경기대학교정치전문대학원', '서울 서대문구 충정로2가 경기대학교', 211, '120-702'),
	(2945, '경희대학교 법학전문대학원', '서울특별시 동대문구 경희대로 26 (회기동, 경희대학교)', 211, '130701'),
	(2946, '경희대학교 의학전문대학원', '서울특별시 동대문구 경희대로 26 (회기동, 경희대학교)', 211, '130701'),
	(2947, '경희대학교 치의학전문대학원', '서울특별시 동대문구 경희대로 26 (회기동, 경희대학교)', 211, '130701'),
	(2948, '고려대학교 KU-KIST융합대학원', '서울특별시 성북구 안암로 145 (안암동5가, 고려대학교안암캠퍼스(인문사회계))', 211, '136701'),
	(2949, '고려대학교 경영전문대학원', '서울특별시 성북구 안암로 145 (안암동5가, 고려대학교안암캠퍼스(인문사회계))', 211, '136701'),
	(2950, '고려대학교 국제대학원', '서울특별시 성북구 안암로 145 (안암동5가, 고려대학교안암캠퍼스(인문사회계))', 211, '136701'),
	(2951, '고려대학교 그린스쿨(에너지환경정책기술대학원)', '서울특별시 성북구 안암로 145 (안암동5가, 고려대학교안암캠퍼스(인문사회계))', 211, '136701'),
	(2952, '고려대학교 기술경영전문대학원', '서울특별시 성북구 안암로 145 (안암동5가, 고려대학교안암캠퍼스(인문사회계))', 211, '136701'),
	(2953, '고려대학교 법학전문대학원', '서울특별시 성북구 안암로 145 (안암동5가, 고려대학교안암캠퍼스(인문사회계))', 211, '136701'),
	(2954, '고려대학교 융합소프트웨어전문대학원', '서울특별시 성북구 안암로 145 (안암동5가, 고려대학교안암캠퍼스(인문사회계))', 211, '136701'),
	(2955, '고려대학교 의학전문대학원', '서울특별시 성북구 안암로 145 (안암동5가, 고려대학교안암캠퍼스(인문사회계))', 211, '136701'),
	(2956, '고려대학교 정보경영공학전문대학원', '서울특별시 성북구 안암로 145 (안암동5가, 고려대학교안암캠퍼스(인문사회계))', 211, '136701'),
	(2957, '고려대학교 정보보호대학원', '서울특별시 성북구 안암로 145 (안암동5가, 고려대학교안암캠퍼스(인문사회계))', 211, '136701'),
	(2958, '국민대학교비즈니스IT전문대학원', '서울 성북구 정릉3동 국민대학교', 211, '136-702'),
	(2959, '국민대학교자동차공학전문대학원', '서울 성북구 정릉3동 국민대학교', 211, '136-702'),
	(2960, '국민대학교테크노디자인전문대학원', '서울 성북구 정릉3동 국민대학교', 211, '136-702'),
	(2961, '국제신학대학원대학교', '서울 관악구 남부순환로 1548', 211, '151-869'),
	(2962, '국제영어대학원대학교', '서울 강동구 양재대로 81길 17', 211, '134-030'),
	(2963, '동국대학교 경영전문대학원', '서울특별시 중구 필동로1길 30 (장충동2가, 동국대학교)', 211, '100715'),
	(2964, '동국대학교 영상대학원(전문)', '서울특별시 중구 필동로1길 30 (장충동2가, 동국대학교)', 211, '100715'),
	(2965, '동국대학교 영상정보통신대학원', '서울특별시 중구 필동로1길 30 (장충동2가, 동국대학교)', 211, '100715'),
	(2966, '동덕여자대학교 패션전문대학원', '서울특별시 성북구 화랑로13길 60 (상월곡동, 동덕여자대학교)', 211, '136714'),
	(2967, '동방대학원대학교', '서울 성북구 성북로28길 60', 211, '136-020'),
	(2968, '명지대학교 기록정보과학전문대학원', '서울특별시 서대문구 거북골로 34 (남가좌동, 명지대학교)', 211, '120728'),
	(2969, '백석대학교 기독교전문대학원', '서울특별시 서초구 방배로 69 (방배동, 진리동백석대학교)', 211, '137848'),
	(2970, '베뢰아국제대학원대학교', '서울 영등포구 가마산로 359(대림3동 665-10)', 211, '150-812'),
	(2971, '북한대학원대학교', '서울특별시 종로구 북촌로15길 2(삼청동)', 211, '110-230'),
	(2972, '삼육대학교신학전문대학원', '서울시 노원구 화랑로 815', 211, '139-769'),
	(2973, '서강대학교 경영전문대학원', '서울특별시 마포구 백범로 35 (신수동, 서강대학교)', 211, '121742'),
	(2974, '서강대학교 기술경영전문대학원', '서울특별시 마포구 백범로 35 (신수동, 서강대학교)', 211, '121742'),
	(2975, '서강대학교 법학전문대학원', '서울특별시 마포구 백범로 35 (신수동, 서강대학교)', 211, '121742'),
	(2976, '서강대학교 신학대학원', '서울특별시 마포구 백범로 35 (신수동, 서강대학교)', 211, '121742'),
	(2977, '서강대학교국제대학원', '서울 마포구 백범로 35 (신수동) 서강대학교', 211, '121-742'),
	(2978, '서강대학교영상대학원', '서울특별시 마포구 백범로 35 (신수동, 서강대학교)', 211, '121742'),
	(2979, '서울과학기술대학교 IT정책전문대학원', '서울 노원구 공릉로 232 (공릉동 172)', 211, '139-743'),
	(2980, '서울과학기술대학교 NID융합기술대학원', '서울시 노원구 공릉로 232  서울과학기술대학교', 211, '139-743'),
	(2981, '서울과학기술대학교 NID융합기술대학원', '서울 노원구 공릉로 232 (공릉동 172)', 211, '139-743'),
	(2982, '서울과학기술대학교 에너지환경대학원', '서울 노원구 공릉로 232 (공릉동 172)', 211, '139-743'),
	(2983, '서울과학기술대학교 철도전문대학원', '서울 노원구 공릉로 232 (공릉동 172)', 211, '139-743'),
	(2984, '서울과학기술대학교IT정책전문대학원', '서울시 노원구 공릉로 232 서울과학기술대학교', 211, '139-743'),
	(2985, '서울과학기술대학교에너지환경대학원', '서울시 노원구 공릉로 232  서울과학기술대학교', 211, '139-743'),
	(2986, '서울과학기술대학교철도전문대학원', '서울시 노원구 공릉로 232 서울과학기술대학교', 211, '139-743'),
	(2987, '서울과학종합대학원대학교', '서울특별시 서대문구 이화여대2길 46 서울과학종합대학원대학교', 211, '120808'),
	(2988, '서울교육대학교 교육전문대학원', '서울 서초구 서초중앙로 96(서초동 1650)', 211, '137-742'),
	(2989, '서울기독대학교신학전문대학원', '서울 은평구 갈현로 4길 26-2호', 211, '122-879'),
	(2990, '서울대학교 경영전문대학원', '서울 관악구 관악로 1 서울대학교 경영전문대학원', 211, '151-742'),
	(2991, '서울대학교 국제대학원', '서울 관악구 관악로 1 서울대학교 국제대학원', 211, '151-742'),
	(2992, '서울대학교 법학전문대학원', '서울 관악구 관악로 1 서울대학교 법학전문대학원', 211, '151-742'),
	(2993, '서울대학교 보건대학원', '서울 관악구 신림9동 서울대학교 보건대학원 221동', 211, '151-742'),
	(2994, '서울대학교 융합과학기술대학원', '서울 관악구 관악로 1 서울대학교 융합과학기술대학원', 211, '151-742'),
	(2995, '서울대학교 의학대학원', '서울 종로구 대학로 103 서울대학교 의학전문대학원', 211, '110-799'),
	(2996, '서울대학교 치의학대학원', '서울 종로구 대학로 101(연건동) 서울대학교 치의학대학원', 211, '110-749'),
	(2997, '서울대학교 행정대학원', '서울 관악구 관악로 1 서울대학교 행정대학원', 211, '151-742'),
	(2998, '서울대학교 환경대학원', '서울 관악구 관악로 1 서울대학교 환경대학원', 211, '151-742'),
	(2999, '서울벤처대학원대학교', '서울특별시 강남구 봉은사로 405 (삼성동, 서울벤처정보대학원대학교)', 211, '135867'),
	(3000, '서울불교대학원대학교', '서울 금천구 독산로 70길 8', 211, '153-831'),
	(3001, '서울성경신학대학원대학교', '서울 동작구 신대방동 14가길 45-1', 211, '156-853'),
	(3002, '서울시립대학교 디자인전문대학원', '서울 동대문구 서울시립대로 163 (전농동 90번지)', 211, '130-743'),
	(3003, '서울시립대학교 법학전문대학원', '서울 동대문구 서울시립대로 163 (전농동 90번지)', 211, '130-743'),
	(3004, '서울시립대학교 세무전문대학원', '서울 동대문구 서울시립대로 163 (전농동 90번지)', 211, '130-743'),
	(3005, '서울여자대학교 특수치료전문대학원', '서울특별시 노원구 화랑로 621 서울여자대학교', 211, '139-774'),
	(3006, '서울외국어대학원대학교', '서울특별시 서초구 남부순환로356길 85 (양재동, 서울외국어대학원대학교)', 211, '137888'),
	(3007, '서울제일대학원대학교', '서울 강북구 인수봉로 225(수유동 410-39)', 211, '142-070'),
	(3008, '성공회대학교신학전문대학원', '서울특별시 구로구 연동로 320 (항동, 성공회대학교)', 211, '152716'),
	(3009, '성균관대학교 경영(전문)대학원', '서울특별시 종로구 성균관로 25-2 (명륜3가, 성균관대학교)', 211, '110745'),
	(3010, '성균관대학교 국정관리대학원', '서울특별시 종로구 성균관로 25-2 (명륜3가, 성균관대학교)', 211, '110745'),
	(3011, '성균관대학교 법학전문대학원', '서울특별시 종로구 성균관로 25-2 (명륜3가, 성균관대학교)', 211, '110745'),
	(3012, '성균관대학교 중국대학원', '서울특별시 종로구 성균관로 25-2 (명륜3가, 성균관대학교)', 211, '110745'),
	(3013, '세종대학교경영전문대학원', '서울특별시 광진구 능동로 209 (군자동, 세종대학교)', 211, '143747'),
	(3014, '숙명여자대학교 호스피탈리티경영전문대학원', '서울 용산구 청파로47길 100 숙명여자대학교', 211, '140-742'),
	(3015, '순복음대학원대학교', '서울 관악구  과천대로 927', 211, '151-801'),
	(3016, '연세대학교 경영전문대학원', '서울특별시 서대문구 연세로 50 (신촌동, 연세대학교)', 211, '120749'),
	(3017, '연세대학교 법학전문대학원', '서울특별시 서대문구 연세로 50 (신촌동, 연세대학교)', 211, '120749'),
	(3018, '연세대학교 의학전문대학원', '서울특별시 서대문구 연세로 50-1 (신촌동)', 211, '120749'),
	(3019, '연세대학교 치의학전문대학원', '서울 서대문구 연세로 50', 211, '120-749'),
	(3020, '연세대학교 커뮤니케이션대학원', '서울특별시 서대문구 연세로 50 (신촌동, 연세대학교)', 211, '120749'),
	(3021, '연세대학교국제학대학원', '서울특별시 서대문구 연세로 50 (신촌동, 연세대학교)', 211, '120749'),
	(3022, '연세대학교사회복지대학원', '서울특별시 서대문구 연세로 50 (신촌동, 연세대학교)', 211, '120749'),
	(3023, '연세대학교연합신학대학원', '서울특별시 서대문구 연세로 50 (신촌동, 연세대학교)', 211, '120749'),
	(3024, '연세대학교정보대학원', '서울특별시 서대문구 연세로 50 (신촌동, 연세대학교)', 211, '120749'),
	(3025, '예일신학대학원대학교', '서울 서초구 남부순환로337가길 49', 211, '137-070'),
	(3026, '용문상담심리대학원대학교', '서울 종로구 율곡로 154', 211, '110-450'),
	(3027, '이화여자대학교 경영전문대학원', '서울특별시 서대문구 이화여대길 52 이화여자대학교', 211, '120-750'),
	(3028, '이화여자대학교 국제대학원', '서울특별시 서대문구 이화여대길 52 이화여자대학교', 211, '120-750'),
	(3029, '이화여자대학교 법학전문대학원', '서울특별시 서대문구 이화여대길 52 이화여자대학교', 211, '120-750'),
	(3030, '이화여자대학교 사회복지전문대학원', '서울특별시 서대문구 이화여대길 52 이화여자대학교', 211, '120-750'),
	(3031, '이화여자대학교 의학전문대학원', '서울특별시 양천구 안양천로 1071 (목동, 이화여대목동병원) 의학전문대학원', 211, '120-750'),
	(3032, '이화여자대학교 통역번역대학원', '서울특별시 서대문구 이화여대길 52 이화여자대학교', 211, '120-750'),
	(3033, '장로회신학대학교 목회전문대학원', '서울 광진구 광장로 5길 25-1(광장동) 장로회신학대학교', 211, '143-756'),
	(3034, '중앙대학교 경영전문대학원', '서울 동작구 흑석로 84', 211, '156-070'),
	(3035, '중앙대학교 국제대학원', '서울 동작구 흑석로 84 중앙대학교', 211, '156-756'),
	(3036, '중앙대학교 글로벌대학원', '서울 동작구 흑석로 84', 211, '156-070'),
	(3037, '중앙대학교 법학전문대학원', '서울 동작구 흑석로 84', 211, '156-756'),
	(3038, '중앙대학교 의학전문대학원', '서울 동작구 흑석로 84', 211, '156-756'),
	(3039, '중앙대학교 첨단영상대학원', '서울 동작구 흑석로 84', 211, '156-756'),
	(3040, '총신대학교목회신학대학원', '서울 동작구 사당로 143', 211, '156-763'),
	(3041, '한국개발연구원국제정책대학원대학교', '서울특별시 동대문구 회기로 85 (청량리동, 한국과학기술원)', 211, '130722'),
	(3042, '한국상담대학원대학교', '서울 서초구 효령로 366', 211, '137-070'),
	(3043, '한국외국어대학교 국제지역대학원', '서울 동대문구 이문로 107', 211, '130-791'),
	(3044, '한국외국어대학교 법학전문대학원', '서울 동대문구 이문로 107', 211, '130-080'),
	(3045, '한국외국어대학교 통번역대학원', '서울 동대문구 이문로 107', 211, '130-791'),
	(3046, '한신대학교신학전문대학원', '서울 강북구 인수봉길 159', 211, '142-070'),
	(3047, '한양대학교 경영전문대학원', '서울특별시 성동구 왕십리로 222 (사근동, 한양대학교)', 211, '133791'),
	(3048, '한양대학교 글로벌경영전문대학원', '서울특별시 성동구 왕십리로 222 (사근동, 한양대학교)', 211, '133791'),
	(3049, '한양대학교 기술경영전문대학원', '서울특별시 성동구 왕십리로 222 (사근동, 한양대학교)', 211, '133791'),
	(3050, '한양대학교 법학전문대학원', '서울특별시 성동구 왕십리로 222 (사근동, 한양대학교)', 211, '133-791'),
	(3051, '한양대학교 의생명공학전문대학원', '서울특별시 성동구 왕십리로 222 (사근동, 한양대학교)', 211, '133-791'),
	(3052, '한양대학교 의학전문대학원', '서울특별시 성동구 왕십리로 222 (사근동, 한양대학교)', 211, '133-791'),
	(3053, '한양대학교국제학대학원', '서울특별시 성동구 왕십리로 222 (사근동, 한양대학교)', 211, '133791'),
	(3054, '한양대학교도시대학원', '서울특별시 성동구 왕십리로 222 (사근동, 한양대학교)', 211, '133-791'),
	(3055, '호서대학교 벤처전문대학원', '서울특별시 서초구 반포대로 9 (서초동, 신진빌딩)', 211, '137867'),
	(3056, '홍익대학교 국제디자인전문대학원', '서울 종로구 연건동 대학로 57번지', 211, '110-460'),
	(3057, '횃불트리니티신학대학원대학교', '서울특별시 서초구 바우뫼로31길 70', 211, '137889'),
	(3058, '경성대학교 디지털디자인전문대학원', '부산광역시 남구 수영로 309(대연동)', 211, '608-736'),
	(3059, '동서대학교 디자인전문대학원', '부산광역시 사상구 주례로 476', 211, '617-716'),
	(3060, '동아대학교 국제전문대학원', '부산광역시 서구 구덕로 225 (부민동2가, 동아대학교부민캠퍼스)', 211, '602760'),
	(3061, '동아대학교 동북아국제대학원', '부산광역시 서구 구덕로 225 (부민동2가, 동아대학교부민캠퍼스)', 211, '602760'),
	(3062, '동아대학교 동북아국제전문대학원', '부산광역시 서구 구덕로 225 (부민동2가, 동아대학교부민캠퍼스)', 211, '602760'),
	(3063, '동아대학교 법학전문대학원', '부산광역시 서구 구덕로 225 (부민동2가, 동아대학교부민캠퍼스)', 211, '602760'),
	(3064, '동아대학교 의학전문대학원', '부산광역시 서구 대신공원로 32 (동대신동3가, 동아대학교구덕캠퍼스)', 211, '602714'),
	(3065, '부경대학교 과학기술융합전문대학원', '부산광역시 남구 용소로 45 (대연동, 부경대학교대연캠퍼스)', 211, '608737'),
	(3066, '부산대학교 국제전문대학원', '부산광역시 금정구 부산대학로63번길 2 (장전동, 엔씨백화점부산대점)', 211, '609735'),
	(3067, '부산대학교 법학전문대학원', '부산광역시 금정구 부산대학로63번길 2 (장전동, 엔씨백화점부산대점)', 211, '609735'),
	(3068, '한국해양대학교 해양과학기술전문대학원', '부산광역시 영도구 태종로 727 (동삼동, 한국해양대학교)', 211, '606804'),
	(3069, '한국해양대학교해양관리기술대학원', '부산광역시 영도구 태종로 727 (동삼동, 한국해양대학교)', 211, '606804'),
	(3070, '경북대학교 법학전문대학원', '대구 북구 대학로 80번지 경북대학교 법학전문대학원', 211, '702-701'),
	(3071, '경북대학교 의학전문대학원', '대구광역시 중구 국채보상로 680 (동인동2가, 경북대학교 의과대학)', 211, '700842'),
	(3072, '경북대학교 치의학전문대학원', '대구 중구 달구벌대로 2177 경북대학교 치의학전문대학원', 211, '700-412'),
	(3073, '영남대학교 의학전문대학원', '대구 남구 현충로 170', 211, '705-717'),
	(3074, '가천대학교 의학전문대학원', '인천 연수구 함박뫼로 191', 211, '406-799'),
	(3075, '경인교육대학교 교육전문대학원', '인천 계양구 계산1동 경인교육대학교', 211, '407-753'),
	(3076, '성산효대학원대학교', '인천광역시 남동구 석정로 543 (간석동, 성산효도대학원)', 211, '405810'),
	(3077, '인천대학교동북아물류대학원', '인천광역시 연수구 아카데미로 119 (송도동, 인천대학교)', 211, '406772'),
	(3078, '인하대학교 물류전문대학원', '인천 남구 인하로 100', 211, '402-020'),
	(3079, '인하대학교 법학전문대학원', '인천광역시 남구 인하로 100 (용현동, 인하대학교)', 211, '402751'),
	(3080, '인하대학교 의학전문대학원', '인천광역시 중구 서해대로 366 (신흥동3가, 정석빌딩)', 211, '400712'),
	(3081, '인하대학교정보통신대학원', '인천광역시 남구 인하로 100 (용현동, 인하대학교)', 211, '402751'),
	(3082, '주안대학원대학교', '인천광역시 남구 석바위로74번길 11 (주안동, 주안대학원대학교)', 211, '402835'),
	(3083, '광주대학교사회복지전문대학원', '광주광역시 남구 효덕로 277 (진월동)', 211, '503703'),
	(3084, '전남대학교 경영전문대학원', '광주 북구 용봉로 77', 211, '500-757'),
	(3085, '전남대학교 문화전문대학원', '광주 북구 용봉로 77', 211, '500-757'),
	(3086, '전남대학교 법학전문대학원', '광주 북구 용봉로 77', 211, '500-757'),
	(3087, '전남대학교 의학전문대학원', '광주 동구 백서로 160', 211, '501-746'),
	(3088, '전남대학교 치의학전문대학원', '광주광역시 북구 용봉로 33', 211, '501-190'),
	(3089, '조선대학교 의학전문대학원', '광주광역시 동구 필문대로 309 (서석동, 조선대학교)', 211, '501759'),
	(3090, '조선대학교 치의학전문대학원', '광주광역시 동구 필문대로 309 (서석동, 조선대학교)', 211, '501759'),
	(3091, '과학기술연합대학원대학교', '대전 유성구 가정로 217 과학기술연합대학원대학교', 211, '305-350'),
	(3092, '복음신학대학원대학교', '대전광역시 중구 목동로 23', 211, '301808'),
	(3093, '충남대학교 녹색에너지기술전문대학원', '대전 유성구 대학로 99 충남대학교', 211, '305-764'),
	(3094, '충남대학교 법학전문대학원', '대전 유성구 대학로 99 충남대학교', 211, '305-764'),
	(3095, '충남대학교 분석과학기술대학원', '대전 유성구 대학로 99 충남대학교', 211, '305-764'),
	(3096, '충남대학교 신약전문대학원', '대전 유성구 대학로 99 충남대학교', 211, '305-764'),
	(3097, '충남대학교 에너지과학기술대학원', '대전광역시 유성구 대학로 99 충남대학교', 211, '305764'),
	(3098, '충남대학교 의학전문대학원', '대전 중구 문화로 266', 211, '301-130'),
	(3099, '침례신학대학교목회신학대학원', '대전 유성구 북유성대로 190', 211, '305-358'),
	(3100, '한밭대학교 정보통신전문대학원', '대전 유성구 덕명동 한밭대학교', 211, '305-719'),
	(3101, '한밭대학교정보통신전문대학원', '대전 유성구 덕명동 한밭대학교', 211, '305-719'),
	(3102, '한국전력국제원자력대학원대학교', '울산 울주군 서생면 해잠이로 658-91', 211, '689-882'),
	(3103, '강남대학교사회복지전문대학원', '경기도 용인시 기흥구 강남로 40 (구갈동, 강남대학교)', 211, '446702'),
	(3104, '경희대학교 국제대학원', '경기도 용인시 기흥구 덕영대로 1732 (서천동, 경희대학교국제캠퍼스)', 211, '446701'),
	(3105, '경희대학교 동서의학대학원', '경기도 용인시 기흥구 덕영대로 1732 (서천동, 경희대학교국제캠퍼스)', 211, '446701'),
	(3106, '경희대학교 체육대학원', '경기도 용인시 기흥구 덕영대로 1732 (서천동, 경희대학교국제캠퍼스)', 211, '446701'),
	(3107, '계약신학대학원대학교', '경기 광주시 초월읍 진새골길 151-30번지', 211, '464-862'),
	(3108, '국제법률경영대학원대학교', '경기도 고양시 덕양구 내유길 230 (내유동, 국제법률경영대학원)', 211, '412751'),
	(3109, '단국대학교 영화콘텐츠전문대학원', '경기도 용인시 수지구 죽전로 152 (죽전동, 단국대학교죽전캠퍼스)', 211, '448701'),
	(3110, '대진대학교 문화예술전문대학원', '경기도 포천시 호국로 1007 (선단동, 대진대학교)', 211, '487711'),
	(3111, '대한신학대학원대학교', '경기도 안양시 만안구 경수대로1406번길 30 (석수동)', 211, '430808'),
	(3112, '서울신학대학교 신학전문대학원', '경기도 부천시 소사구 호현로489번길 52 (소사본동, 서울신학대학교)', 211, '422742'),
	(3113, '성결대학교신학전문대학원', '경기도 안양시 만안구 성결대학로 53', 211, '430-742'),
	(3114, '성균관대학교 수자원전문대학원', '경기 수원시 장안구 천천동 성균관대학교자연과학캠퍼스', 211, '440-746'),
	(3115, '성균관대학교 의학전문대학원', '경기 수원시 장안구 천천동 성균관대학교자연과학캠퍼스', 211, '440-746'),
	(3116, '성서침례대학원대학교', '경기도 이천시 대평로 548-123 (대월면, 성서침례대학교)', 211, '467853'),
	(3117, '실천신학대학원대학교', '경기 이천시 신둔면 마소로 311-43', 211, '467-841'),
	(3118, '아주대학교 법학전문대학원', '경기도 수원시 영통구 월드컵로 206 (원천동, 아주대학교)', 211, '443749'),
	(3119, '아주대학교 의학전문대학원', '경기도 수원시 영통구 월드컵로 206 (원천동, 아주대학교)', 211, '443749'),
	(3120, '아주대학교정보통신전문대학원', '경기도 수원시 영통구 월드컵로 206 (원천동, 아주대학교)', 211, '443749'),
	(3121, '에스라성경대학원대학교', '경기도 고양시 덕양구 대양로285번길 33-7 (고양동, 에스라성경대학원대학교)', 211, '412801'),
	(3122, '웨스트민스터신학대학원대학교', '경기도 용인시 기흥구 동백죽전대로 201-11 (중동, 웨스트민스터 신학대학교)', 211, '446916'),
	(3123, '중앙신학대학원대학교', '경기 용인시 처인구 남사면 아곡로 96번길 79', 211, '449-885'),
	(3124, '차의과학대학교 의학전문대학원', '경기도 포천시 해룡로 120', 211, '487-801'),
	(3125, '청심신학대학원대학교', '경기 가평군 설악면 미사리로 324-211', 211, '477-855'),
	(3126, '평택대학교 피어선신학전문대학원', '경기도 평택시 서동대로 3825 (용이동, 평택대학교)', 211, '450701'),
	(3127, '한경대학교 미래융합기술대학원', '경기 안성시 중앙로 327(석정동)', 211, '456-749'),
	(3128, '한경대학교 미래융합기술대학원', '경기 안성시 중앙로 327(석정동)', 211, '456-749'),
	(3129, '한경대학교 바이오정보기술대학원', '경기 안성시 중앙로 327 (석정동)', 211, '456-749'),
	(3130, '한경대학교 바이오정보기술대학원', '경기 안성시 중앙로 327(석정동)', 211, '456-749'),
	(3131, '한국산업기술대학교 지식기반기술·에너지대학원', '경기 시흥시 산기대학로 237(정왕동)', 211, '429-793'),
	(3132, '한국산업기술대학교 지식기반기술·에너지대학원', '경기 시흥시 산기대학로 237 (정왕동)', 211, '429-793'),
	(3133, '한세대학교목회대학원', '경기 군포시 한세로 30', 211, '435-742'),
	(3134, '합동신학대학원대학교', '경기 수원시 영통구 원천동 합동신학대학원대학교', 211, '443-791'),
	(3135, '강원대학교 방재전문대학원', '강원 삼척시 중앙로 346 (교동 산253)', 211, '245-711'),
	(3136, '강원대학교 법무전문대학원', '강원 춘천시 강원대학길1(효자동) 강원대학교', 211, '200-701'),
	(3137, '강원대학교 의학전문대학원', '강원 춘천시 강원대학길1(효자동) 강원대학교', 211, '200-701'),
	(3138, '강원대학교법학전문대학원', '강원 춘천시 강원대학길1(효자동) 강원대학교', 211, '200-701'),
	(3139, '서울과학종합대학원대학교', '강원도 춘천시 옛경춘로 409-14 (칠전동)', 211, '200220'),
	(3140, '건국대학교 의학전문대학원', '충북 충주시 충원대로 268 건국대학교 GLOCAL캠퍼스', 211, '380-701'),
	(3141, '충북대학교 법학전문대학원', '충북 청주시 흥덕구 내수동로 52(개신동)', 211, '361-763'),
	(3142, '충북대학교 의학전문대학원', '충북 청주시 흥덕구 내수동로 52(개신동)', 211, '361-763'),
	(3143, '한국교원대학교 교육정책전문대학원', '충청북도 청원군 태성탑연로 250 (강내면, 한국교원대학교)', 211, '363791'),
	(3144, '한국교통대학교 교통대학원', '충북 충주시 대소원면 대학로 50', 211, '380-702'),
	(3145, '국제뇌교육종합대학원대학교', '충남 천안시 동남구 목천읍 교천지산길 284-31', 211, '330-841'),
	(3146, '국제문화대학원대학교', '충남 청양군 운곡면 청신로 576', 211, '345-872'),
	(3147, '선문대학교신학전문대학원', '충청남도 아산시 선문로221번길 70 (탕정면, 선문대학교)', 211, '336-708'),
	(3148, '한국기술교육대학교테크노인력개발전문대학원', '충남 천안시 서북구 부대동 415-1', 211, '330-240'),
	(3149, '한국전통문화대학교 문화유산융합대학원', '충남 부여군 규암면 백제문로 367', 211, '323-812'),
	(3150, '호서대학교 연합신학전문대학원', '충청남도 천안시 동남구 각원사길 78 (안서동, 호서대학교천안캠퍼스)', 211, '330713'),
	(3151, '원광대학교 법학전문대학원', '전라북도 익산시 익산대로 460 (신동, 원광대학교)', 211, '570749'),
	(3152, '원광대학교 한의학전문대학원', '전라북도 익산시 익산대로 460 (신동, 원광대학교)', 211, '570749'),
	(3153, '원불교대학원대학교', '전라북도 익산시 익산대로33길 23 (신용동, 원불교대학원대학교)', 211, '570754'),
	(3154, '전북대학교 법학전문대학원', '전라북도 전주시 덕진구 백제대로 567', 211, '561756'),
	(3155, '전북대학교 유연인쇄전자전문대학원', '전라북도 전주시 덕진구 백제대로 567', 211, '561756'),
	(3156, '전북대학교 의학전문대학원', '전라북도 전주시 덕진구 백제대로 567', 211, '561756'),
	(3157, '전북대학교 치의학전문대학원', '전라북도 전주시 덕진구 백제대로 567', 211, '561756'),
	(3158, '가야대학교 세라믹국제정보대학원', '경상북도 고령군 대가야로 1103 (고령읍, 가야대학교)', 211, '717801'),
	(3159, '가야대학교세라믹국제정보대학원', '경북 고령군 고령읍 대가야로 1103', 211, '717-802'),
	(3160, '경안신학대학원대학교', '경북 안동시 북후면 물한길 16-29', 211, '760-891'),
	(3161, '동국대학교 의학전문대학원', '경북 경주시 동대로 123번지 동국대학교경주캠퍼스', 211, '780-714'),
	(3162, '안동대학교 한국문화산업전문대학원', '경북 안동시 경동로 1375번지 안동대학교', 211, '760-749'),
	(3163, '영남대학교 법학전문대학원', '경북 경산시 대학로 280 영남대학교', 211, '712-749'),
	(3164, '포항공과대학교 엔지니어링대학원', '경북 포항시 남구 효자동 산31번지', 211, '790-784'),
	(3165, '포항공과대학교 철강대학원', '경상북도 포항시 남구 효자동 산 31번지', 211, '790-784'),
	(3166, '포항공과대학교 해양대학원', '경북 포항시 남구 효자동 산 31번지', 211, '790-784'),
	(3167, '한동대학교 국제법률대학원', '경북 포항시 북구 흥해읍 한동로 558 한동대학교', 211, '791-708'),
	(3168, '경상대학교 의학전문대학원', '경남 진주시 진주대로 816번길 15 경상대학교의과대학', 211, '660-751'),
	(3169, '부산대학교 의학전문대학원', '경상남도 양산시 부산대학로 49 (물금읍, 부산대학교양산캠퍼스)', 211, '626870'),
	(3170, '부산대학교 치의학전문대학원', '경상남도 양산시 부산대학로 49 (물금읍, 부산대학교양산캠퍼스)', 211, '626870'),
	(3171, '부산대학교 한의학전문대학원', '경상남도 양산시 부산대학로 49 (물금읍, 부산대학교양산캠퍼스)', 211, '626870'),
	(3172, '제주대학교 법학전문대학원', '제주특별자치도 제주시 아라1동 제주대학로 102', 211, '690-756'),
	(3173, '제주대학교 의학전문대학원', '제주특별자치도 제주시 아라1동 제주대학로 102', 211, '690-756'),
	(3174, '제주대학교 통역번역대학원', '제주 제주시 아라1동 제주대학교', 211, '690-756'),
	(3175, '제주대학교통역대학원', '제주특별자치도 제주시 아라1동 제주대학로  102', 211, '690-756'),
	(3176, '가톨릭대학교 교회음악대학원', '서울특별시 종로구 창경궁로 296-12 (혜화동, 가톨릭대학교성신교정)', 212, '110758'),
	(3177, '가톨릭대학교 보건대학원', '서울특별시 서초구 반포대로 222 (반포동, 가톨릭대학교성의교정)', 212, '137701'),
	(3178, '가톨릭대학교 생명대학원', '서울특별시 서초구 반포대로 222 (반포동, 가톨릭대학교성의교정)', 212, '137701'),
	(3179, '가톨릭대학교 의료경영대학원', '서울특별시 서초구 반포대로 222 (반포동, 가톨릭대학교성의교정)', 212, '137701'),
	(3180, '가톨릭대학교 임상간호대학원', '서울특별시 서초구 반포대로 222 (반포동, 가톨릭대학교성의교정)', 212, '137701'),
	(3181, '가톨릭대학교 임상치과학대학원', '서울특별시 서초구 반포대로 222 (반포동, 가톨릭대학교성의교정)', 212, '137701'),
	(3182, '감리교신학대학교목회신학대학원', '서울특별시 서대문구 독립문로 56 (냉천동, 감리교신학대학)', 212, '120701'),
	(3183, '감리교신학대학교신학대학원', '서울특별시 서대문구 독립문로 56 (냉천동, 감리교신학대학)', 212, '120701'),
	(3184, '건국대학교경영대학원', '서울특별시 광진구 능동로 120 (화양동, 건국대학교)', 212, '143701'),
	(3185, '건국대학교교육대학원', '서울특별시 광진구 능동로 120 (화양동, 건국대학교)', 212, '143701'),
	(3186, '건국대학교농축대학원', '서울특별시 광진구 능동로 120 (화양동, 건국대학교)', 212, '143701'),
	(3187, '건국대학교디자인대학원', '서울특별시 광진구 능동로 120 (화양동, 건국대학교)', 212, '143701'),
	(3188, '건국대학교부동산대학원', '서울특별시 광진구 능동로 120 (화양동, 건국대학교)', 212, '143701'),
	(3189, '건국대학교산업대학원', '서울특별시 광진구 능동로 120 (화양동, 건국대학교)', 212, '143701'),
	(3190, '건국대학교언론홍보대학원', '서울특별시 광진구 능동로 120 (화양동, 건국대학교)', 212, '143701'),
	(3191, '건국대학교정보통신대학원', '서울특별시 광진구 능동로 120 (화양동, 건국대학교)', 212, '143701'),
	(3192, '건국대학교행정대학원', '서울특별시 광진구 능동로 120 (화양동, 건국대학교)', 212, '143701'),
	(3193, '경기대학교 건축대학원', '서울 서대문구 충정로2가 경기대학교', 212, '120-702'),
	(3194, '경기대학교 국제ㆍ문화대학원', '서울 서대문구 충정로2가 경기대학교', 212, '120-702'),
	(3195, '경기대학교 문화예술대학원', '서울 서대문구 충정로2가 경기대학교', 212, '120-702'),
	(3196, '경기대학교 예술대학원', '서울특별시 서대문구 경기대로9길 24 (충정로2가, 경기대학교)', 212, '120702'),
	(3197, '경기대학교 전통예술대학원', '서울 서대문구 충정로2가 경기대학교', 212, '120-702'),
	(3198, '경기대학교대체의학대학원', '서울 서대문구 충정로2가 경기대학교', 212, '120-702'),
	(3199, '경기대학교사회복지대학원', '서울 서대문구 충정로2가 경기대학교', 212, '120-702'),
	(3200, '경희대학교 공공대학원', '서울특별시 동대문구 경희대로 26 (회기동, 경희대학교)', 212, '130701'),
	(3201, '경희대학교 법무대학원', '서울특별시 동대문구 경희대로 26 (회기동, 경희대학교)', 212, '130701'),
	(3202, '경희대학교NGO대학원', '서울특별시 동대문구 경희대로 26 (회기동, 경희대학교)', 212, '130701'),
	(3203, '경희대학교경영대학원', '서울특별시 동대문구 경희대로 26 (회기동, 경희대학교)', 212, '130701'),
	(3204, '경희대학교관광대학원', '서울특별시 동대문구 경희대로 26 (회기동, 경희대학교)', 212, '130701'),
	(3205, '경희대학교교육대학원', '서울특별시 동대문구 경희대로 26 (회기동, 경희대학교)', 212, '130701'),
	(3206, '경희대학교국제법무대학원', '서울특별시 동대문구 경희대로 26 (회기동, 경희대학교)', 212, '130701'),
	(3207, '경희대학교언론정보대학원', '서울특별시 동대문구 경희대로 26 (회기동, 경희대학교)', 212, '130701'),
	(3208, '경희대학교행정대학원', '서울특별시 동대문구 경희대로 26 (회기동, 경희대학교)', 212, '130701'),
	(3209, '경희사이버대학교 문화창조대학원', '서울 동대문구 회기동 1번지 경희사이버대학교', 212, '130-701'),
	(3210, '경희사이버대학교 호텔관광대학원', '서울 동대문구 회기동1번지 경희사이버대학교', 212, '130-701'),
	(3211, '고려대학교 경영대학원', '서울특별시 성북구 안암로 145 (안암동5가, 고려대학교안암캠퍼스(인문사회계))', 212, '136701'),
	(3212, '고려대학교 공학대학원', '서울특별시 성북구 안암로 145 (안암동5가, 고려대학교안암캠퍼스(인문사회계))', 212, '136701'),
	(3213, '고려대학교 교육대학원', '서울특별시 성북구 안암로 145 (안암동5가, 고려대학교안암캠퍼스(인문사회계))', 212, '136701'),
	(3214, '고려대학교 노동대학원', '서울특별시 성북구 안암로 145 (안암동5가, 고려대학교안암캠퍼스(인문사회계))', 212, '136701'),
	(3215, '고려대학교 법무대학원', '서울특별시 성북구 안암로 145 (안암동5가, 고려대학교안암캠퍼스(인문사회계))', 212, '136701'),
	(3216, '고려대학교 보건대학원', '서울특별시 성북구 안암로 145 (안암동5가, 고려대학교안암캠퍼스(인문사회계))', 212, '136701'),
	(3217, '고려대학교 생명환경과학대학원', '서울특별시 성북구 안암로 145 (안암동5가, 고려대학교안암캠퍼스(인문사회계))', 212, '136701'),
	(3218, '고려대학교 언론대학원', '서울특별시 성북구 안암로 145 (안암동5가, 고려대학교안암캠퍼스(인문사회계))', 212, '136701'),
	(3219, '고려대학교 임상치의학대학원', '서울특별시 성북구 안암로 145 (안암동5가, 고려대학교안암캠퍼스(인문사회계))', 212, '136701'),
	(3220, '고려대학교 정책대학원', '서울특별시 성북구 안암로 145 (안암동5가, 고려대학교안암캠퍼스(인문사회계))', 212, '136701'),
	(3221, '고려대학교 컴퓨터정보통신대학원', '서울특별시 성북구 안암로 145 (안암동5가, 고려대학교안암캠퍼스(인문사회계))', 212, '136701'),
	(3222, '고려사이버대학교 학제정보대학원', '서울특별시 종로구 북촌로 106 (계동, 중앙빌딩)', 212, '110800'),
	(3223, '광운대학교 건설법무대학원', '서울특별시 노원구 광운로 20 (월계동, 광운대학교)', 212, '139701'),
	(3224, '광운대학교 경영대학원', '서울특별시 노원구 광운로 20 (월계동, 광운대학교)', 212, '139701'),
	(3225, '광운대학교 상담복지정책대학원', '서울특별시 노원구 광운로 20 (월계동, 광운대학교)', 212, '139701'),
	(3226, '광운대학교 정보콘텐츠대학원', '서울특별시 노원구 광운로 20 (월계동, 광운대학교)', 212, '139701'),
	(3227, '광운대학교 환경대학원', '서울특별시 노원구 광운로 20 (월계동, 광운대학교)', 212, '139701'),
	(3228, '광운대학교교육대학원', '서울특별시 노원구 광운로 20 (월계동, 광운대학교)', 212, '139701'),
	(3229, '국민대학교경영대학원', '서울 성북구 정릉3동 국민대학교', 212, '136-702'),
	(3230, '국민대학교공학대학원', '서울 성북구 정릉3동 국민대학교', 212, '136-702'),
	(3231, '국민대학교교육대학원', '서울 성북구 정릉길 77 국민대학교', 212, '136-702'),
	(3232, '국민대학교디자인대학원', '서울 성북구 정릉3동 국민대학교 조형관', 212, '136-702'),
	(3233, '국민대학교문예창작대학원', '서울 성북구 정릉3동 국민대학교', 212, '136-702'),
	(3234, '국민대학교법무대학원', '서울 성북구 정릉3동 국민대학교 861-1', 212, '136-702'),
	(3235, '국민대학교스포츠산업대학원', '서울 성북구 정릉3동 국민대학교', 212, '136-702'),
	(3236, '국민대학교정치대학원', '서울 성북구 정릉로 77 국민대학교', 212, '136-702'),
	(3237, '국민대학교종합예술대학원', '서울 성북구 정릉3동 국민대학교', 212, '136-702'),
	(3238, '국민대학교행정대학원', '서울 성북구 정릉3동 861-1번지 국민대학교 본부관 305호', 212, '136-702'),
	(3239, '그리스도대학교교육대학원', '서울특별시 강서구 까치산로24길 47 (화곡동, 그리스도대학교)', 212, '157722'),
	(3240, '그리스도대학교사회복지대학원', '서울특별시 강서구 까치산로24길 47 (화곡동, 그리스도대학교)', 212, '157722'),
	(3241, '그리스도대학교신학대학원', '서울특별시 강서구 까치산로24길 47 (화곡동, 그리스도대학교)', 212, '157722'),
	(3242, '덕성여자대학교 교육대학원', '서울특별시 종로구 삼일대로 460 (운니동, 운현초등학교)', 212, '110350'),
	(3243, '덕성여자대학교 문화산업대학원', '서울특별시 종로구 삼일대로 460 (운니동, 운현초등학교)', 212, '110350'),
	(3244, '덕성여자대학교Fashion&TextileBusiness대학원', '서울특별시 종로구 삼일대로 460 (운니동, 운현초등학교)', 212, '110350'),
	(3245, '동국대학교 경영대학원', '서울특별시 중구 필동로1길 30 (장충동2가, 동국대학교)', 212, '100715'),
	(3246, '동국대학교 경찰사법대학원', '서울특별시 중구 필동로1길 30 (장충동2가, 동국대학교)', 212, '100715'),
	(3247, '동국대학교 교육대학원', '서울특별시 중구 필동로1길 30 (장충동2가, 동국대학교)', 212, '100715'),
	(3248, '동국대학교 국제정보대학원', '서울특별시 중구 필동로1길 30 (장충동2가, 동국대학교)', 212, '100715'),
	(3249, '동국대학교 문화예술대학원', '서울특별시 중구 필동로1길 30 (장충동2가, 동국대학교)', 212, '100715'),
	(3250, '동국대학교 법무대학원', '서울특별시 중구 필동로1길 30 (장충동2가, 동국대학교)', 212, '100715'),
	(3251, '동국대학교 불교대학원', '서울특별시 중구 필동로1길 30 (장충동2가, 동국대학교)', 212, '100715'),
	(3252, '동국대학교 산업대학원', '서울특별시 중구 필동로1길 30 (장충동2가, 동국대학교)', 212, '100715'),
	(3253, '동국대학교 언론정보대학원', '서울특별시 중구 필동로1길 30 (장충동2가, 동국대학교)', 212, '100715'),
	(3254, '동국대학교 행정대학원', '서울특별시 중구 필동로1길 30 (장충동2가, 동국대학교)', 212, '100715'),
	(3255, '동덕여자대학교 공연예술대학원', '서울특별시 성북구 화랑로13길 60 (상월곡동, 동덕여자대학교)', 212, '136714'),
	(3256, '동덕여자대학교 교육대학원', '서울특별시 성북구 화랑로13길 60 (상월곡동, 동덕여자대학교)', 212, '136714'),
	(3257, '동덕여자대학교 국제문화대학원', '서울특별시 성북구 화랑로13길 60 (상월곡동, 동덕여자대학교)', 212, '136714'),
	(3258, '동덕여자대학교 디자인대학원', '서울특별시 성북구 화랑로13길 60 (상월곡동, 동덕여자대학교)', 212, '136714'),
	(3259, '동덕여자대학교 문화 예술치료대학원', '서울특별시 성북구 화랑로13길 60 (상월곡동, 동덕여자대학교)', 212, '136714'),
	(3260, '동덕여자대학교 문화산업예술대학원', '서울특별시 성북구 화랑로13길 60 (상월곡동, 동덕여자대학교)', 212, '136714'),
	(3261, '동덕여자대학교 미용보건대학원', '서울특별시 성북구 화랑로13길 60 (상월곡동, 동덕여자대학교)', 212, '136714'),
	(3262, '동덕여자대학교 보건과학대학원', '서울특별시 성북구 화랑로13길 60 (상월곡동, 동덕여자대학교)', 212, '136714'),
	(3263, '동덕여자대학교 비만과학대학원', '서울특별시 성북구 화랑로13길 60 (상월곡동, 동덕여자대학교)', 212, '136714'),
	(3264, '동덕여자대학교 비만미용향장대학원', '서울특별시 성북구 화랑로13길 60 (상월곡동, 동덕여자대학교)', 212, '136714'),
	(3265, '동덕여자대학교 여성개발대학원', '서울특별시 성북구 화랑로13길 60 (상월곡동, 동덕여자대학교)', 212, '136714'),
	(3266, '명지대학교 경영대학원', '서울특별시 서대문구 거북골로 34 (남가좌동, 명지대학교)', 212, '120728'),
	(3267, '명지대학교 교육대학원', '서울특별시 서대문구 거북골로 34 (남가좌동, 명지대학교)', 212, '120728'),
	(3268, '명지대학교 기록과학대학원', '서울특별시 서대문구 거북골로 34 (남가좌동, 명지대학교)', 212, '120728'),
	(3269, '명지대학교 문화예술대학원', '서울특별시 서대문구 거북골로 34 (남가좌동, 명지대학교)', 212, '120728'),
	(3270, '명지대학교 부동산ㆍ유통경영대학원', '서울특별시 서대문구 거북골로 34 (남가좌동, 명지대학교)', 212, '120728'),
	(3271, '명지대학교 부동산대학원', '서울특별시 서대문구 거북골로 34 (남가좌동, 명지대학교)', 212, '120728'),
	(3272, '명지대학교 사회교육대학원', '서울특별시 서대문구 거북골로 34 (남가좌동, 명지대학교)', 212, '120728'),
	(3273, '명지대학교 사회복지대학원', '서울특별시 서대문구 거북골로 34 (남가좌동, 명지대학교)', 212, '120728'),
	(3274, '백석대학교 교육대학원', '서울특별시 서초구 방배로 69 (방배동, 진리동백석대학교)', 212, '137848'),
	(3275, '백석대학교 기독교예술대학원', '서울특별시 서초구 방배로 69 (방배동, 진리동백석대학교)', 212, '137848'),
	(3276, '백석대학교 기독신학대학원', '서울특별시 서초구 방배로 69 (방배동, 진리동백석대학교)', 212, '137848'),
	(3277, '백석대학교 목회대학원', '서울특별시 서초구 방배로 69 (방배동, 진리동백석대학교)', 212, '137848'),
	(3278, '백석대학교 문헌정보대학원', '서울특별시 서초구 방배로 69 (방배동, 진리동백석대학교)', 212, '137848'),
	(3279, '백석대학교 보건복지대학원', '서울특별시 서초구 방배로 69 (방배동, 진리동백석대학교)', 212, '137848'),
	(3280, '백석대학교 사회복지대학원', '서울특별시 서초구 방배로 69 (방배동, 진리동백석대학교)', 212, '137848'),
	(3281, '백석대학교 상담대학원', '서울특별시 서초구 방배로 69 (방배동, 진리동백석대학교)', 212, '137848'),
	(3282, '백석대학교 신학대학원', '서울특별시 서초구 방배로 69 (방배동, 진리동백석대학교)', 212, '137848'),
	(3283, '백석대학교 실천신학대학원', '서울특별시 서초구 방배로 69 (방배동, 진리동백석대학교)', 212, '137848'),
	(3284, '백석대학교 음악대학원', '서울특별시 서초구 방배로 69 (방배동, 진리동백석대학교)', 212, '137848'),
	(3285, '백석대학교 정보기술대학원', '서울특별시 서초구 방배로 69 (방배동, 진리동백석대학교)', 212, '137848'),
	(3286, '사이버한국외국어대학교 TESOL 대학원', '서울특별시 동대문구 이문로 107 (이문동, 한국외국어대학교) 사이버관', 212, '130791'),
	(3287, '삼육대학교 신학대학원', '서울 노원구 화랑로 815', 212, '139-742'),
	(3288, '삼육대학교경영대학원', '서울시 노원구 화랑로 815', 212, '139-742'),
	(3289, '삼육대학교보건복지대학원', '서울시 노원구 화랑로 815', 212, '139-742'),
	(3290, '상명대학교 경영대학원', '서울특별시 종로구 홍지문2길 20 (홍지동, 상명대학교)', 212, '110743'),
	(3291, '상명대학교 교육대학원', '서울특별시 종로구 홍지문2길 20 (홍지동, 상명대학교)', 212, '110743'),
	(3292, '상명대학교 문화기술대학원', '서울특별시 종로구 홍지문2길 20 (홍지동, 상명대학교)', 212, '110743'),
	(3293, '상명대학교 복지상담대학원', '서울특별시 종로구 홍지문2길 20 (홍지동, 상명대학교)', 212, '110743'),
	(3294, '상명대학교 예술디자인대학원', '서울특별시 종로구 홍지문2길 20 (홍지동, 상명대학교)', 212, '110743'),
	(3295, '서강대학교 경제대학원', '서울특별시 마포구 백범로 35 (신수동, 서강대학교)', 212, '121742'),
	(3296, '서강대학교 공공정책대학원', '서울특별시 마포구 백범로 35 (신수동, 서강대학교)', 212, '121742'),
	(3297, '서강대학교교육대학원', '서울특별시 마포구 백범로 35 (신수동, 서강대학교)', 212, '121742'),
	(3298, '서강대학교언론대학원', '서울특별시 마포구 백범로 35 (신수동, 서강대학교)', 212, '121742'),
	(3299, '서강대학교정보통신대학원', '서울특별시 마포구 백범로 35 (신수동, 서강대학교)', 212, '121742'),
	(3300, '서경대학교 경영대학원', '서울 성북구 정릉4동 서경대학교', 212, '136-704'),
	(3301, '서경대학교미용예술대학원', '서울 성북구 정릉4동 서경대학교', 212, '136-704'),
	(3302, '서울과학기술대학교 산업대학원', '서울 노원구 공릉로 232 (공릉동 172)', 212, '139-743'),
	(3303, '서울과학기술대학교 주택대학원', '서울 노원구 공릉로 232 (공릉동 172)', 212, '139-743'),
	(3304, '서울과학기술대학교산업대학원', '서울시 노원구 공릉로 232  서울과학기술대학교', 212, '139-743'),
	(3305, '서울과학기술대학교주택대학원', '서울시 노원구 공릉로 232  서울과학기술대학교', 212, '139-743'),
	(3306, '서울교육대학교 교육대학원', '서울 서초구 서초중앙로 96(서초동 1650)', 212, '137-742'),
	(3307, '서울기독대학교사회복지대학원', '서울 은평구 갈현로 4길 26-2호', 212, '122-879'),
	(3308, '서울기독대학교치유상담대학원', '서울 은평구 갈현로 4길 26-2호', 212, '122-879'),
	(3309, '서울사이버대학교 상담심리대학원', '서울 강북구 서울 강북구 솔매로49길 60(미아동 193-15) 서울사이버대학교 상담심리대학원', 212, '142-700'),
	(3310, '서울사이버대학교 휴먼서비스대학원', '서울 강북구 솔매로49길 60(미아동 193-15) 서울사이버대학교 휴먼서비스대학원', 212, '142-700'),
	(3311, '서울사회복지대학원대학교', '서울특별시 영등포구 영신로34길 18 (영등포동4가)', 212, '150034'),
	(3312, '서울산업대학교IT디자인대학원', '서울시 노원구 공릉로 232  서울과학기술대학교', 212, '139-743'),
	(3313, '서울시립대학교 경영대학원', '서울 동대문구 서울시립대로 163 (전농동 90번지)', 212, '130-743'),
	(3314, '서울시립대학교 과학기술대학원', '서울 동대문구 서울시립대로 163(전농동 90)', 212, '130-020'),
	(3315, '서울시립대학교 교육대학원', '서울 동대문구 서울시립대로 163 (전농동 90번지)', 212, '130-743'),
	(3316, '서울시립대학교 국제도시과학대학원', '서울 동대문구 서울시립대로 163 (전농동 90번지)', 212, '130-743'),
	(3317, '서울시립대학교 도시과학대학원', '서울 동대문구 서울시립대로 163 (전농동 90번지)', 212, '130-743'),
	(3318, '서울여자대학교 교육대학원', '서울특별시 노원구 화랑로 621 서울여자대학교', 212, '139-774'),
	(3319, '서울여자대학교 사회복지·기독교대학원', '서울특별시 노원구 화랑로 621 서울여자대학교', 212, '139-799'),
	(3320, '성공회대학교NGO대학원', '서울특별시 구로구 연동로 320 (항동, 성공회대학교)', 212, '152716'),
	(3321, '성공회대학교교육대학원', '서울특별시 구로구 연동로 320 (항동, 성공회대학교)', 212, '152716'),
	(3322, '성공회대학교문화대학원', '서울특별시 구로구 연동로 320 (항동, 성공회대학교)', 212, '152716'),
	(3323, '성공회대학교시민사회복지대학원', '서울특별시 구로구 연동로 320 (항동, 성공회대학교)', 212, '152716'),
	(3324, '성균관대학교 경영대학원', '서울특별시 종로구 성균관로 25-2 (명륜3가, 성균관대학교)', 212, '110745'),
	(3325, '성균관대학교 경영대학원(iMBA)', '서울특별시 종로구 성균관로 25-2 (명륜3가, 성균관대학교)', 212, '110745'),
	(3326, '성균관대학교 교육대학원', '서울특별시 종로구 성균관로 25-2 (명륜3가, 성균관대학교)', 212, '110745'),
	(3327, '성균관대학교 국가전략대학원', '서울특별시 종로구 성균관로 25-2 (명륜3가, 성균관대학교)', 212, '110745'),
	(3328, '성균관대학교 글로벌보험연금대학원', '서울특별시 종로구 성균관로 25-2 (명륜3가, 성균관대학교)', 212, '110745'),
	(3329, '성균관대학교 디자인대학원', '서울특별시 종로구 성균관로 25-2 (명륜3가, 성균관대학교)', 212, '110745'),
	(3330, '성균관대학교 문화융합대학원', '서울특별시 종로구 성균관로 25-2 (명륜3가, 성균관대학교)', 212, '110745'),
	(3331, '성균관대학교 번역·테솔(TESOL)대학원', '서울특별시 종로구 성균관로 25-2 (명륜3가, 성균관대학교)', 212, '110745'),
	(3332, '성균관대학교 사회복지대학원', '서울특별시 종로구 성균관로 25-2 (명륜3가, 성균관대학교)', 212, '110745'),
	(3333, '성균관대학교 생활과학대학원', '서울특별시 종로구 성균관로 25-2 (명륜3가, 성균관대학교)', 212, '110745'),
	(3334, '성균관대학교 언론정보대학원', '서울특별시 종로구 성균관로 25-2 (명륜3가, 성균관대학교)', 212, '110745'),
	(3335, '성균관대학교 유학대학원', '서울특별시 종로구 성균관로 25-2 (명륜3가, 성균관대학교)', 212, '110745'),
	(3336, '성균관대학교 정보통신대학원', '서울특별시 종로구 성균관로 25-2 (명륜3가, 성균관대학교)', 212, '110745'),
	(3337, '성균관대학교 행정대학원', '서울특별시 종로구 성균관로 25-2 (명륜3가, 성균관대학교)', 212, '110745'),
	(3338, '성신여자대학교 생애복지대학원', '서울특별시 성북구 보문로34다길 2 (돈암동, 성신여자대학교)', 212, '136742'),
	(3339, '성신여자대학교 융합디자인예술대학원', '서울특별시 성북구 보문로34다길 2 (돈암동, 성신여자대학교)', 212, '136742'),
	(3340, '성신여자대학교교육대학원', '서울특별시 성북구 보문로34다길 2 (돈암동, 성신여자대학교)', 212, '136742'),
	(3341, '성신여자대학교문화산업대학원', '서울특별시 성북구 보문로34다길 2 (돈암동, 성신여자대학교)', 212, '136742'),
	(3342, '세종대학교 공공정책대학원', '서울특별시 광진구 능동로 209 (군자동, 세종대학교)', 212, '143747'),
	(3343, '세종대학교 도시부동산대학원', '서울특별시 광진구 능동로 209 (군자동, 세종대학교)', 212, '143747'),
	(3344, '세종대학교 문화예술콘텐츠대학원', '서울특별시 광진구 능동로 209 (군자동, 세종대학교)', 212, '143747'),
	(3345, '세종대학교 산업대학원', '서울특별시 광진구 능동로 209 (군자동, 세종대학교)', 212, '143747'),
	(3346, '세종대학교 융합예술대학원', '서울특별시 광진구 능동로 209 (군자동, 세종대학교)', 212, '143747'),
	(3347, '세종대학교 정책과학대학원', '서울특별시 광진구 능동로 209 (군자동, 세종대학교)', 212, '143747'),
	(3348, '세종대학교공연예술대학원', '서울특별시 광진구 능동로 209 (군자동, 세종대학교)', 212, '143747'),
	(3349, '세종대학교관광대학원', '서울특별시 광진구 능동로 209 (군자동, 세종대학교)', 212, '143747'),
	(3350, '세종대학교교육대학원', '서울특별시 광진구 능동로 209 (군자동, 세종대학교)', 212, '143747'),
	(3351, '세종대학교산업경영대학원', '서울특별시 광진구 능동로 209 (군자동, 세종대학교)', 212, '143747'),
	(3352, '세종대학교언론홍보대학원', '서울특별시 광진구 능동로 209 (군자동, 세종대학교)', 212, '143747'),
	(3353, '세종대학교영상대학원', '서울특별시 광진구 능동로 209 (군자동, 세종대학교)', 212, '143747'),
	(3354, '세종대학교행정대학원', '서울특별시 광진구 능동로 209 (군자동, 세종대학교)', 212, '143747'),
	(3355, '세종사이버대학교  대학원', '서울특별시 광진구 군자로 121 (군자동, 세종사이버대학)', 212, '143839'),
	(3356, '숙명여자대학교 TESOL 대학원', '서울 용산구 청파로47길 100 숙명여자대학교', 212, '140-742'),
	(3357, '숙명여자대학교 교육대학원', '서울 용산구 청파로47길 100 숙명여자대학교', 212, '140-742'),
	(3358, '숙명여자대학교 국제관계대학원', '서울 용산구 청파로47길 100 숙명여자대학교', 212, '140-742'),
	(3359, '숙명여자대학교 라이프스타일디자인대학원', '서울 용산구 청파로47길 100 숙명여자대학교', 212, '140-742'),
	(3360, '숙명여자대학교 사회교육대학원', '서울 용산구 청파로47길 100 숙명여자대학교', 212, '140-742'),
	(3361, '숙명여자대학교 여성인적자원개발대학원', '서울 용산구 청파로47길 100 숙명여자대학교', 212, '140-742'),
	(3362, '숙명여자대학교 원격대학원', '서울 용산구 청파로47길 100 숙명여자대학교', 212, '140-742'),
	(3363, '숙명여자대학교 음악치료대학원', '서울 용산구 청파로47길 100 숙명여자대학교', 212, '140-742'),
	(3364, '숙명여자대학교 임상약학대학원', '서울 용산구 청파로47길 100 숙명여자대학교', 212, '140-742'),
	(3365, '숙명여자대학교 전통문화예술대학원', '서울 용산구 청파로47길 100 숙명여자대학교', 212, '140-742'),
	(3366, '숙명여자대학교 정책·산업대학원', '서울 용산구 청파로47길 100 숙명여자대학교', 212, '140-742'),
	(3367, '숭실대학교 경영대학원', '서울특별시 동작구 상도로 369 (상도동, 숭실대학교) 웨스트민스터홀 542호', 212, '156743'),
	(3368, '숭실대학교 교육대학원', '서울특별시 동작구 상도로 369 (상도동, 숭실대학교) 웨스트민스터홀 433호', 212, '156743'),
	(3369, '숭실대학교 기독교학대학원', '서울특별시 동작구 상도로 369 (상도동, 숭실대학교) 웨스트민스터홀 443호', 212, '156743'),
	(3370, '숭실대학교 사회복지대학원', '서울특별시 동작구 상도로 369 (상도동, 숭실대학교) 웨스트민스터홀 435호', 212, '156743'),
	(3371, '숭실대학교 소프트웨어특성화대학원', '서울특별시 동작구 상도로 369 (상도동, 숭실대학교) 전산관 320호', 212, '156743'),
	(3372, '숭실대학교 정보과학대학원', '서울 동작구 상도동511 숭실대학교 정보과학대학원', 212, '156-743'),
	(3373, '숭실대학교 중소기업대학원', '서울특별시 동작구 상도로 369 (상도동, 숭실대학교) 웨스트민스터홀 541호', 212, '156743'),
	(3374, '연세대학교 법무대학원', '서울특별시 서대문구 연세로 50 (신촌동, 연세대학교)', 212, '120749'),
	(3375, '연세대학교 행정대학원', '서울특별시 서대문구 연세로 50 (신촌동, 연세대학교)', 212, '120749'),
	(3376, '연세대학교간호대학원', '서울특별시 서대문구 연세로 50-1 (신촌동)', 212, '120749'),
	(3377, '연세대학교경제대학원', '서울특별시 서대문구 연세로 50 (신촌동, 연세대학교)', 212, '120749'),
	(3378, '연세대학교공학대학원', '서울특별시 서대문구 연세로 50 (신촌동, 연세대학교)', 212, '120749'),
	(3379, '연세대학교교육대학원', '서울특별시 서대문구 연세로 50 (신촌동, 연세대학교)', 212, '120749'),
	(3380, '연세대학교보건대학원', '서울특별시 서대문구 연세로 50-1 (신촌동, 연세대학교)', 212, '120749'),
	(3381, '연세대학교생활환경대학원', '서울특별시 서대문구 연세로 50 (신촌동, 연세대학교)', 212, '120749'),
	(3382, '연세대학교언론홍보대학원', '서울특별시 서대문구 연세로 50 (신촌동, 연세대학교)', 212, '120749'),
	(3383, '이화여자대학교 공연예술대학원', '서울특별시 서대문구 이화여대길 52 이화여자대학교', 212, '120-750'),
	(3384, '이화여자대학교 교육대학원', '서울특별시 서대문구 이화여대길 52 이화여자대학교', 212, '120-750'),
	(3385, '이화여자대학교 디자인대학원', '서울특별시 서대문구 이화여대길 52 이화여자대학교', 212, '120-750'),
	(3386, '이화여자대학교 사회복지대학원', '서울특별시 서대문구 이화여대길 52 이화여자대학교', 212, '120-750'),
	(3387, '이화여자대학교 신학대학원', '서울특별시 서대문구 이화여대길 52 이화여자대학교', 212, '120-750'),
	(3388, '이화여자대학교 외국어교육특수대학원', '서울 서대문구 대현동 이화여자대학교', 212, '120-750'),
	(3389, '이화여자대학교 임상보건과학대학원', '서울특별시 서대문구 이화여대길 52 이화여자대학교', 212, '120-750'),
	(3390, '이화여자대학교 임상치의학대학원', '서울특별시 양천구 안양천로 1071 (목동, 이화여대목동병원) 별관2층 임상치의학대학원', 212, '158710'),
	(3391, '이화여자대학교 정보과학대학원', '서울특별시 서대문구 이화여대길 52 이화여자대학교', 212, '120-750'),
	(3392, '이화여자대학교 정책과학대학원', '서울특별시 서대문구 이화여대길 52 이화여자대학교', 212, '120-750'),
	(3393, '인제대학원대학교', '서울특별시 중구 수표로 31 (저동2가, 학교법인 인제학원 인당관)', 212, '100032'),
	(3394, '장로회신학대학교 교육대학원', '서울 광진구 광장로 5길 25-1(광장동) 장로회신학대학교', 212, '143-756'),
	(3395, '장로회신학대학교 교회음악대학원', '서울 광진구 광장로 5길 25-1(광장동) 장로회신학대학교', 212, '143-756'),
	(3396, '장로회신학대학교 세계선교대학원', '서울 광진구 광장로 5길 25-1(광장동) 장로회신학대학교', 212, '143-756'),
	(3397, '장로회신학대학교 신학대학원', '서울 광진구 광장로 5길 25-1(광장동) 장로회신학대학교', 212, '143-756'),
	(3398, '중앙대학교 건강간호대학원', '서울 동작구 흑석로 84', 212, '156-070'),
	(3399, '중앙대학교 건설대학원', '서울 동작구 흑석로 84', 212, '156-756'),
	(3400, '중앙대학교 교육대학원', '서울 동작구 흑석로 84', 212, '156-756'),
	(3401, '중앙대학교 글로벌인적자원개발대학원', '서울 동작구 흑석로 84', 212, '156-756'),
	(3402, '중앙대학교 사회개발대학원', '서울 동작구 흑석로 84', 212, '156-756'),
	(3403, '중앙대학교 신문방송대학원', '서울 동작구 흑석로 84', 212, '156-756'),
	(3404, '중앙대학교 예술대학원', '서울 동작구 흑석로 84', 212, '156-756'),
	(3405, '중앙대학교 의약식품대학원', '서울 동작구 흑석로 84', 212, '156-756'),
	(3406, '중앙대학교 정보대학원', '서울 동작구 흑석로 84', 212, '156-756'),
	(3407, '중앙대학교 행정대학원', '서울 동작구 흑석로 84', 212, '156-756'),
	(3408, '총신대학교교육대학원', '서울 동작구 사당로 143', 212, '156-090'),
	(3409, '총신대학교교회음악대학원', '서울특별시 동작구 사당로 143 (사당동, 대한예수교장로회총회신학원)', 212, '156763'),
	(3410, '총신대학교기독교사회복지대학원', '서울 동작구 사당로 143', 212, '156-763'),
	(3411, '총신대학교상담대학원', '서울 동작구 사당로 143', 212, '156-763'),
	(3412, '총신대학교선교대학원', '서울 동작구 사당로 143', 212, '156-763'),
	(3413, '추계예술대학교 교육대학원', '서울특별시 서대문구 북아현로11가길 7 (북아현동, 추계예술대학교)', 212, '120763'),
	(3414, '추계예술대학교 문화예술경영대학원', '서울특별시 서대문구 북아현로11가길 7 (북아현동, 추계예술대학교)', 212, '120763'),
	(3415, '한국방송통신대학교 경영대학원', '서울특별시 종로구 대학로 86 (동숭동, 한국방송통신대학교)', 212, '110791'),
	(3416, '한국방송통신대학교 대학원', '서울특별시 종로구 대학로 86 (동숭동, 한국방송통신대학교)', 212, '110791'),
	(3417, '한국성서대학교보육대학원', '서울특별시 노원구 동일로214길 32 (상계동, 한국성서대학교)', 212, '139791'),
	(3418, '한국성서대학교사회복지대학원', '서울특별시 노원구 동일로214길 32 (상계동, 한국성서대학교)', 212, '139791'),
	(3419, '한국성서대학교신학대학원', '서울특별시 노원구 동일로214길 32 (상계동, 한국성서대학교)', 212, '139791'),
	(3420, '한국외국어대학교 TESOL 대학원', '서울특별시 동대문구 이문로 107', 212, '130791'),
	(3421, '한국외국어대학교 경영대학원', '서울특별시 동대문구 이문로 107', 212, '130791'),
	(3422, '한국외국어대학교 교육대학원', '서울 동대문구 이문로 107', 212, '130-791'),
	(3423, '한국외국어대학교 정치행정언론대학원', '서울특별시 동대문구 이문로 107', 212, '130791'),
	(3424, '한국체육대학교 교육대학원', '서울 송파구 오륜동 양재대로 1239 한국체육대학교', 212, '138-763'),
	(3425, '한국체육대학교 사회체육대학원', '서울 송파구 오륜동 양재대로 1239 한국체육대학교', 212, '138-763'),
	(3426, '한독미디어대학원대학교', '서울특별시 강서구 화곡로61길 99 (등촌동, 한독미디어대학원대학교)', 212, '157930'),
	(3427, '한림국제대학원대학교', '서울 강남구 역삼로 405', 212, '135-841'),
	(3428, '한반도국제대학원대학교', '서울 용산구 임정로17', 212, '140-897'),
	(3429, '한성대학교 국방과학대학원', '서울특별시 성북구 삼선교로16길 116 (삼선동2가, 한성대학교)', 212, '136792'),
	(3430, '한성대학교 지식서비스&컨설팅대학원', '서울특별시 성북구 삼선교로16길 116 (삼선동2가, 한성대학교)', 212, '136792'),
	(3431, '한성대학교경영대학원', '서울특별시 성북구 삼선교로16길 116 (삼선동2가, 한성대학교)', 212, '136792'),
	(3432, '한성대학교교육대학원', '서울특별시 성북구 삼선교로16길 116 (삼선동2가, 한성대학교)', 212, '136792'),
	(3433, '한성대학교국제대학원', '서울특별시 성북구 삼선교로16길 116 (삼선동2가, 한성대학교)', 212, '136792'),
	(3434, '한성대학교부동산대학원', '서울특별시 성북구 삼선교로16길 116 (삼선동2가, 한성대학교)', 212, '136792'),
	(3435, '한성대학교예술대학원', '서울특별시 성북구 삼선교로16길 116 (삼선동2가, 한성대학교)', 212, '136792'),
	(3436, '한성대학교행정대학원', '서울특별시 성북구 삼선교로16길 116 (삼선동2가, 한성대학교)', 212, '136792'),
	(3437, '한신대학교 사회혁신경영대학원', '서울특별시 강북구 인수봉로 159 (수유동, 한신대학교신학대학원)', 212, '142791'),
	(3438, '한신대학교신학대학원', '서울 강북구 인수봉길 159', 212, '142-070'),
	(3439, '한양대학교 공공정책대학원', '서울특별시 성동구 왕십리로 222 (사근동, 한양대학교)', 212, '133-791'),
	(3440, '한양대학교 도시융합개발대학원', '서울특별시 성동구 왕십리로 222 (사근동, 한양대학교)', 212, '133791'),
	(3441, '한양대학교 임상간호정보대학원', '서울특별시 성동구 왕십리로 222 (사근동, 한양대학교)', 212, '133-791'),
	(3442, '한양대학교경영대학원', '서울특별시 성동구 왕십리로 222 (사근동, 한양대학교)', 212, '133-791'),
	(3443, '한양대학교공학대학원', '서울특별시 성동구 왕십리로 222 (사근동, 한양대학교)', 212, '133-791'),
	(3444, '한양대학교교육대학원', '서울특별시 성동구 왕십리로 222 (사근동, 한양대학교)', 212, '133-791'),
	(3445, '한양대학교국제관광대학원', '서울특별시 성동구 왕십리로 222 (사근동, 한양대학교)', 212, '133791'),
	(3446, '한양대학교언론정보대학원', '서울특별시 성동구 왕십리로 222 (사근동, 한양대학교)', 212, '133791'),
	(3447, '한양사이버대학교 경영대학원', '서울특별시 성동구 왕십리로 222 (사근동, 한양대학교)', 212, '133791'),
	(3448, '한양사이버대학교 교육정보대학원', '서울특별시 성동구 왕십리로 222 (사근동, 한양대학교)', 212, '133791'),
	(3449, '한양사이버대학교 디자인대학원', '서울특별시 성동구 왕십리로 222 (사근동, 한양대학교)', 212, '133791'),
	(3450, '한양사이버대학교 부동산대학원', '서울특별시 성동구 왕십리로 222 (사근동, 한양대학교)', 212, '133791'),
	(3451, '한양사이버대학교 휴먼서비스대학원', '서울특별시 성동구 왕십리로 222 (사근동, 한양대학교)', 212, '133791'),
	(3452, '한영신학대학교기독상담대학원', '서울 구로구 경인로 290-42 한영신학대학', 212, '152-717'),
	(3453, '한영신학대학교부흥신학대학원', '서울 구로구 경인로 290-42 한영신학대학', 212, '152-717'),
	(3454, '한영신학대학교사회복지대학원', '서울 구로구 경인로 290-42 한영신학대학', 212, '152-717'),
	(3455, '한영신학대학교상담복지대학원', '서울 구로구 경인로 290-42 한영신학대학', 212, '152-717'),
	(3456, '한영신학대학교신학대학원', '서울 구로구 경인로 290-42 한영신학대학', 212, '152-717'),
	(3457, '한영신학대학교통역대학원', '서울 구로구 경인로 290-42 한영신학대학', 212, '152-717'),
	(3458, '호서대학교 글로벌창업대학원', '서울특별시 서초구 반포대로 9 (서초동, 신진빌딩)', 212, '137867'),
	(3459, '홍익대학교 건축도시대학원', '서울특별시 마포구 와우산로 94(상수동)', 212, '121-791'),
	(3460, '홍익대학교 경영대학원', '서울특별시 마포구 와우산로 94(상수동)', 212, '121-791'),
	(3461, '홍익대학교 공연예술대학원', '서울 마포구 상수동', 212, '121-160'),
	(3462, '홍익대학교 광고홍보대학원', '서울특별시 마포구 와우산로 94(상수동)', 212, '121-791'),
	(3463, '홍익대학교 교육경영관리대학원', '서울특별시 마포구 와우산로 94(상수동)', 212, '121-791'),
	(3464, '홍익대학교 교육대학원', '서울특별시 마포구 와우산로 94(상수동)', 212, '121-791'),
	(3465, '홍익대학교 미술대학원', '서울특별시 마포구 와우산로 94(상수동)', 212, '121-791'),
	(3466, '홍익대학교 산업미술대학원', '서울특별시 마포구 와우산로 94(상수동)', 212, '121-791'),
	(3467, '홍익대학교 세무대학원', '서울특별시 마포구 와우산로 94(상수동)', 212, '121-791'),
	(3468, '홍익대학교 영상대학원', '서울특별시 마포구 와우산로 94(상수동)', 212, '121-791'),
	(3469, '홍익대학교 정보대학원', '서울특별시 마포구 와우산로 94(상수동)', 212, '121-791'),
	(3470, '경성대학교 경영대학원', '부산광역시 남구 수영로 309(대연동)', 212, '608-736'),
	(3471, '경성대학교 교육대학원', '부산광역시 남구 수영로 309(대연동)', 212, '608-736'),
	(3472, '경성대학교 멀티미디어대학원', '부산광역시 남구 수영로 309(대연동)', 212, '608-736'),
	(3473, '경성대학교 사회복지대학원', '부산광역시 남구 수영로 309(대연동)', 212, '608-736'),
	(3474, '경성대학교 임상약학보건대학원', '부산광역시 남구 수영로 309(대연동)', 212, '608-736'),
	(3475, '고신대학교 TESOL 대학원', '부산광역시 영도구 와치로 194 (동삼동, 고신대학교)', 212, '606701'),
	(3476, '고신대학교 교회음악대학원', '부산광역시 영도구 와치로 194 (동삼동, 고신대학교)', 212, '606701'),
	(3477, '고신대학교 선교목회대학원', '부산광역시 영도구 와치로 194 (동삼동, 고신대학교)', 212, '606701'),
	(3478, '고신대학교교육대학원', '부산광역시 영도구 와치로 194 (동삼동, 고신대학교)', 212, '606701'),
	(3479, '고신대학교기독교상담대학원', '부산광역시 영도구 와치로 194 (동삼동, 고신대학교)', 212, '606701'),
	(3480, '고신대학교보건대학원', '부산광역시 서구 감천로 262 (암남동, 고신대학교복음병원)', 212, '602702'),
	(3481, '동명대학교 복지산업대학원', '부산광역시 남구 신선로 428 (용당동, 동명대학교)', 212, '608711'),
	(3482, '동서대학교 경영대학원', '부산광역시 사상구 주례로 57 (주례동, 동서대학교)', 212, '617716'),
	(3483, '동서대학교 부산-후쿠오카초국경경영대학원', '부산광역시 사상구 주례로 476', 212, '617-716'),
	(3484, '동서대학교 선교복지대학원', '부산광역시 사상구 주례로 476', 212, '617-716'),
	(3485, '동아대학교 경영대학원', '부산광역시 서구 구덕로 225 (부민동2가, 동아대학교부민캠퍼스)', 212, '602760'),
	(3486, '동아대학교 경찰법무대학원', '부산 서구 구덕로 225 (부민동2가)', 212, '602-072'),
	(3487, '동아대학교 교육대학원', '부산광역시 사하구 낙동대로550번길 37 (하단동, 동아대학교)', 212, '604714'),
	(3488, '동아대학교 문화예술대학원', '부산광역시 서구 대신공원로 32 (동대신동3가, 동아대학교구덕캠퍼스)', 212, '602714'),
	(3489, '동아대학교 법무대학원', '부산광역시 서구 구덕로 225 (부민동2가, 동아대학교부민캠퍼스)', 212, '602760'),
	(3490, '동아대학교 사회복지대학원', '부산광역시 서구 구덕로 225 (부민동2가, 동아대학교부민캠퍼스)', 212, '602760'),
	(3491, '동아대학교 산업정보대학원', '부산광역시 사하구 낙동대로550번길 37 (하단동, 동아대학교)', 212, '604714'),
	(3492, '동아대학교 언론홍보대학원', '부산광역시 서구 구덕로 225 (부민동2가, 동아대학교부민캠퍼스)', 212, '602760'),
	(3493, '동아대학교 예술대학원', '부산광역시 서구 대신공원로 32 (동대신동3가, 동아대학교구덕캠퍼스)', 212, '602714'),
	(3494, '동의대학교경영대학원', '부산 부산진구 엄광로 176 동의대학교', 212, '614-714'),
	(3495, '동의대학교교육대학원', '부산 부산진구 엄광로 176 동의대학교', 212, '614-714'),
	(3496, '동의대학교산업문화대학원', '부산 부산진구 엄광로 176 동의대학교', 212, '614-714'),
	(3497, '동의대학교영상정보대학원', '부산 부산진구 엄광로 176 동의대학교', 212, '614-714'),
	(3498, '동의대학교행정대학원', '부산 부산진구 엄광로 176 동의대학교', 212, '614-714'),
	(3499, '부경대학교 경영대학원', '부산 남구 대연3동 부경대학교대연캠퍼스', 212, '608-737'),
	(3500, '부경대학교 교육대학원', '부산 남구 대연3동 부경대학교대연캠퍼스', 212, '608-737'),
	(3501, '부경대학교 국제대학원', '부산 남구 대연3동 부경대학교대연캠퍼스', 212, '608-737'),
	(3502, '부경대학교 글로벌수산대학원', '부산 남구 대연3동 부경대학교대연캠퍼스', 212, '608-737'),
	(3503, '부경대학교 산업대학원', '부산 남구 대연3동 부경대학교', 212, '608-737'),
	(3504, '부산가톨릭대학교 생명과학대학원', '부산광역시 금정구 오륜대로 57 (부곡동, 부산가톨릭대학교)', 212, '609817'),
	(3505, '부산교육대학교교육대학원', '부산광역시 연제구 교대로 24 (거제동, 부산교육대학교)', 212, '611736'),
	(3506, '부산대학교 경영대학원', '부산광역시 금정구 부산대학로63번길 2 (장전동, 엔씨백화점부산대점)', 212, '609735'),
	(3507, '부산대학교 경제통상대학원', '부산광역시 금정구 부산대학로63번길 2 (장전동, 엔씨백화점부산대점)', 212, '609735'),
	(3508, '부산대학교 교육대학원', '부산광역시 금정구 부산대학로63번길 2 (장전동, 엔씨백화점부산대점)', 212, '609735'),
	(3509, '부산대학교 산업대학원', '부산광역시 금정구 부산대학로63번길 2 (장전동, 엔씨백화점부산대점)', 212, '609735'),
	(3510, '부산대학교 행정대학원', '부산광역시 금정구 부산대학로63번길 2 (장전동, 엔씨백화점부산대점)', 212, '609735'),
	(3511, '부산대학교 환경대학원', '부산광역시 금정구 부산대학로63번길 2 (장전동, 엔씨백화점부산대점)', 212, '609735'),
	(3512, '부산디지털대학교 휴먼서비스대학원', '부산 사상구 주례로 57 부산디지털대학교', 212, '617-010'),
	(3513, '부산외국어대학교 TESOL 대학원', '부산광역시 금정구 금샘로 485번길 65', 212, '609841'),
	(3514, '부산외국어대학교 국제통상경영대학원', '부산광역시 금정구 금샘로 485번길 65', 212, '609815'),
	(3515, '부산외국어대학교교육대학원', '부산광역시 금정구 금샘로 485번길 65', 212, '609815'),
	(3516, '부산외국어대학교통역번역대학원', '부산광역시 금정구 금샘로 485번길 65', 212, '609815'),
	(3517, '신라대학교 교육대학원', '부산 사상구 백양대로 700번길 140(괘법동)', 212, '617-736'),
	(3518, '신라대학교 국제경영대학원', '부산 사상구 백양대로 700번길 140(괘법동)', 212, '617-736'),
	(3519, '신라대학교 리더십대학원', '부산 사상구 백양대로 700번길 140(괘법동)', 212, '617-736'),
	(3520, '신라대학교 사회복지대학원', '부산 사상구 백양대로 700번길 140(괘법동)', 212, '617-736'),
	(3521, '신라대학교 조형대학원', '부산 사상구 백양대로 700번길 140(괘법동)', 212, '617-736'),
	(3522, '영산대학교 관광대학원', '부산광역시 해운대구 반송순환로 142(반송동)', 212, '612-743'),
	(3523, '영산대학교 동양학대학원', '부산광역시 해운대구 반송순환로 142(반송동)', 212, '612-743'),
	(3524, '영산대학교 미용예술대학원', '부산광역시 해운대구 반송순환로 142(반송동)', 212, '612-743'),
	(3525, '영산대학교 법무·경영대학원', '부산광역시 해운대구 반송순환로 142(반송동)', 212, '612-743'),
	(3526, '영산대학교 부동산대학원', '부산광역시 해운대구 반송순환로 142(반송동)', 212, '612-743'),
	(3527, '영산대학교 원자력경영대학원', '부산광역시 해운대구 반송순환로 142(반송동)', 212, '612-743'),
	(3528, '인제대학교 보건대학원', '부산광역시 부산진구 복지로 75 (개금동, 백병원)', 212, '614735'),
	(3529, '한국해양대학교 교육대학원', '부산광역시 영도구 태종로 727 (동삼동, 한국해양대학교)', 212, '606804'),
	(3530, '한국해양대학교해사산업대학원', '부산광역시 영도구 태종로 727 (동삼동, 한국해양대학교)', 212, '606804'),
	(3531, '경북대학교 경영대학원', '대구 북구 대학로 80번지 경북대학교 경영대학원', 212, '702-701'),
	(3532, '경북대학교 교육대학원', '대구 북구 대학로 80번지 경북대학교 교육대학원', 212, '702-701'),
	(3533, '경북대학교 국제대학원', '대구 북구 대학로 80번지 경북대학교 국제대학원', 212, '702-701'),
	(3534, '경북대학교 농업생명융합대학원', '대구광역시 북구 대학로 80 경북대학교 농업생명융합대학원', 212, '702701'),
	(3535, '경북대학교 보건대학원', '대구광역시 중구 국채보상로 680  경북대학교 보건대학원', 212, '700842'),
	(3536, '경북대학교 산업대학원', '대구 북구 대학로 80번지 경북대학교 산업대학원', 212, '702-701'),
	(3537, '경북대학교 수사과학대학원', '대구광역시 중구 국채보상로 680 (동인동2가, 경북대학교 수사과학대학원)', 212, '700842'),
	(3538, '경북대학교 정책정보대학원', '대구 북구 대학로 80번지 경북대학교 정책정보대학원', 212, '702-701'),
	(3539, '경북대학교 행정대학원', '대구 북구 대학로 80번지 경북대학교 행정대학원', 212, '702-701'),
	(3540, '계명대학교 경영대학원', '대구광역시 달서구 달구벌대로 1095 계명대학교 성서캠퍼스', 212, '704-701'),
	(3541, '계명대학교 교육대학원', '대구광역시 달서구 달구벌대로 1095 계명대학교 성서캠퍼스', 212, '704-701'),
	(3542, '계명대학교 스포츠산업대학원', '대구광역시 달서구 달구벌대로 1095 계명대학교 성서캠퍼스', 212, '704-701'),
	(3543, '계명대학교 여성학대학원', '대구광역시 남구 명덕로 104 계명대학교 대명캠퍼스', 212, '705-701'),
	(3544, '계명대학교 연합신학대학원', '대구광역시 달서구 달구벌대로 1095 계명대학교 성서캠퍼스', 212, '704-701'),
	(3545, '계명대학교 예술대학원', '대구광역시 달서구 달구벌대로 1095 계명대학교 성서캠퍼스', 212, '704-701'),
	(3546, '계명대학교 유아교육대학원', '대구광역시 달서구 달구벌대로 1095 계명대학교 성서캠퍼스', 212, '704-701'),
	(3547, '계명대학교 융합공학대학원', '대구광역시 달서구 달구벌대로 1095 계명대학교 성서캠퍼스', 212, '704701'),
	(3548, '계명대학교 정책대학원', '대구광역시 남구 명덕로 104 계명대학교 대명캠퍼스', 212, '705-701'),
	(3549, '계명대학교 지능형자동차대학원', '대구 달서구 달구벌대로 1095 계명대학교 성서캠퍼스', 212, '704-701'),
	(3550, '계명대학교 통·번역대학원', '대구 달서구 달구벌대로 1095 계명대학교 성서캠퍼스', 212, '704-701'),
	(3551, '대구가톨릭대학교신학대학원', '대구 중구 남산3동 대구가톨릭대학교신학대학', 212, '700-726'),
	(3552, '대구교육대학교교육대학원', '대구광역시 남구 중앙대로 219 (대명동)', 212, '705715'),
	(3553, '영남대학교 경영대학원', '대구 남구 현충로 170', 212, '705-717'),
	(3554, '영남대학교 스포츠과학대학원', '대구 남구 현충로 170', 212, '705-717'),
	(3555, '영남대학교 임상약학대학원', '대구 남구 현충로 170', 212, '705-717'),
	(3556, '영남대학교 행정대학원', '대구 남구 현충로 170', 212, '705-717'),
	(3557, '영남대학교 환경보건대학원', '대구 남구 현충로 170', 212, '705-717'),
	(3558, '가천대학교 간호대학원', '인천 연수구 함박뫼로 191', 212, '406-799'),
	(3559, '가천대학교 보건대학원', '인천 연수구 함박뫼로191', 212, '406-799'),
	(3560, '가천대학교 보건복지대학원', '인천 연수구 함박뫼로 191', 212, '406-799'),
	(3561, '경인교육대학교교육대학원', '인천 계양구 계산동 산59-12', 212, '407-753'),
	(3562, '인천가톨릭대학교 특수대학원', '인천 연수구 송도동 해송로 12(송도동)', 212, '406-840'),
	(3563, '인천대학교 경영대학원', '인천광역시 연수구 아카데미로 119 (송도동, 인천대학교)', 212, '406772'),
	(3564, '인천대학교 공학대학원', '인천광역시 연수구 아카데미로 119 (송도동, 인천대학교)', 212, '406772'),
	(3565, '인천대학교 문화대학원', '인천광역시 연수구 아카데미로 119 (송도동, 인천대학교)', 212, '406772'),
	(3566, '인천대학교 정보기술대학원', '인천광역시 연수구 아카데미로 119 (송도동, 인천대학교)', 212, '406772'),
	(3567, '인천대학교교육대학원', '인천광역시 연수구 아카데미로 119 (송도동, 인천대학교)', 212, '406772'),
	(3568, '인천대학교행정대학원', '인천광역시 연수구 아카데미로 119 (송도동, 인천대학교)', 212, '406772'),
	(3569, '인하대학교 공학대학원', '인천광역시 남구 인하로 100 (용현동, 인하대학교)', 212, '402751'),
	(3570, '인하대학교경영대학원', '인천광역시 남구 인하로 100 (용현동, 인하대학교)', 212, '402751'),
	(3571, '인하대학교교육대학원', '인천 남구 인하로 100 인하대학교', 212, '402-020'),
	(3572, '인하대학교국제통상물류대학원', '인천광역시 남구 인하로 100 (용현동, 인하대학교)', 212, '402751'),
	(3573, '인하대학교정책대학원', '인천광역시 남구 인하로 100 (용현동, 인하대학교)', 212, '402751'),
	(3574, '광신대학교 국제대학원', '광주광역시 북구 양산택지소로 36 (본촌동, 광신대학교)', 212, '500710'),
	(3575, '광신대학교 사회복지대학원', '광주광역시 북구 양산택지소로 36 (본촌동, 광신대학교)', 212, '500710'),
	(3576, '광신대학교교육대학원', '광주광역시 북구 양산택지소로 36 (본촌동, 광신대학교)', 212, '500710'),
	(3577, '광신대학교상담치료대학원', '광주광역시 북구 양산택지소로 36 (본촌동, 광신대학교)', 212, '500710'),
	(3578, '광신대학교신학대학원', '광주광역시 북구 양산택지소로 36 (본촌동, 광신대학교)', 212, '500710'),
	(3579, '광주교육대학교교육대학원', '광주 북구 필문대로55 광주교육대학교', 212, '500-703'),
	(3580, '광주대학교 보건상담정책대학원', '광주광역시 남구 효덕로 277 (진월동)', 212, '503703'),
	(3581, '광주대학교산업대학원', '광주광역시 남구 효덕로 277 (진월동)', 212, '503703'),
	(3582, '광주대학교언론홍보대학원', '광주광역시 남구 효덕로 277 (진월동)', 212, '503703'),
	(3583, '광주여자대학교 사회개발대학원', '광주광역시 광산구 여대길 201 (산정동)', 212, '506713'),
	(3584, '광주여자대학교교육대학원', '광주광역시 광산구 여대길 201 (산정동)', 212, '506713'),
	(3585, '남부대학교 교육대학원', '광주광역시 광산구 첨단중앙로 23 (월계동, 남부대학교)', 212, '506706'),
	(3586, '남부대학교 보건경영대학원', '광주광역시 광산구 첨단중앙로 23 (월계동, 남부대학교)', 212, '506706'),
	(3587, '남부대학교 보건대학원', '광주광역시 광산구 첨단중앙로 23 (월계동, 남부대학교)', 212, '506706'),
	(3588, '남부대학교 보건복지대학원', '광주광역시 광산구 첨단중앙로 23 (월계동, 남부대학교)', 212, '506706'),
	(3589, '남부대학교 사회복지대학원', '광주광역시 광산구 첨단중앙로 23 (월계동, 남부대학교)', 212, '506706'),
	(3590, '남부대학교 산업정책대학원', '광주광역시 광산구 첨단중앙로 23 (월계동, 남부대학교)', 212, '506706'),
	(3591, '남부대학교 음악대학원', '광주광역시 광산구 첨단중앙로 23 (월계동, 남부대학교)', 212, '506706'),
	(3592, '전남대학교 정책대학원', '광주광역시 북구 용봉로 77 (용봉동, 전남대학교)', 212, '500757'),
	(3593, '전남대학교경영대학원', '광주 북구 용봉로 77', 212, '500-757'),
	(3594, '전남대학교교육대학원', '광주 북구 용봉로 77', 212, '500-757'),
	(3595, '전남대학교산업대학원', '광주 북구 용봉로 77', 212, '500-757'),
	(3596, '전남대학교행정대학원', '광주 북구 용봉로 77', 212, '500-757'),
	(3597, '조선대학교 보건대학원', '광주광역시 동구 필문대로 309 (서석동, 조선대학교)', 212, '501759'),
	(3598, '조선대학교 산업기술융합대학원', '광주광역시 동구 필문대로 309 (서석동, 조선대학교)', 212, '501759'),
	(3599, '조선대학교 임상약학대학원', '광주광역시 동구 필문대로 309 (서석동, 조선대학교)', 212, '501759'),
	(3600, '조선대학교경영대학원', '광주광역시 동구 필문대로 309 (서석동, 조선대학교)', 212, '501759'),
	(3601, '조선대학교교육대학원', '광주광역시 동구 필문대로 309 (서석동, 조선대학교)', 212, '501759'),
	(3602, '조선대학교디자인대학원', '광주광역시 동구 필문대로 309 (서석동, 조선대학교)', 212, '501759'),
	(3603, '조선대학교산업대학원', '광주 동구 서석동 조선대학교', 212, '501-759'),
	(3604, '조선대학교정책대학원', '광주광역시 동구 필문대로 309 (서석동, 조선대학교)', 212, '501759'),
	(3605, '호남대학교 교육대학원', '광주 광산구 어등대로 417', 212, '506-714'),
	(3606, '호남대학교 복지행정대학원', '광주 광산구 어등대로 417', 212, '506-714'),
	(3607, '호남대학교 산업경영대학원', '광주 광산구 어등대로 417', 212, '506-714'),
	(3608, '호남신학대학교교회음악대학원', '광주광역시 남구 제중로 77 (양림동, 호남신학대학교)', 212, '503756'),
	(3609, '호남신학대학교기독교상담대학원', '광주광역시 남구 제중로 77 (양림동, 호남신학대학교)', 212, '503756'),
	(3610, '호남신학대학교신학대학원', '광주광역시 남구 제중로 77 (양림동, 호남신학대학교)', 212, '503756'),
	(3611, '건양대학교 경영사회복지대학원', '대전광역시 서구 관저동로 158 (관저동)', 212, '302-718'),
	(3612, '건양대학교 교육대학원', '대전광역시 서구 관저동로 158 (관저동)', 212, '302-718'),
	(3613, '건양대학교 군사경찰행정대학원', '대전광역시 서구 관저동로 158 (관저동)', 212, '302-718'),
	(3614, '건양대학교 바이오비임상대학원', '대전광역시 서구 관저동로 158 (관저동)', 212, '302-718'),
	(3615, '건양대학교 보건복지대학원', '대전광역시 서구 관저동로 158 (관저동)', 212, '302-718'),
	(3616, '건양대학교 상담대학원', '대전광역시 서구 관저동로 158 (관저동)', 212, '302-718'),
	(3617, '고려대학교 세종캠퍼스 행정대학원', '대전광역시 서구 둔지로 60 (둔산동)', 212, '302828'),
	(3618, '대전대학교 교육대학원', '대전광역시 서구 대덕대로176번길 59 (둔산동, 대전대학교둔산캠퍼스A동)', 212, '302869'),
	(3619, '대전대학교 군사·산업정보대학원', '대전광역시 서구 대덕대로176번길 59 (둔산동, 대전대학교둔산캠퍼스A동)', 212, '302869'),
	(3620, '대전대학교 보건스포츠대학원', '대전광역시 서구 대덕대로176번길 59 (둔산동, 대전대학교둔산캠퍼스A동)', 212, '302869'),
	(3621, '대전대학교 보건의료대학원', '대전광역시 서구 대덕대로176번길 59 (둔산동, 대전대학교둔산캠퍼스A동)', 212, '302869'),
	(3622, '대전대학교 상담대학원', '대전광역시 서구 대덕대로176번길 59 (둔산동, 대전대학교둔산캠퍼스A동)', 212, '302869'),
	(3623, '대전대학교경영행정ㆍ사회복지대학원', '대전광역시 서구 대덕대로176번길 59 (둔산동, 대전대학교둔산캠퍼스A동)', 212, '302869'),
	(3624, '대전신학대학교 신학대학원', '대전 대덕구 한남로 41번지(오정동)', 212, '306-819'),
	(3625, '목원대학교 산업정보언론대학원', '대전광역시 서구 도안북로 88 (도안동, 목원대학교)', 212, '302318'),
	(3626, '목원대학교교육대학원', '대전광역시 서구 도안북로 88 (도안동, 목원대학교)', 212, '302318'),
	(3627, '목원대학교산업정보대학원', '대전광역시 서구 도안북로 88 (도안동, 목원대학교)', 212, '302318'),
	(3628, '목원대학교신학대학원', '대전광역시 서구 도안북로 88 (도안동, 목원대학교)', 212, '302318'),
	(3629, '목원대학교언론광고홍보대학원', '대전광역시 서구 도안북로 88 (도안동, 목원대학교)', 212, '302318'),
	(3630, '배재대학교 관광축제호텔대학원', '대전 서구 배재로 155-40(도마동)', 212, '302-735'),
	(3631, '배재대학교 교육대학원', '대전 서구 배재로 155-40(도마동)', 212, '302-735'),
	(3632, '배재대학교 법무·행정대학원', '대전 서구 배재로 155-40(도마동)', 212, '302-735'),
	(3633, '배재대학교 컨설팅대학원', '대전 서구 서구 배재로 155-40(도마동)', 212, '302-735'),
	(3634, '배재대학교 한류문화산업대학원', '대전광역시 서구 배재로 155-40(도마동)', 212, '302-735'),
	(3635, '배재대학교국제통상대학원', '대전 서구 배재로 155-40(도마동)', 212, '302-162'),
	(3636, '우송대학교 Culinary MBA대학원', '대전광역시 동구 동대전로 171 (자양동, 우송정보대학, 우송대 서캠퍼스)', 212, '300719'),
	(3637, '우송대학교 TESOLㆍMALL대학원', '대전광역시 동구 동대전로 171 (자양동, 우송정보대학, 우송대 서캠퍼스)', 212, '300719'),
	(3638, '우송대학교 경영대학원', '대전광역시 동구 동대전로 171 (자양동, 우송정보대학, 우송대 서캠퍼스)', 212, '300719'),
	(3639, '우송대학교 공학·디자인대학원', '대전광역시 동구 동대전로 171 (자양동, 우송정보대학, 우송대 서캠퍼스)', 212, '300719'),
	(3640, '우송대학교 공학·디자인대학원', '대전광역시 동구 동대전로 171 (자양동, 우송정보대학, 우송대 서캠퍼스)', 212, '300719'),
	(3641, '우송대학교 공학대학원', '대전광역시 동구 동대전로 171 (자양동, 우송정보대학, 우송대 서캠퍼스)', 212, '300719'),
	(3642, '우송대학교 보건복지대학원', '대전광역시 동구 동대전로 171 (자양동, 우송정보대학, 우송대 서캠퍼스)', 212, '300719'),
	(3643, '우송대학교 보건복지대학원', '대전광역시 동구 동대전로 171 (자양동, 우송정보대학, 우송대 서캠퍼스)', 212, '300719'),
	(3644, '우송대학교 솔브릿지국제경영대학원', '대전광역시 동구 동대전로 171 (자양동, 우송정보대학, 우송대 서캠퍼스)', 212, '300719'),
	(3645, '우송대학교 철도대학원', '대전광역시 동구 동대전로 171 (자양동, 우송정보대학, 우송대 서캠퍼스)', 212, '300719'),
	(3646, '우송대학교 철도대학원', '대전광역시 동구 동대전로 171 (자양동, 우송정보대학, 우송대 서캠퍼스)', 212, '300719'),
	(3647, '우송대학교TESOLㆍMALL대학원', '대전광역시 동구 동대전로 171 (자양동, 우송정보대학, 우송대 서캠퍼스)', 212, '300719'),
	(3648, '우송대학교경영대학원', '대전광역시 동구 동대전로 171 (자양동, 우송정보대학, 우송대 서캠퍼스)', 212, '300719'),
	(3649, '우송대학교디자인대학원', '대전광역시 동구 동대전로 171 (자양동, 우송정보대학, 우송대 서캠퍼스)', 212, '300719'),
	(3650, '을지대학교보건대학원', '대전광역시 중구 계룡로771번길 77 (목동, 을지대학교)', 212, '301808'),
	(3651, '을지대학교임상간호대학원', '대전광역시 중구 계룡로771번길 77 (목동, 을지대학교)', 212, '301808'),
	(3652, '충남대학교 국가정책대학원', '대전 유성구 대학로 99 충남대학교', 212, '305-764'),
	(3653, '충남대학교경영대학원', '대전 유성구 대학로 99 충남대학교', 212, '305-764'),
	(3654, '충남대학교교육대학원', '대전 유성구 대학로 99 충남대학교', 212, '305-764'),
	(3655, '충남대학교보건대학원', '대전 중구 문화로 266', 212, '301-130'),
	(3656, '충남대학교산업대학원', '대전 유성구 대학로 99 충남대학교', 212, '305-764'),
	(3657, '충남대학교특허법무대학원', '대전 유성구 대학로 99 충남대학교', 212, '305-764'),
	(3658, '충남대학교평화안보대학원', '대전 유성구 대학로 99 충남대학교', 212, '305-764'),
	(3659, '충남대학교행정대학원', '대전 유성구 대학로 99 충남대학교', 212, '305-764'),
	(3660, '침례신학대학교 상담대학원', '대전 유성구 북유성대로190', 212, '305-358'),
	(3661, '침례신학대학교 상담복지대학원', '대전 유성구 북유성대로190', 212, '305-358'),
	(3662, '침례신학대학교 선교대학원', '대전 유성구 북유성대로 190', 212, '305-358'),
	(3663, '침례신학대학교교회음악대학원', '대전 유성구 북유성대로 190', 212, '305-358'),
	(3664, '침례신학대학교사회복지대학원', '대전 유성구 북유성대로 190', 212, '305-358'),
	(3665, '침례신학대학교신학대학원', '대전 유성구 북유성대로 190', 212, '305-358'),
	(3666, '한남대학교 경영대학원', '대전광역시 대덕구 한남로 70 (오정동, 한남대학교)', 212, '306818'),
	(3667, '한남대학교 국방전략대학원', '대전광역시 대덕구 한남로 70 (오정동, 한남대학교)', 212, '306818'),
	(3668, '한남대학교 사회문화·행정복지대학원', '대전광역시 대덕구 한남로 70 (오정동, 한남대학교)', 212, '306818'),
	(3669, '한남대학교 행정복지대학원', '대전광역시 대덕구 한남로 70 (오정동, 한남대학교)', 212, '306818'),
	(3670, '한남대학교교육대학원', '대전광역시 대덕구 한남로 70 (오정동, 한남대학교)', 212, '306818'),
	(3671, '한남대학교사회문화대학원', '대전광역시 대덕구 한남로 70 (오정동, 한남대학교)', 212, '306818'),
	(3672, '한남대학교학제신학대학원', '대전광역시 대덕구 한남로 70 (오정동, 한남대학교)', 212, '306818'),
	(3673, '한밭대학교 산업대학원', '대전 유성구 덕명동 한밭대학교', 212, '305-719'),
	(3674, '한밭대학교 창업경영대학원', '대전 유성구 덕명동 한밭대학교', 212, '305-719'),
	(3675, '한밭대학교 창업경영대학원', '대전 유성구 덕명동 한밭대학교', 212, '305-719'),
	(3676, '한밭대학교산업대학원', '대전 유성구 덕명동 한밭대학교', 212, '305-719'),
	(3677, '울산과학기술대학교 기술경영대학원', '울산 울주군 언양읍 반연리', 212, '689-805'),
	(3678, '울산대학교 경영대학원', '울산광역시 남구 대학로 93 (무거동, 울산대학교)', 212, '680749'),
	(3679, '울산대학교 교육대학원', '울산광역시 남구 대학로 93 (무거동, 울산대학교)', 212, '680749'),
	(3680, '울산대학교 산업대학원', '울산광역시 남구 대학로 93 (무거동, 울산대학교)', 212, '680749'),
	(3681, '울산대학교 정책대학원', '울산광역시 남구 대학로 93 (무거동, 울산대학교)', 212, '680749'),
	(3682, '울산대학교자동차선박기술대학원', '울산광역시 남구 대학로 93 (무거동, 울산대학교)', 212, '680749'),
	(3683, '고려대학교 세종캠퍼스 경영정보대학원', '세종특별자치시  세종로 2511 (조치원읍)', 212, '339700'),
	(3684, '고려대학교 세종캠퍼스 의용과학대학원', '세종특별자치시  세종로 2511 (조치원읍)', 212, '339700'),
	(3685, '고려대학교 세종캠퍼스 인문정보대학원', '세종특별자치시  세종로 2511 (조치원읍)', 212, '339700'),
	(3686, '가천대학교 경영대학원', '경기 성남시 수정구 성남대로 1342 (복정동)', 212, '461-701'),
	(3687, '가천대학교 교육대학원', '경기 성남시 수정구 성남대로 1342 (복정동)', 212, '461-701'),
	(3688, '가천대학교 사회정책대학원', '경기 성남시 수정구 성남대로 1342 (복정동)', 212, '461-701'),
	(3689, '가천대학교 사회체육대학원', '경기 성남시 수정구 성남대로 1342 (복정동)', 212, '461-701'),
	(3690, '가천대학교 산업환경대학원', '경기 성남시 수정구 성남대로 1342 (복정동)', 212, '461-200'),
	(3691, '가천대학교 소프트웨어대학원', '경기 성남시 수정구 성남대로 1342 (복정동)', 212, '461-701'),
	(3692, '가천대학교 스포츠문화대학원', '경기 성남시 수정구 성남대로 1342 (복정동)', 212, '461-701'),
	(3693, '가천대학교 특수치료대학원', '경기 성남시 수정구 성남대로 1342 (복정동)', 212, '461-701'),
	(3694, '가천대학교 행정대학원', '경기 성남시 수정구 성남대로 1342 (복정동)', 212, '461-701'),
	(3695, '가천대학교 환경·디자인대학원', '경기 성남시 수정구 성남대로 1342 (복정동)', 212, '461-701'),
	(3696, '가톨릭대학교 상담심리대학원', '경기도 부천시 원미구 지봉로 43 (역곡동)', 212, '420743'),
	(3697, '가톨릭대학교 한류대학원', '경기도 부천시 원미구 지봉로 43 (역곡동)', 212, '420743'),
	(3698, '가톨릭대학교경영대학원', '경기도 부천시 원미구 지봉로 43 (역곡동)', 212, '420743'),
	(3699, '가톨릭대학교교육대학원', '경기 부천시 원미구 지봉로 43', 212, '420-743'),
	(3700, '가톨릭대학교문화영성대학원', '경기도 부천시 원미구 지봉로 43 (역곡동)', 212, '420743'),
	(3701, '가톨릭대학교사회복지대학원', '경기도 부천시 원미구 지봉로 43 (역곡동)', 212, '420743'),
	(3702, '가톨릭대학교행정대학원', '경기도 부천시 원미구 지봉로 43 (역곡동)', 212, '420743'),
	(3703, '강남대학교 경영대학원', '경기도 용인시 기흥구 강남로 40 (구갈동, 강남대학교)', 212, '446702'),
	(3704, '강남대학교 부동산ㆍ행정대학원', '경기도 용인시 기흥구 강남로 40 (구갈동, 강남대학교)', 212, '446702'),
	(3705, '강남대학교교육대학원', '경기도 용인시 기흥구 강남로 40 (구갈동, 강남대학교)', 212, '446702'),
	(3706, '강남대학교실천신학대학원', '경기도 용인시 기흥구 강남로 40 (구갈동, 강남대학교)', 212, '446702'),
	(3707, '경기대학교 건설·산업대학원', '경기 수원시 영통구 이의동 경기대학교', 212, '443-760'),
	(3708, '경기대학교 교육대학원', '경기 수원시 영통구 이의동 경기대학교', 212, '443-760'),
	(3709, '경기대학교 미술·디자인대학원', '경기 수원시 영통구 광교산로 154-42', 212, '443-760'),
	(3710, '경기대학교 산업정보대학원', '경기 수원시 영통구 이의동 경기대학교', 212, '443-760'),
	(3711, '경기대학교 스포츠과학대학원', '경기 수원시 영통구 이의동 경기대학교', 212, '443-760'),
	(3712, '경기대학교 조형대학원', '경기 수원시 영통구 이의동 경기대학교', 212, '443-760'),
	(3713, '경기대학교 행정대학원', '경기 수원시 영통구 광교산로(이의동) 154-42 경기대학교', 212, '443-760'),
	(3714, '경기대학교 행정사회복지대학원', '경기도 수원시 영통구 광교산로 154-42 (이의동, 경기대학교)', 212, '443760'),
	(3715, '경희대학교 아트퓨전디자인대학원', '경기도 용인시 기흥구 덕영대로 1732 (서천동, 경희대학교국제캠퍼스)', 212, '446701'),
	(3716, '경희대학교 테크노경영대학원', '경기도 용인시 기흥구 덕영대로 1732 (서천동, 경희대학교국제캠퍼스)', 212, '446701'),
	(3717, '경희대학교평화복지대학원', '경기 남양주시 진접읍 광릉수목원로 195', 212, '472-864'),
	(3718, '국제암대학원대학교', '경기도 고양시 일산동구 일산로 323 (마두동, 국립암센터)', 212, '410769'),
	(3719, '단국대학교 TESOL대학원', '경기도 용인시 수지구 죽전로 152 (죽전동, 단국대학교죽전캠퍼스)', 212, '448701'),
	(3720, '단국대학교 경영대학원', '경기도 용인시 수지구 죽전로 152 (죽전동, 단국대학교죽전캠퍼스)', 212, '448701'),
	(3721, '단국대학교 교육대학원', '경기도 용인시 수지구 죽전로 152 (죽전동, 단국대학교죽전캠퍼스)', 212, '448701'),
	(3722, '단국대학교 문화예술대학원', '경기도 용인시 수지구 죽전로 152 (죽전동, 단국대학교죽전캠퍼스)', 212, '448701'),
	(3723, '단국대학교 부동산·건설대학원', '경기도 용인시 수지구 죽전로 152 (죽전동, 단국대학교죽전캠퍼스)', 212, '448701'),
	(3724, '단국대학교 정보미디어대학원', '경기도 용인시 수지구 죽전로 152 (죽전동, 단국대학교죽전캠퍼스)', 212, '448701'),
	(3725, '단국대학교 특수교육대학원', '경기도 용인시 수지구 죽전로 152 (죽전동, 단국대학교죽전캠퍼스)', 212, '448701'),
	(3726, '단국대학교 행정법무대학원', '경기도 용인시 수지구 죽전로 152 (죽전동, 단국대학교죽전캠퍼스)', 212, '448701'),
	(3727, '대진대학교 교육대학원', '경기도 포천시 호국로 1007 (선단동, 대진대학교)', 212, '487711'),
	(3728, '대진대학교 법무행정대학원', '경기도 포천시 호국로 1007 (선단동, 대진대학교)', 212, '487711'),
	(3729, '대진대학교 통일대학원', '경기도 포천시 호국로 1007 (선단동, 대진대학교)', 212, '487711'),
	(3730, '루터대학교 대학원', '경기 용인시 기흥구 상갈동 금화로 82번길 20 루터대학교', 212, '446-700'),
	(3731, '명지대학교 국제대학원', '경기도 용인시 처인구 명지로 116 (남동, 명지대학교용인캠퍼스)', 212, '449728'),
	(3732, '명지대학교 산업대학원', '경기도 용인시 처인구 명지로 116 (남동, 명지대학교용인캠퍼스)', 212, '449728'),
	(3733, '서울신학대학교사회복지대학원', '경기도 부천시 소사구 호현로489번길 52 (소사본동, 서울신학대학교)', 212, '422742'),
	(3734, '서울신학대학교상담대학원', '경기도 부천시 소사구 호현로489번길 52 (소사본동, 서울신학대학교)', 212, '422742'),
	(3735, '서울신학대학교신학대학원', '경기도 부천시 소사구 호현로489번길 52 (소사본동, 서울신학대학교)', 212, '422742'),
	(3736, '서울장신대학교 교회음악대학원', '경기 광주시 경안로145 (경안동 219-1) 서울장신대학교', 212, '464-742'),
	(3737, '서울장신대학교 사회복지대학원', '경기 광주시 경안로 145 (경안동 219-1) 서울장신대학교', 212, '464-742'),
	(3738, '서울장신대학교 사회복지상담대학원', '경기도 광주시 경안로 145 (경안동, 서울장신대학교)', 212, '464742'),
	(3739, '서울장신대학교 선교대학원', '경기 광주시 경안로 145 (경안동 219-1) 서울장신대학교', 212, '464-742'),
	(3740, '서울장신대학교 신학대학원', '경기 광주시 경안로 145 (경안동 219-1) 서울장신대학교', 212, '464-742'),
	(3741, '서울장신대학교 예배찬양사역대학원', '경기 광주시 경안로 145 (경안동 219-1) 서울장신대학교', 212, '464-742'),
	(3742, '서울장신대학교 자연치유선교대학원', '경기 광주시 경안로 145 (경안동 219-1) 서울장신대학교', 212, '464-742'),
	(3743, '서울장신대학교 전인치유선교대학원', '경기 광주시 경안로 145 (경안동 219-1) 서울장신대학교', 212, '464-742'),
	(3744, '성결대학교 문화예술대학원', '경기 안양시 만안구 성결대학로 53', 212, '430-742'),
	(3745, '성결대학교경영행정대학원', '경기도 안양시 만안구 성결대학로 53', 212, '430-742'),
	(3746, '성결대학교교육대학원', '경기도 안양시 만안구 성결대학로 53', 212, '430-742'),
	(3747, '성결대학교사회복지대학원', '경기도 안양시 만안구 성결대학로 53', 212, '430-742'),
	(3748, '성결대학교성결신학대학원', '경기도 안양시 만안구 성결대학로 53', 212, '430-742'),
	(3749, '성균관대학교 과학기술대학원', '경기 수원시 장안구 천천동 성균관대학교', 212, '440-746'),
	(3750, '성균관대학교 임상간호대학원', '경기 수원시 장안구 천천동 성균관대학교', 212, '440-746'),
	(3751, '성균관대학교 임상약학대학원', '경기 수원시 장안구 천천동 성균관대학교', 212, '440-746'),
	(3752, '수원대학교 공학대학원', '경기 화성시 봉담읍 와우안길 17 수원대학교', 212, '445-743'),
	(3753, '수원대학교 미술대학원', '경기 화성군 봉담읍 와우안길 17 수원대학교', 212, '445-743'),
	(3754, '수원대학교 음악대학원', '경기 화성시 봉담읍 와우안길 17 수원대학교', 212, '445-743'),
	(3755, '수원대학교경영대학원', '경기 화성군 봉담읍 와우안길 17 수원대학교', 212, '445-743'),
	(3756, '수원대학교교육대학원', '경기 화성시 봉담읍 와우안길 17 수원대학교', 212, '445-743'),
	(3757, '수원대학교금융공학대학원', '경기 화성군 봉담읍 와우안길 17 수원대학교', 212, '445-743'),
	(3758, '수원대학교사회복지대학원', '경기 화성군 봉담읍 수원대학교', 212, '445-743'),
	(3759, '수원대학교행정대학원', '경기 화성군 봉담읍 와우안길 17 수원대학교', 212, '445-743'),
	(3760, '수원대학교호텔관광대학원', '경기 화성군 봉담읍 와우안길 17 수원대학교', 212, '445-743'),
	(3761, '신한대학교 보건대학원', '경기도 동두천시 벌마들로40번길 30 신한대학교 제2캠퍼스', 212, '483777'),
	(3762, '신한대학교 생활문화대학원', '경기도 동두천시 벌마들로40번길 30 신흥대학교 제2캠퍼스', 212, '483777'),
	(3763, '신한대학교 지식복지대학원', '경기도 동두천시 벌마들로40번길 30 신한대학교 제2캠퍼스', 212, '483777'),
	(3764, '아세아연합신학대학교교육대학원', '경기 양평군 옥천면 경강로 1276 아세아연합신학대학교', 212, '476-751'),
	(3765, '아세아연합신학대학교복지대학원', '경기 양평군 옥천면 경강로 1276 아세아연합신학대학교', 212, '476-751'),
	(3766, '아세아연합신학대학교상담대학원', '경기 양평군 옥천면 경강로 1276 아세아연합신학대학교', 212, '476-751'),
	(3767, '아세아연합신학대학교선교대학원', '경기 양평군 옥천면 경강로 1276 아세아연합신학대학교', 212, '476-751'),
	(3768, '아세아연합신학대학교신학대학원', '경기 양평군 옥천면 경강로 1276 아세아연합신학대학교', 212, '476-751'),
	(3769, '아주대학교 IT융합대학원', '경기도 수원시 영통구 월드컵로 206 (원천동, 아주대학교)', 212, '443749'),
	(3770, '아주대학교 글로벌제약임상대학원', '경기도 수원시 영통구 월드컵로 206 (원천동, 아주대학교)', 212, '443749'),
	(3771, '아주대학교 법무대학원', '경기도 수원시 영통구 월드컵로 206 (원천동, 아주대학교)', 212, '443749'),
	(3772, '아주대학교 보건대학원', '경기도 수원시 영통구 월드컵로 206 (원천동, 아주대학교)', 212, '443749'),
	(3773, '아주대학교 임상치의학대학원', '경기도 수원시 영통구 월드컵로 206 (원천동, 아주대학교)', 212, '443749'),
	(3774, '아주대학교ITS대학원', '경기도 수원시 영통구 월드컵로 206 (원천동, 아주대학교)', 212, '443749'),
	(3775, '아주대학교경영대학원', '경기도 수원시 영통구 월드컵로 206 (원천동, 아주대학교)', 212, '443749'),
	(3776, '아주대학교공공정책대학원', '경기도 수원시 영통구 월드컵로 206 (원천동, 아주대학교)', 212, '443749'),
	(3777, '아주대학교교육대학원', '경기도 수원시 영통구 월드컵로 206 (원천동, 아주대학교)', 212, '443749'),
	(3778, '아주대학교국제대학원', '경기도 수원시 영통구 월드컵로 206 (원천동, 아주대학교)', 212, '443749'),
	(3779, '아주대학교산업대학원', '경기도 수원시 영통구 월드컵로 206 (원천동, 아주대학교)', 212, '443749'),
	(3780, '아주대학교정보통신대학원', '경기도 수원시 영통구 월드컵로 206 (원천동, 아주대학교)', 212, '443749'),
	(3781, '안양대학교경영행정대학원', '경기 안양시 만안구 삼덕로 37번길 22(안양동)', 212, '430-714'),
	(3782, '안양대학교교육대학원', '경기 안양시 만안구 삼덕로 37번길 22(안양동)', 212, '430-714'),
	(3783, '안양대학교신학대학원', '경기 안양시 만안구 삼덕로 37번길 22(안양동)', 212, '430-714'),
	(3784, '용인대학교 문화예술대학원', '경기 용인시 처인구 삼가동 용인대학로 134', 212, '449-714'),
	(3785, '용인대학교 문화재대학원', '경기 용인시 처인구 용인대학로 134', 212, '449-714'),
	(3786, '용인대학교 재활복지대학원', '경기 용인시 처인구 용인대학로 134', 212, '449-714'),
	(3787, '용인대학교 태권도대학원', '경기 용인시 처인구 용인대학로 134', 212, '449-714'),
	(3788, '용인대학교 통일대학원', '경기도 용인시 처인구 용인대학로 134 (삼가동, 용인대학교)', 212, '449714'),
	(3789, '용인대학교경영대학원', '경기 용인시 처인구 용인대학로 134', 212, '449-714'),
	(3790, '용인대학교교육대학원', '경기 용인시 처인구 삼가동 용인대학로 134', 212, '449-714'),
	(3791, '용인대학교예술대학원', '경기 용인시 처인구 삼가동 용인대학로 134', 212, '449-714'),
	(3792, '용인대학교재활보건과학대학원', '경기 용인시 처인구 삼가동 용인대학로 134', 212, '449-714'),
	(3793, '용인대학교체육과학대학원', '경기 용인시 처인구 삼가동 용인대학로 134', 212, '449-714'),
	(3794, '중앙대학교 국악교육대학원', '경기 안성시 대덕면 서동대로 4726', 212, '456-756'),
	(3795, '중앙대학교 산업창업경영대학원', '경기 안성시 대덕면 서동대로 4726', 212, '456-756'),
	(3796, '차의과학대학교 미술치료대학원', '경기도 포천시 해룡로 120', 212, '487010'),
	(3797, '차의과학대학교 보건복지대학원', '경기 포천시 해룡로 120', 212, '487-010'),
	(3798, '차의과학대학교 임상약학대학원', '경기도 포천시 해룡로 120', 212, '487010'),
	(3799, '차의과학대학교 통합의학대학원', '경기 포천시 해룡로 120', 212, '487-010'),
	(3800, '총신대학교신학대학원', '경기 용인시 처인구 양지면 학촌로 110', 212, '449-820'),
	(3801, '칼빈신학대학원', '경기 용인시 기흥구 마북동 142-12', 212, '446-912'),
	(3802, '평택대학교 교육대학원', '경기도 평택시 서동대로 3825 (용이동, 평택대학교)', 212, '450701'),
	(3803, '평택대학교 물류·정보대학원', '경기도 평택시 서동대로 3825 (용이동, 평택대학교)', 212, '450701'),
	(3804, '평택대학교 사회복지대학원', '경기도 평택시 서동대로 3825 (용이동, 평택대학교)', 212, '450701'),
	(3805, '평택대학교 상담대학원', '경기도 평택시 서동대로 3825 (용이동, 평택대학교)', 212, '450701'),
	(3806, '한경대학교 공공정책대학원', '경기 안성시 중앙로 327 (석정동)', 212, '456-749'),
	(3807, '한경대학교 공공정책대학원', '경기 안성시 중앙로 327(석정동)', 212, '456-749'),
	(3808, '한경대학교 국제개발협력대학원', '경기 안성시 중앙로 327 (석정동)', 212, '456-749'),
	(3809, '한경대학교 국제개발협력대학원', '경기 안성시 중앙로 327(석정동)', 212, '456-749'),
	(3810, '한경대학교 산업대학원', '경기 안성시 중앙로 327(석정동)', 212, '456-749'),
	(3811, '한경대학교 전자정부대학원', '경기 안성시 중앙로 327(석정동)', 212, '456-749'),
	(3812, '한경대학교산업대학원', '경기 안성시 중앙로 327  (석정동)', 212, '456-749'),
	(3813, '한경대학교전자정부대학원', '경기 안성시 중앙로 327 (석정동)', 212, '456-749'),
	(3814, '한국산업기술대학교 산업기술경영대학원', '경기 시흥시 산기대학로 237(정왕동)', 212, '429-793'),
	(3815, '한국산업기술대학교 산업기술경영대학원', '경기 시흥시 산기대학로 237 (정왕동)', 212, '429-793'),
	(3816, '한국항공대학교 항공·경영대학원', '경기 고양시 덕양구  항공대학로 76', 212, '412-791'),
	(3817, '한국항공대학교 항공산업경영대학원', '경기 고양시 덕양구  항공대학로 76', 212, '412-791'),
	(3818, '한북대학교 보건대학원', '경기 동두천시 벌마들로 40번길 30', 212, '483-777'),
	(3819, '한북대학교 생활문화대학원', '경기 동두천시 벌마들로 40번길 30', 212, '483-777'),
	(3820, '한북대학교 지식복지대학원', '경기 동두천시 벌마들로 40번길 30', 212, '483-777'),
	(3821, '한세대학교 경영대학원', '경기 군포시 한세로 30', 212, '435-742'),
	(3822, '한세대학교 경찰법무·경영대학원', '경기 군포시 한세로 30', 212, '435-742'),
	(3823, '한세대학교 경찰법무대학원', '경기 군포시 한세로 30', 212, '435-742'),
	(3824, '한세대학교 교육대학원', '경기 군포시 한세로 30', 212, '435-742'),
	(3825, '한세대학교 사회복지대학원', '경기 군포시 한세로 30', 212, '435-742'),
	(3826, '한세대학교 상담대학원', '경기 군포시 한세로 30', 212, '435-742'),
	(3827, '한세대학교 영산신학대학원', '경기 군포시 한세로 30', 212, '435-742'),
	(3828, '한세대학교 치료상담대학원', '경기 군포시 한세로 30', 212, '435-742'),
	(3829, '한세대학교 친환경디자인대학원', '경기 군포시 한세로 30', 212, '435-742'),
	(3830, '한세대학교 피아노페다고지대학원', '경기 군포시 한세로 30', 212, '435-742'),
	(3831, '한신대학교 국제평화인권대학원', '경기도 오산시 한신대길 137 (양산동, 한신대학교)', 212, '447791'),
	(3832, '한신대학교 발전학대학원', '경기도 오산시 한신대길 137 (양산동, 한신대학교)', 212, '447791'),
	(3833, '한신대학교 스포츠재활과학대학원', '경기도 오산시 한신대길 137 (양산동, 한신대학교)', 212, '447791'),
	(3834, '한신대학교 정신분석대학원', '경기도 오산시 한신대길 137 (양산동, 한신대학교)', 212, '447791'),
	(3835, '한신대학교교육대학원', '경기도 오산시 한신대길 137 (양산동, 한신대학교)', 212, '447791'),
	(3836, '한신대학교문예창작대학원', '경기도 오산시 한신대길 137 (양산동, 한신대학교)', 212, '447791'),
	(3837, '한신대학교사회복지실천대학원', '경기도 오산시 한신대길 137 (양산동, 한신대학교)', 212, '447791'),
	(3838, '한양대학교 기업경영대학원', '경기도 안산시 상록구 한양대학로 55 (사동, 한양대학교)', 212, '426791'),
	(3839, '한양대학교 이노베이션대학원', '경기도 안산시 상록구 한양대학로 55 (사동, 한양대학교)', 212, '426791'),
	(3840, '협성대학교 경영대학원', '경기 화성시 봉담읍 상리 협성대학교', 212, '445-745'),
	(3841, '협성대학교 예술대학원', '경기 화성시 봉담읍 상리 14', 212, '445-745'),
	(3842, '협성대학교 행정대학원', '경기 화성시 봉담읍 상리 협성대학교', 212, '445-745'),
	(3843, '협성대학교교육대학원', '경기 화성시 봉담읍 상리 협성대학교', 212, '445-745'),
	(3844, '협성대학교사회복지대학원', '경기 화성시 봉담읍 상리 협성대학교', 212, '445-745'),
	(3845, '협성대학교신학대학원', '경기 화성시 봉담읍 상리 14', 212, '445-745'),
	(3846, '강릉원주대학교경영정책과학대학원', '강원도 강릉시 죽헌길 7 (지변동, 강릉원주대학교)', 212, '210702'),
	(3847, '강릉원주대학교경영정책과학대학원', '강원도 원주시 남원로 150 (흥업면, 강릉원주대학교원주캠퍼스)', 212, '220711'),
	(3848, '강릉원주대학교교육대학원', '강원도 강릉시 죽헌길 7 (지변동, 강릉원주대학교)', 212, '210702'),
	(3849, '강릉원주대학교교육대학원', '강원도 원주시 남원로 150 (흥업면, 강릉원주대학교원주캠퍼스)', 212, '220711'),
	(3850, '강릉원주대학교산업대학원', '강원도 강릉시 죽헌길 7 (지변동, 강릉원주대학교)', 212, '210702'),
	(3851, '강릉원주대학교산업대학원', '강원도 원주시 남원로 150 (흥업면, 강릉원주대학교원주캠퍼스)', 212, '220711'),
	(3852, '강원대학교 경영대학원', '강원 춘천시 강원대학길1(효자동) 강원대학교', 212, '200-701'),
	(3853, '강원대학교 녹색생명산업정책대학원', '강원 춘천시 강원대학교 길1(효자2동)', 212, '200-090'),
	(3854, '강원대학교 산업과학대학원', '강원 삼척시 중앙로 346 (교동 산253)', 212, '245-711'),
	(3855, '강원대학교 정보과학ㆍ행정대학원', '강원 춘천시 강원대학길1(효자동) 강원대학교', 212, '200-090'),
	(3856, '강원대학교교육대학원', '강원 춘천시 강원대학길1(효자동) 강원대학교', 212, '200-701'),
	(3857, '강원대학교산업대학원', '강원 춘천시 강원대학길1(효자동) 강원대학교', 212, '200-701'),
	(3858, '관동대학교 에너지자원융합대학원', '강원 강릉시 범일로 579번길 24(내곡동)', 212, '210-701'),
	(3859, '관동대학교경영행정·사회복지대학원', '강원도 강릉시 범일로 579번길 24(내곡동)', 212, '210-701'),
	(3860, '관동대학교교육대학원', '강원도 강릉시 범일로 579번길 24(내곡동)', 212, '210-701'),
	(3861, '관동대학교국토방재대학원', '강원도 강릉시 범일로 579번길 24(내곡동)', 212, '210-701'),
	(3862, '관동대학교선교신학대학원', '강원도 강릉시 범일로 579번길 24(내곡동)', 212, '210-701'),
	(3863, '상지대학교 경영.행정.산업대학원', '강원도 원주시 상지대길 83번지(우산동)', 212, '220-702'),
	(3864, '상지대학교 사회복지정책대학원', '강원도 원주시 상지대길 83번지(우산동)', 212, '220-702'),
	(3865, '상지대학교 평화안보.상담심리대학원', '강원도 원주시 상지대길 83번지(우산동)', 212, '220-702'),
	(3866, '상지대학교교육대학원', '강원도 원주시 상지대길 83번지(우산동)', 212, '220-702'),
	(3867, '연세대학교보건환경대학원', '강원도 원주시 연세대길 1', 212, '220-710'),
	(3868, '연세대학교정경대학원', '강원도 원주시 연세대길 1', 212, '220-710'),
	(3869, '춘천교육대학교교육대학원', '강원 춘천시 공지로 126 춘천교육대학교', 212, '200-703'),
	(3870, '한라대학교정보산업대학원', '강원 원주시 흥업면 한라대길 28', 212, '220-712'),
	(3871, '한림대학교 간호대학원', '강원 춘천시 한림대학길 1 한림대학교', 212, '200-702'),
	(3872, '한림대학교 보건과학대학원', '강원 춘천시 한림대학길 1 한림대학교', 212, '200-702'),
	(3873, '한림대학교 보건대학원', '강원 춘천시 한림대학길 1 한림대학교', 212, '200-702'),
	(3874, '한림대학교 임상치의학대학원', '강원 춘천시 한림대학길 1 한림대학교', 212, '200-702'),
	(3875, '한림대학교경영대학원', '강원 춘천시 한림대학길 1 한림대학교', 212, '200-702'),
	(3876, '한림대학교국제학대학원', '강원 춘천시 한림대학길 1 한림대학교', 212, '200-702'),
	(3877, '한림대학교사회복지대학원', '강원 춘천시 한림대학길 1 한림대학교', 212, '200-702'),
	(3878, '한중대학교 경영행정대학원', '강원도 동해시 지양길 200 (지흥동, 한중대학교)', 212, '240713'),
	(3879, '한중대학교 교육대학원', '강원도 동해시 지양길 200 (지흥동, 한중대학교)', 212, '240713'),
	(3880, '한중대학교 산업대학원', '강원도 동해시 지양길 200 (지흥동, 한중대학교)', 212, '240713'),
	(3881, '건국대학교 교육대학원', '충북 충주시 충원대로 건국대학교 GLOCAL캠퍼스', 212, '380-701'),
	(3882, '건국대학교사회과학대학원', '충북 충주시 충원대로 268 건국대학교 GLOCAL캠퍼스', 212, '380-701'),
	(3883, '극동대학교 국제개발대학원', '충청북도 음성군 대학길 76-32 (감곡면, 극동대학교)', 212, '369700'),
	(3884, '극동대학교 글로벌대학원', '충청북도 음성군 대학길 76-32 (감곡면, 극동대학교)', 212, '369700'),
	(3885, '극동대학교 보건과학대학원', '충청북도 음성군 대학길 76-32 (감곡면, 극동대학교)', 212, '369700'),
	(3886, '극동대학교교육대학원', '충청북도 음성군 대학길 76-32 (감곡면, 극동대학교)', 212, '369700'),
	(3887, '꽃동네대학교 사회복지대학원', '충북 청원군 현도면 상삼길 133', 212, '363-823'),
	(3888, '서원대학교교육대학원', '충청북도 청주시 흥덕구 무심서로 377-3 (모충동, 서원대학교)', 212, '361742'),
	(3889, '서원대학교산업대학원', '충청북도 청주시 흥덕구 무심서로 377-3 (모충동, 서원대학교)', 212, '361742'),
	(3890, '서원대학교정보통신대학원', '충청북도 청주시 흥덕구 무심서로 377-3 (모충동, 서원대학교)', 212, '361742'),
	(3891, '세명대학교 경영행정복지대학원', '충청북도 제천시 세명로 65 (신월동, 세명대학교)', 212, '390711'),
	(3892, '세명대학교 저널리즘스쿨대학원', '충청북도 제천시 세명로 65 (신월동, 세명대학교)', 212, '390711'),
	(3893, '세명대학교교육대학원', '충청북도 제천시 세명로 65 (신월동, 세명대학교)', 212, '390711'),
	(3894, '영동대학교산업정보대학원', '충청북도 영동군 대학로 310 (영동읍, 영동대학교)', 212, '370701'),
	(3895, '중원대학교 경영행정대학원', '충청북도 괴산군 문무로 85 (괴산읍, 중원대학교)', 212, '367700'),
	(3896, '중원대학교 문화예술대학원', '충청북도 괴산군 문무로 85 (괴산읍, 중원대학교)', 212, '367700'),
	(3897, '중원대학교 사회과학대학원', '충청북도 괴산군 문무로 85 (괴산읍, 중원대학교)', 212, '367700'),
	(3898, '중원대학교 평생학습대학원', '충청북도 괴산군 문무로 85 (괴산읍, 중원대학교)', 212, '367700'),
	(3899, '청주교육대학교교육대학원', '충청북도 청주시 흥덕구 청남로 2065 (수곡동, 청주교육대학교)', 212, '361712'),
	(3900, '청주대학교 사회복지행정대학원', '충북 청주시 상당구 대성로 298(내덕동)', 212, '360-764'),
	(3901, '청주대학교교육대학원', '충북 청주시 상당구 대성로 298(내덕동)', 212, '360-764'),
	(3902, '청주대학교산업경영대학원', '충북 청주시 상당구 대성로 298(내덕동)', 212, '360-764'),
	(3903, '충북대학교 교육대학원', '충북 청주시 흥덕구 내수동로 52(개신동)', 212, '361-763'),
	(3904, '충북대학교 법무대학원', '충북 청주시 흥덕구 내수동로 52(개신동)', 212, '361-763'),
	(3905, '충북대학교 산업대학원', '충북 청주시 흥덕구 내수동로 52(개신동)', 212, '361-763'),
	(3906, '충북대학교 의생명과학경영융합대학원', '충북 청주시 흥덕구 내수동로 52(개신동)', 212, '361-763'),
	(3907, '충북대학교 행정대학원', '충북 청주시 흥덕구 내수동로 52(개신동)', 212, '361-763'),
	(3908, '충북대학교경영대학원', '충북 청주시 흥덕구 내수동로 52(개신동)', 212, '361-763'),
	(3909, '한국교원대학교교육대학원', '충청북도 청원군 태성탑연로 250 (강내면, 한국교원대학교)', 212, '363791'),
	(3910, '한국교통대학교 경영행정대학원', '충북 충주시 대소원면 대학로 50', 212, '380-702'),
	(3911, '한국교통대학교 교육대학원', '충북 충주시 대소원면 대학로 50', 212, '380-702'),
	(3912, '한국교통대학교 산업대학원', '충북 충주시 대소원면 대학로 50', 212, '380-702'),
	(3913, '한국교통대학교 인문대학원', '충북 충주시 대소원면 대학로 50', 212, '380-702'),
	(3914, '한국교통대학교경영행정외국어대학원', '충북 충주시 대소원면 대학로 50', 212, '380-702'),
	(3915, '한국교통대학교산업대학원', '충북 충주시 대학로 50', 212, '380-702'),
	(3916, '건양대학교 경영사회복지대학원', '충청남도 논산시 대학로 121 (내동, 건양대학교)', 212, '320-711'),
	(3917, '건양대학교 군사경찰행정대학원', '충청남도 논산시 대학로 121 (내동, 건양대학교)', 212, '320-711'),
	(3918, '건양대학교 상담대학원', '충청남도 논산시 대학로 121 (내동, 건양대학교)', 212, '320-711'),
	(3919, '건양대학교교육대학원', '충청남도 논산시 대학로 121 (내동, 건양대학교)', 212, '320-711'),
	(3920, '고신대학교신학대학원', '충청남도 천안시 동남구 충절로 535-31 (삼룡동, 고려신학대학원천안캠퍼스)', 212, '330150'),
	(3921, '공주교육대학교교육대학원', '충청남도 공주시 웅진로 27 (봉황동, 공주교육대학교)', 212, '314711'),
	(3922, '공주대학교 문화유산대학원', '충청남도 공주시 공주대학로 56 (신관동, 공주대학교)', 212, '314701'),
	(3923, '공주대학교 안보과학대학원', '충청남도 공주시 공주대학로 56 (신관동, 공주대학교)', 212, '314701'),
	(3924, '공주대학교 테크노전략대학원', '충청남도 천안시 서북구 천안대로 1223-24 (부대동, 공주대학교천안공과대학)', 212, '331717'),
	(3925, '공주대학교경영행정대학원', '충청남도 공주시 공주대학로 56 (신관동, 공주대학교)', 212, '314701'),
	(3926, '공주대학교교육대학원', '충청남도 공주시 공주대학로 56 (신관동, 공주대학교)', 212, '314701'),
	(3927, '공주대학교산업과학대학원', '충청남도 예산군 대학로 54 (예산읍, 공주대학교산업과학대학)', 212, '340702'),
	(3928, '공주대학교영상예술대학원', '충청남도 공주시 공주대학로 56 (신관동, 공주대학교)', 212, '314701'),
	(3929, '공주대학교특수교육대학원', '충청남도 공주시 공주대학로 56 (신관동, 공주대학교)', 212, '314701'),
	(3930, '나사렛대학교 사회복지대학원', '충남 천안시 월봉로48', 212, '330-090'),
	(3931, '나사렛대학교교육대학원', '충남 천안시 월봉로48 나사렛대학교', 212, '330-718'),
	(3932, '나사렛대학교신학대학원', '충남 천안시 월봉로48 나사렛대학교', 212, '330-718'),
	(3933, '나사렛대학교재활복지대학원', '충남 천안시 월봉로48 나사렛대학교', 212, '330-718'),
	(3934, '남서울대학교 특수대학원', '충남 천안시 성환읍 대학로 91 남서울대학교', 212, '330-707'),
	(3935, '남서울대학교 특수대학원', '충남 천안시 성환읍 대학로 91 남서울대학교', 212, '330-707'),
	(3936, '단국대학교 교육대학원', '충청남도 천안시 동남구 단대로 119 (안서동, 단국대학교천안캠퍼스)', 212, '330714'),
	(3937, '단국대학교 교육대학원', '충청남도 천안시 동남구 단대로 119 (안서동, 단국대학교천안캠퍼스)', 212, '330714'),
	(3938, '단국대학교 보건복지대학원', '충청남도 천안시 동남구 단대로 119 (안서동, 단국대학교천안캠퍼스)', 212, '330714'),
	(3939, '단국대학교 보건복지대학원', '충청남도 천안시 동남구 단대로 119 (안서동, 단국대학교천안캠퍼스)', 212, '330714'),
	(3940, '단국대학교 스포츠과학대학원', '충청남도 천안시 동남구 단대로 119 (안서동, 단국대학교천안캠퍼스)', 212, '330714'),
	(3941, '단국대학교 스포츠과학대학원', '충청남도 천안시 동남구 단대로 119 (안서동, 단국대학교천안캠퍼스)', 212, '330714'),
	(3942, '단국대학교 정책경영대학원', '충청남도 천안시 동남구 단대로 119 (안서동, 단국대학교천안캠퍼스)', 212, '330714'),
	(3943, '단국대학교 정책경영대학원', '충청남도 천안시 동남구 단대로 119 (안서동, 단국대학교천안캠퍼스)', 212, '330714'),
	(3944, '선문대학교 경영대학원', '충청남도 아산시 선문로221번길 70 (탕정면, 선문대학교)', 212, '336-708'),
	(3945, '선문대학교 무도대학원', '충청남도 아산시 선문로221번길 70 (탕정면, 선문대학교)', 212, '336708'),
	(3946, '선문대학교 통합의학대학원', '충청남도 아산시 선문로221번길 70 (탕정면, 선문대학교)', 212, '336-708'),
	(3947, '선문대학교 행정대학원', '충청남도 아산시 선문로221번길 70 (탕정면, 선문대학교)', 212, '336-708'),
	(3948, '선문대학교교육대학원', '충청남도 아산시 선문로221번길 70 (탕정면, 선문대학교)', 212, '336-708'),
	(3949, '선문대학교사회복지대학원', '충청남도 아산시 선문로221번길 70 (탕정면, 선문대학교)', 212, '336-708'),
	(3950, '선문대학교상담대학원', '충청남도 아산시 선문로221번길 70 (탕정면, 선문대학교)', 212, '336708'),
	(3951, '선문대학교통번역대학원', '충청남도 아산시 선문로221번길 70 (탕정면, 선문대학교)', 212, '336-708'),
	(3952, '순천향대학교 건강과학대학원', '충남 아산시 신창면 순천향로 22', 212, '336-745'),
	(3953, '순천향대학교 글로벌경영대학원', '충남 아산시 신창면 순천향로 22', 212, '336-745'),
	(3954, '순천향대학교 법과학대학원', '충남 아산시 신창면 순천향로 22', 212, '336-745'),
	(3955, '순천향대학교 행정대학원', '충남 아산시 신창면 순천향로 22', 212, '336-745'),
	(3956, '순천향대학교교육대학원', '충남 아산시 신창면 순천향로 22', 212, '336-745'),
	(3957, '순천향대학교산업정보대학원', '충남 아산시 신창면 순천향로 22', 212, '336-745'),
	(3958, '중부대학교교육대학원', '충청남도 금산군 대학로 201 (추부면)', 212, '312702'),
	(3959, '중부대학교원격대학원', '충청남도 금산군 대학로 201 (추부면)', 212, '312702'),
	(3960, '중부대학교인문산업대학원', '충청남도 금산군 대학로 201 (추부면)', 212, '312702'),
	(3961, '청운대학교 산업기술경영대학원', '충남 홍성군 홍성읍 대학길 25', 212, '350-701'),
	(3962, '한국기술교육대학교 IT융합과학경영산업대학원', '충남 천안시 서북구 부대동 415-1', 212, '330-240'),
	(3963, '한서대학교 국제예술디자인대학원', '충청남도 서산시 한서1로 46 (해미면)', 212, '356706'),
	(3964, '한서대학교 정보산업대학원', '충청남도 서산시 한서1로 46 (해미면)', 212, '356706'),
	(3965, '한서대학교 항공정보산업대학원', '충청남도 서산시 한서1로 46 (해미면)', 212, '356706'),
	(3966, '한서대학교건강증진대학원', '충청남도 서산시 한서1로 46 (해미면)', 212, '356706'),
	(3967, '한서대학교교육대학원', '충청남도 서산시 한서1로 46 (해미면)', 212, '356706'),
	(3968, '한서대학교예술대학원', '충청남도 서산시 한서1로 46 (해미면)', 212, '356706'),
	(3969, '호서대학교 교육대학원', '충청남도 천안시 동남구 각원사길 78 (안서동, 호서대학교천안캠퍼스)', 212, '330713'),
	(3970, '호서대학교 문화복지상담대학원', '충청남도 천안시 동남구 각원사길 78 (안서동, 호서대학교천안캠퍼스)', 212, '330713'),
	(3971, '호서대학교 스포츠과학대학원', '충청남도 아산시 호서로79번길 20 (배방읍, 호서대학교)', 212, '336795'),
	(3972, '호서대학교 행정대학원', '충청남도 천안시 동남구 각원사길 78 (안서동, 호서대학교천안캠퍼스)', 212, '330713'),
	(3973, '호서대학교경영대학원', '충청남도 천안시 동남구 각원사길 78 (안서동, 호서대학교천안캠퍼스)', 212, '330713'),
	(3974, '홍익대학교 세종캠퍼스 산업대학원', '세종특별자치시 조치원읍 세종로 2639 (신안리 300)', 212, '339-701'),
	(3975, '홍익대학교 스마트도시 과학경영대학원', '세종특별자치시 조치원읍 세종로 2639 (신안리 300)', 212, '339-701'),
	(3976, '군산대학교경영행정대학원', '전라북도 군산시 대학로 558(미룡동 군산대학교)', 212, '573-701'),
	(3977, '군산대학교교육대학원', '전라북도 군산시 대학로 558(미룡동 군산대학교)', 212, '573-701'),
	(3978, '군산대학교산업대학원', '전라북도 군산시 대학로 558(미룡동 군산대학교)', 212, '573-701'),
	(3979, '서남대학교 경영·행정대학원', '전라북도 남원시 춘향로 439 (광치동, 서남대학교)', 212, '590711'),
	(3980, '서남대학교 교육대학원', '전라북도 남원시 춘향로 439 (광치동, 서남대학교)', 212, '590711'),
	(3981, '서남대학교사회정책대학원', '전라북도 남원시 춘향로 439 (광치동, 서남대학교)', 212, '590711'),
	(3982, '예원예술대학교 문화ㆍ영상창업대학원', '전라북도 임실군 창인로 117', 212, '566822'),
	(3983, '예원예술대학교 문화예술대학원', '전라북도 임실군 창인로 117', 212, '566822'),
	(3984, '예원예술대학교 사회복지대학원', '전라북도 임실군 창인로 117', 212, '566822'),
	(3985, '우석대학교 경영행정문화대학원', '전라북도 완주군 삼례로 443 (삼례읍, 우석대학교)', 212, '565701'),
	(3986, '우석대학교교육대학원', '전라북도 완주군 삼례로 443 (삼례읍, 우석대학교)', 212, '565701'),
	(3987, '원광대학교 경영대학원', '전라북도 익산시 익산대로 460 (신동, 원광대학교)', 212, '570749'),
	(3988, '원광대학교 교육대학원', '전라북도 익산시 익산대로 460 (신동, 원광대학교)', 212, '570749'),
	(3989, '원광대학교 동서보완의학대학원', '전라북도 익산시 익산대로 460 (신동, 원광대학교)', 212, '570749'),
	(3990, '원광대학교 동양학대학원', '전라북도 익산시 익산대로 460 (신동, 원광대학교)', 212, '570749'),
	(3991, '원광대학교 보건·보완의학대학원', '전라북도 익산시 익산대로 460 (신동, 원광대학교)', 212, '570749'),
	(3992, '원광대학교 보건환경대학원', '전라북도 익산시 익산대로 460 (신동, 원광대학교)', 212, '570749'),
	(3993, '원광대학교 식품산업기술대학원', '전라북도 익산시 익산대로 460 (신동, 원광대학교)', 212, '570749'),
	(3994, '원광대학교 행정대학원', '전라북도 익산시 익산대로 460 (신동, 원광대학교)', 212, '570749'),
	(3995, '원광디지털대학교 웰빙문화대학원', '전북 익산시 익산대로 460(신용동 원광디지털대학교)', 212, '570-749'),
	(3996, '전북대학교 경영대학원', '전라북도 전주시 덕진구 백제대로 567', 212, '561756'),
	(3997, '전북대학교 교육대학원', '전라북도 전주시 덕진구 백제대로 567', 212, '561756'),
	(3998, '전북대학교 법무대학원', '전라북도 전주시 덕진구 백제대로 567', 212, '561756'),
	(3999, '전북대학교 보건대학원', '전라북도 전주시 덕진구 백제대로 567', 212, '561756'),
	(4000, '전북대학교 산업기술대학원', '전라북도 전주시 덕진구 백제대로 567', 212, '561756'),
	(4001, '전북대학교 생명자원과학대학원', '전라북도 전주시 덕진구 백제대로 567', 212, '561756'),
	(4002, '전북대학교 정보과학대학원', '전라북도 전주시 덕진구 백제대로 567', 212, '561756'),
	(4003, '전북대학교 행정대학원', '전라북도 전주시 덕진구 백제대로 567', 212, '561756'),
	(4004, '전북대학교 환경대학원', '전라북도 전주시 덕진구 백제대로 567', 212, '561756'),
	(4005, '전주교육대학교교육대학원', '전북 전주시 완산구 서학로 50  전주교육대학교', 212, '560-757'),
	(4006, '전주대학교 경영대학원', '전북 전주시 완산구 천잠로 303 전주대학교', 212, '560-759'),
	(4007, '전주대학교 대체의학대학원', '전북 전주시 완산구 천잠로 303 전주대학교', 212, '560-759'),
	(4008, '전주대학교 문화산업대학원', '전북 전주시 완산구 천잠로 303 전주대학교', 212, '560-759'),
	(4009, '전주대학교 상담대학원', '전북 전주시 완산구 천잠로 303 전주대학교', 212, '560-759'),
	(4010, '전주대학교교육대학원', '전북 전주시 완산구 천잠로 303 전주대학교', 212, '560-759'),
	(4011, '전주대학교선교신학대학원', '전북 전주시 완산구 천잠로 303 전주대학교', 212, '560-759'),
	(4012, '전주대학교행정대학원', '전북 전주시 완산구 천잠로 303 전주대학교', 212, '560-759'),
	(4013, '한일장신대학교 심리치료대학원', '전라북도 완주군 왜목로 726-15 (상관면, 한일장신대학교)', 212, '565706'),
	(4014, '한일장신대학교NGO정책대학원', '전라북도 완주군 왜목로 726-15 (상관면, 한일장신대학교)', 212, '565706'),
	(4015, '한일장신대학교기독교사회복지대학원', '전라북도 완주군 왜목로 726-15 (상관면, 한일장신대학교)', 212, '565706'),
	(4016, '한일장신대학교신학대학원', '전라북도 완주군 왜목로 726-15 (상관면, 한일장신대학교)', 212, '565706'),
	(4017, '한일장신대학교아태국제신학대학원', '전라북도 완주군 왜목로 726-15 (상관면, 한일장신대학교)', 212, '565706'),
	(4018, '동신대학교교육대학원', '전남 나주시 건재로 185 동신대학교', 212, '520-714'),
	(4019, '동신대학교사회개발대학원', '전남 나주시 건재로 185 동신대학교', 212, '520-714'),
	(4020, '목포대학교 교육대학원', '전남 무안군 청계면 영산로 1666  목포대학교', 212, '534-729'),
	(4021, '목포대학교경영행정대학원', '전남 무안군 삼향읍 남악로 190번지', 212, '530-380'),
	(4022, '목포대학교산업기술대학원', '전남 무안군 청계면 영산로 1666  목포대학교', 212, '534-729'),
	(4023, '목포해양대학교해양산업대학원', '전라남도 목포시 해양대학로 91  목포해양대학교', 212, '530-729'),
	(4024, '세한대학교경영행정대학원', '전남 영암군 삼호읍 녹색로 1113', 212, '526-895'),
	(4025, '세한대학교교육대학원', '전남 영암군 삼호읍 녹색로 1113', 212, '526-890'),
	(4026, '세한대학교보건대학원', '전남 영암군 삼호읍 산호리 녹색로 1113', 212, '526-890'),
	(4027, '세한대학교사회복지대학원', '전남 영암군 삼호읍 녹색로 1113', 212, '526-890'),
	(4028, '세한대학교산업기술대학원', '전남 영암군 삼호읍 녹색로 1113', 212, '526-895'),
	(4029, '순천대학교 사회문화예술대학원', '전라남도 순천시 중앙로 255 (석현동, 순천대학교)', 212, '540950'),
	(4030, '순천대학교경영행정대학원', '전라남도 순천시 중앙로 255 (석현동, 순천대학교)', 212, '540950'),
	(4031, '순천대학교교육대학원', '전라남도 순천시 중앙로 255 (석현동, 순천대학교)', 212, '540950'),
	(4032, '순천대학교산업대학원', '전라남도 순천시 중앙로 255 (석현동, 순천대학교)', 212, '540950'),
	(4033, '전남대학교 산학협력대학원', '전남 여수시 둔덕동 산96-1', 212, '550-250'),
	(4034, '전남대학교 수산해양대학원', '전남 여수시 둔덕동 산96-1', 212, '550-749'),
	(4035, '초당대학교 산업대학원', '전라남도 무안군 무안로 380 (무안읍, 초당대학교)', 212, '534701'),
	(4036, '초당대학교산업대학원', '전라남도 무안군 무안로 380 (무안읍, 초당대학교)', 212, '534701'),
	(4037, '한려대학교 경영행정대학원', '전남 광양시 광양읍 한려대길 94-13', 212, '545-704'),
	(4038, '한려대학교 사회복지대학원', '전남 광양시 광양읍 한려대길 94-13', 212, '545-704'),
	(4039, '한려대학교 산업대학원', '전남 광양시 광양읍 한려대길 94-13', 212, '545-704'),
	(4040, '한려대학교경영행정대학원', '전남 광양시 광양읍 덕례리 199-4 한려대학교', 212, '545-704'),
	(4041, '한려대학교사회복지대학원', '전남 광양시 광양읍 덕례리 199-4 한려대학교', 212, '545-704'),
	(4042, '한려대학교산업대학원', '전남 광양시 광양읍 덕례리 199-4 한려대학교', 212, '545-704'),
	(4043, '가야대학교 교육대학원', '경상북도 고령군 대가야로 1103 (고령읍, 가야대학교)', 212, '717801'),
	(4044, '가야대학교 도시개발대학원', '경북 고령군 고령읍 대가야로 1103', 212, '717-802'),
	(4045, '가야대학교 도시개발대학원', '경상북도 고령군 대가야로 1103 (고령읍, 가야대학교)', 212, '717801'),
	(4046, '가야대학교 보건대학원', '경북 고령군 고령읍 대가야로 1103', 212, '717-801'),
	(4047, '가야대학교 보건대학원', '경상북도 고령군 대가야로 1103 (고령읍, 가야대학교)', 212, '717801'),
	(4048, '가야대학교 행정대학원', '경상북도 고령군 대가야로 1103 (고령읍, 가야대학교)', 212, '717801'),
	(4049, '가야대학교교육대학원', '경북 고령군 고령읍 대가야로 1103', 212, '717-802'),
	(4050, '가야대학교행정대학원', '경북 고령군 고령읍 대가야로 1103', 212, '717-802'),
	(4051, '경북대학교 과학기술대학원', '경북 상주시 경상대로 2559 경북대학교 과학기술대학원', 212, '742-711'),
	(4052, '경운대학교 사회복지대학원', '경북 구미시 산동면 강동로 730', 212, '730-739'),
	(4053, '경운대학교 사회복지대학원', '경북 구미시 산동면 강동로 730', 212, '730-739'),
	(4054, '경운대학교 산업정보대학원', '경북 구미시 산동면 강동로 730', 212, '730-852'),
	(4055, '경운대학교 산업정보대학원', '경북 구미시 산동면 강동로 730', 212, '730-739'),
	(4056, '경일대학교 보건복지대학원', '경북 경산시 하양읍 가마실길 50 경일대학교', 212, '712-701'),
	(4057, '경일대학교 산업경영대학원', '경북 경산시 하양읍 가마실길 50 경일대학교', 212, '712-701'),
	(4058, '경주대학교 문화관광복지대학원', '경상북도 경주시 태종로 188 (효현동, 경주대학교)', 212, '780712'),
	(4059, '경주대학교교육대학원', '경상북도 경주시 태종로 188 (효현동, 경주대학교)', 212, '780712'),
	(4060, '경주대학교문화예술관광대학원', '경상북도 경주시 태종로 188 (효현동, 경주대학교)', 212, '780712'),
	(4061, '경주대학교산업경영대학원', '경상북도 경주시 태종로 188 (효현동, 경주대학교)', 212, '780712'),
	(4062, '금오공과대학교 컨설팅대학원', '경북 구미시 대학로 61 금오공과대학교 컨설팅대학원', 212, '730-701'),
	(4063, '금오공과대학교교육대학원', '경북 구미시 대학로 61 금오공과대학교 교육대학원', 212, '730-701'),
	(4064, '금오공과대학교산업대학원', '경북 구미시 대학로 61 금오공과대학교 산업대학원', 212, '730-701'),
	(4065, '김천대학교 보건·선교대학원', '경북 김천시 대학로 214 김천대학교 본관 2층 대학원 교학과', 212, '740-704'),
	(4066, '김천대학교 상담·신학대학원', '경상북도 김천시 대학로 214 (삼락동)', 212, '740704'),
	(4067, '대구가톨릭대학교 보건과학대학원', '경북 경산시 하양읍 하양로 13-13', 212, '712702'),
	(4068, '대구가톨릭대학교 보건의료과학대학원', '경북 경산시 하양읍 하양로 13-13', 212, '712-702'),
	(4069, '대구가톨릭대학교 상담대학원', '경북 경산시 하양읍 하양로 13-13', 212, '712702'),
	(4070, '대구가톨릭대학교 의료과학대학원', '경북 경산시 하양읍 하양로 13-13', 212, '712702'),
	(4071, '대구가톨릭대학교 창조융합대학원', '경북 경산시 하양읍 하양로 13-13', 212, '712702'),
	(4072, '대구가톨릭대학교경영대학원', '경북 경산시 하양읍 하양로 13-13', 212, '712-702'),
	(4073, '대구가톨릭대학교교육대학원', '경북 경산시 하양읍 하양로 13-13', 212, '712-702'),
	(4074, '대구가톨릭대학교국제·다문화대학원', '경북 경산시 하양읍 하양로 13-13', 212, '712-702'),
	(4075, '대구가톨릭대학교디자인대학원', '경북 경산시 하양읍 하양로 13-13', 212, '712-702'),
	(4076, '대구가톨릭대학교사회복지대학원', '경북 경산시 하양읍 하양로 13-13', 212, '712-702'),
	(4077, '대구가톨릭대학교음악대학원', '경북 경산시 하양읍 하양로 13-13', 212, '712702'),
	(4078, '대구대학교 교육대학원', '경북 경산시 진량읍 대구대로 201 대구대학교경산캠퍼스', 212, '712-714'),
	(4079, '대구대학교 산업·행정대학원', '경상북도 경산시 대구대로 201 대구대학교경산캠퍼스', 212, '712714'),
	(4080, '대구대학교 재활과학대학원', '경상북도 경산시 대구대로 201 대구대학교경산캠퍼스', 212, '712714'),
	(4081, '대구대학교 특수교육대학원', '경북 경산시 진량읍 대구대로 201 대구대학교경산캠퍼스', 212, '712-714'),
	(4082, '대구대학교디자인대학원', '경북 경산시 진량읍 대구대로 대구대학교경산캠퍼스', 212, '712-714'),
	(4083, '대구대학교사회복지대학원', '경북 경산시 진량읍 대구대로 201 대구대학교경산캠퍼스', 212, '712-714'),
	(4084, '대구사이버대학교 휴먼케어대학원', '경북 경산시 진량읍 대구대로 201 대구사이버대학교', 212, '712-714'),
	(4085, '대구한의대학교 교육대학원', '경상북도 경산시 한의대로 1 (유곡동, 대구한의대학교)', 212, '712715'),
	(4086, '대구한의대학교 보건대학원', '경상북도 경산시 한의대로 1 (유곡동, 대구한의대학교)', 212, '712715'),
	(4087, '대구한의대학교 사회개발대학원', '경상북도 경산시 한의대로 1 (유곡동, 대구한의대학교)', 212, '712715'),
	(4088, '대구한의대학교 한방산업대학원', '경상북도 경산시 한의대로 1 (유곡동, 대구한의대학교)', 212, '712715'),
	(4089, '대신대학교 신학대학원', '경북 경산시 경청로 222길 33', 212, '712-713'),
	(4090, '동국대학교 경영대학원', '경북 경주시 동대로 123번지 동국대학교경주캠퍼스', 212, '780-714'),
	(4091, '동국대학교불교문화대학원', '경북 경주시 동대로 123번지 동국대학교 경주캠퍼스', 212, '780-714'),
	(4092, '동국대학교사회과학대학원(경)', '경북 경주시 동대로 123번지 동국대학교경주캠퍼스', 212, '780-714'),
	(4093, '동양대학교교육대학원', '경상북도 영주시 동양대로 145 동양대학교', 212, '750711'),
	(4094, '동양대학교정보대학원', '경상북도 영주시 동양대로 145 동양대학교', 212, '750711'),
	(4095, '안동대학교교육대학원', '경북 안동시 경동로 1375번지 안동대학교', 212, '760-749'),
	(4096, '안동대학교행정경영대학원', '경북 안동시 경동로 1375번지 안동대학교', 212, '760-749'),
	(4097, '영남대학교 공학대학원', '경북 경산시 대학로 280 영남대학교', 212, '712-749'),
	(4098, '영남대학교 교육대학원', '경북 경산시 대학로 280 영남대학교', 212, '712-749'),
	(4099, '영남대학교 문화예술디자인대학원', '경북 경산시 대학로 280 영남대학교', 212, '712-749'),
	(4100, '영남대학교 박정희정책새마을대학원', '경북 경산시 대학로 280 영남대학교', 212, '712-749'),
	(4101, '영남대학교 조형대학원', '경북 경산시 대학로 280 영남대학교', 212, '712-749'),
	(4102, '영남신학대학교 상담대학원', '경상북도 경산시 봉회1길 26 (진량읍)', 212, '712720'),
	(4103, '영남신학대학교 성서신학대학원', '경상북도 경산시 봉회1길 26 (진량읍)', 212, '712720'),
	(4104, '영남신학대학교사회복지대학원', '경상북도 경산시 봉회1길 26 (진량읍)', 212, '712720'),
	(4105, '영남신학대학교신학대학원', '경상북도 경산시 봉회1길 26 (진량읍)', 212, '712720'),
	(4106, '위덕대학교 경영대학원', '경북 경주시 강동면 동해대로 261', 212, '780-713'),
	(4107, '위덕대학교 교육대학원', '경북 경주시 강동면 동해대로 261', 212, '780-713'),
	(4108, '위덕대학교 불교대학원', '경북 경주시 강동면 동해대로 261', 212, '780-713'),
	(4109, '위덕대학교 사회복지대학원', '경북 경주시 강동면 동해대로 261', 212, '780-713'),
	(4110, '포항공과대학교 정보통신대학원', '경상북도 포항시 남구 효자동 산 31번지', 212, '790-784'),
	(4111, '한동대학교 교육대학원', '경북 포항시 북구 흥해읍 한동로 558 한동대학교', 212, '791-708'),
	(4112, '한동대학교 국제개발협력대학원', '경북 포항시 북구 흥해읍 한동로 558 한동대학교', 212, '791-708'),
	(4113, '한동대학교 국제경영대학원', '경북 포항시 북구 흥해읍 한동로558 한동대학교', 212, '791-708'),
	(4114, '한동대학교 통역번역대학원', '경북 포항시 북구 흥해읍 한동로 558 한동대학교', 212, '791-708'),
	(4115, '한동대학교상담대학원', '경북 포항시 북구 흥해읍 한동로 558 한동대학교', 212, '791-708'),
	(4116, '경남과학기술대학교 사회복지대학원', '경남 진주시 동진로 33 경남과학기술대학교', 212, '660-758'),
	(4117, '경남과학기술대학교 산업대학원', '경남 진주시 동진로 33 경남과학기술대학교', 212, '660-758'),
	(4118, '경남과학기술대학교 산업복지대학원', '경상남도 진주시 동진로 33 (칠암동, 경남과학기술대학교)', 212, '660758'),
	(4119, '경남과학기술대학교 창업대학원', '경남 진주시 동진로 33 경남과학기술대학교', 212, '660-758'),
	(4120, '경남대학교경영대학원', '경상남도 창원시 마산합포구 문화남11길 41 (대내동, 경남대학교대학원관)', 212, '631190'),
	(4121, '경남대학교교육대학원', '경상남도 창원시 마산합포구 경남대학로 7 (월영동, 경남대학교)', 212, '631701'),
	(4122, '경남대학교산업대학원', '경상남도 창원시 마산합포구 문화남11길 41 (대내동, 경남대학교대학원관)', 212, '631190'),
	(4123, '경남대학교행정대학원', '경상남도 창원시 마산합포구 문화남11길 41 (대내동, 경남대학교대학원관)', 212, '631190'),
	(4124, '경상대학교 보건대학원', '경상남도 진주시 진주대로816번길 15 (주약동, 경상대학교의학전문대학원)', 212, '660751'),
	(4125, '경상대학교 식의약품대학원', '경남 진주시 진주대로 501', 212, '660-701'),
	(4126, '경상대학교 융합과학기술대학원', '경남 진주시 진주대로 501', 212, '660-701'),
	(4127, '경상대학교 토지주택대학원', '경상남도 진주시 진주대로 501 (가좌동, 경상대학교)', 212, '660701'),
	(4128, '경상대학교 항공우주특성화대학원', '경남 진주시 진주대로 501', 212, '660-701'),
	(4129, '경상대학교경영대학원', '경남 진주시 진주대로 501', 212, '660-701'),
	(4130, '경상대학교교육대학원', '경남 진주시 진주대로 501', 212, '660-701'),
	(4131, '경상대학교행정대학원', '경남 진주시 진주대로 501', 212, '660-701'),
	(4132, '부산장신대학교 상담및심리치료대학원', '경남 김해시 김해대로 1894-68(구산동 764번지)', 212, '621-747'),
	(4133, '부산장신대학교 성경주해대학원', '경남 김해시 김해대로1894-68(구산동 764번지)', 212, '621-747'),
	(4134, '부산장신대학교목회대학원', '경남 김해시 김해대로 1894-68(구산동 764번지)', 212, '621-747'),
	(4135, '부산장신대학교신학대학원', '경남 김해시 김해대로 1894-68(구산동 764번지)', 212, '621-747'),
	(4136, '영산대학교 경영대학원', '경상남도 양산시 주남로 288(주남동)', 212, '626-847'),
	(4137, '영산대학교 공과대학원', '경상남도 양산시 주남로 288(주남동)', 212, '626-790'),
	(4138, '영산대학교 법무대학원', '경상남도 양산시 주남로 288(주남동)', 212, '626-847'),
	(4139, '인제대학교 경영대학원', '경상남도 김해시 인제로 197 (어방동, 인제대학교)', 212, '621749'),
	(4140, '인제대학교 교육대학원', '경상남도 김해시 인제로 197 (어방동, 인제대학교)', 212, '621749'),
	(4141, '인제대학교 사회복지대학원', '경상남도 김해시 인제로 197 (어방동, 인제대학교)', 212, '621749'),
	(4142, '진주교육대학교교육대학원', '경상남도 진주시 진양호로369번길 3 (신안동, 진주교육대학교)', 212, '660756'),
	(4143, '진주산업대학교 벤처창업대학원', '경남 진주시 동진로 33 경남과학기술대학교', 212, '660-758'),
	(4144, '진주산업대학교 산업대학원', '경남 진주시 동진로 33 경남과학기술대학교', 212, '660-758'),
	(4145, '창원대학교 경영대학원', '경남 창원시 의창구 창원대학로 20', 212, '641-773'),
	(4146, '창원대학교 교육대학원', '경남 창원시 의창구 창원대학로 20', 212, '641-773'),
	(4147, '창원대학교 그린에너지대학원', '경남 창원시 의창구 창원대학로 20', 212, '641-773'),
	(4148, '창원대학교 노동대학원', '경남 창원시 의창구 창원대학로 20', 212, '641-773'),
	(4149, '창원대학교 보건대학원', '경남 창원시 의창구 창원대학로 20', 212, '641-773'),
	(4150, '창원대학교 사회복지대학원', '경남 창원시 의창구 창원대학로 20', 212, '641-773'),
	(4151, '창원대학교 산업·정보대학원', '경남 창원시 의창구 창원대학로 20', 212, '641-773'),
	(4152, '창원대학교 산업대학원', '경남 창원시 의창구 창원대학로 20', 212, '641-773'),
	(4153, '창원대학교 행정대학원', '경남 창원시 의창구 창원대학로 20', 212, '641-773'),
	(4154, '한국국제대학교 경영행정관광대학원', '경상남도 진주시 동부로 965 (문산읍, 한국국제대학교)', 212, '660759'),
	(4155, '한국국제대학교 보건복지대학원', '경상남도 진주시 동부로 965 (문산읍, 한국국제대학교)', 212, '660759'),
	(4156, '한국국제대학교 산업대학원', '경상남도 진주시 동부로 965 (문산읍, 한국국제대학교)', 212, '660759'),
	(4157, '제주국제대학교 경영대학원', '제주 제주시 516로 2870(영평동)', 212, '690-714'),
	(4158, '제주국제대학교 경영사회복지대학원', '제주 제주시 516로 2870(영평동)', 212, '690-714'),
	(4159, '제주국제대학교 경찰법무대학원', '제주 제주시 516로 2870', 212, '690-714'),
	(4160, '제주국제대학교 교육대학원', '제주 제주시 516로 2870', 212, '690-714'),
	(4161, '제주국제대학교 사회복지대학원', '제주 제주시 516로 2870', 212, '690-714'),
	(4162, '제주국제대학교 산업대학원', '제주 제주시 516로 2870', 212, '690-714'),
	(4163, '제주대학교 사회교육대학원', '제주특별자치도 제주시 일주동로 61 사회교육대학원', 212, '690-756'),
	(4164, '제주대학교경영대학원', '제주특별자치도 제주시 아라1동 제주대학로102', 212, '690-756'),
	(4165, '제주대학교교육대학원', '제주특별자치고 제주시 아라1동 제주대학로 102', 212, '690-756'),
	(4166, '제주대학교산업대학원', '제주특별자치도 제주시 아라1동 제주대학로102', 212, '690-756'),
	(4167, '제주대학교행정대학원', '제주특별자치도 제주시 아라1동 제주대학로 102', 212, '690-756'),
	(4168, '세계사이버대학', '경기 광주시 오포읍 태재로 90', 213, '464-895'),
	(4169, '영남사이버대학교', '경북 경산시 남천면 협석리 220-1', 214, '712-881'),
	(4170, 'SPC식품과학대학', '서울특별시 동작구 신대방16다길 14 (신대방동)', 215, '156852'),
	(4171, '현대중공업공과대학', '울산광역시 동구 방어진순환도로 1000 (전하동, 현대중공업)', 215, '682792'),
	(4172, '포스코기술대학', '전라남도 광양시 금호로 215 (금호동, 백운아트홀)', 215, '545875'),
	(4173, '포스코기술대학', '경상북도 포항시 남구 지곡로 120 (지곡동, 포스코인재개발원)', 215, '790834'),
	(4174, '대우조선해양공과대학', '경상남도 거제시 거제대로 3370 (아주동, 대우조선해양)', 215, '656714'),
	(4175, '삼성중공업공과대학', '경상남도 거제시 장평3로 80 (장평동, 삼성중공업(주)거제조선소) 기술연수원', 215, '656710'),
	(4176, 'KDB금융대학교', '서울 영등포구 은행로 14', 216, '150-973'),
	(4177, 'LH토지주택대학교', '대전광역시 유성구 엑스포로 539번지길 99', 216, '305-811'),
	(4178, '삼성전자공과대학교', '경기 용인시 기흥구 농서동 산24', 216, '449-901'),
	(4179, '경희사이버대학교', '서울특별시 동대문구 경희대로 26 (회기동, 경희사이버대학교)', 217, '130701'),
	(4180, '고려사이버대학교', '서울특별시 종로구 북촌로 106 (계동, 중앙빌딩)', 217, '110800'),
	(4181, '디지털서울문화예술대학교', '서울시 서대문구 통일로 37길 60 (홍제동 318-18)', 217, '120-090'),
	(4182, '사이버한국외국어대학교', '서울특별시 동대문구 이문로 107 (이문동, 한국외국어대학교) 사이버관', 217, '130791'),
	(4183, '서울디지털대학교', '서울특별시 마포구 독막로 320 (도화동, 마포 태영 데시앙)', 217, '121815'),
	(4184, '서울사이버대학교', '서울 강북구 솔매로49길 60(미아동 193-15) 서울사이버대학교', 217, '142-700'),
	(4185, '세종사이버대학교', '서울특별시 광진구 군자로 121 (군자동, 세종사이버대학)', 217, '143839'),
	(4186, '숭실사이버대학교', '서울 종로구 삼일대로 30길', 217, '110-340'),
	(4187, '열린사이버대학교', '서울 종로구 삼일대로 461 102동 3층', 217, '110-776'),
	(4188, '한양사이버대학교', '서울 성동구 왕십리로 222', 217, '133-791'),
	(4189, '부산디지털대학교', '부산 사상구 주례동', 217, '617-010'),
	(4190, '화신사이버대학교', '부산 연제구 연산9동 411-2번지', 217, '611-089'),
	(4191, '건양사이버대학교', '대전 서구 관저동로 158', 217, '302-243'),
	(4192, '국제사이버대학교', '경기 수원시 팔달구 경수대로 490', 217, '442-832'),
	(4193, '글로벌사이버대학교', '충남 천안시 동남구 목천읍 교천지산길 284-88', 217, '330-841'),
	(4194, '원광디지털대학교', '전북 익산시 익산대로 460(신용동 원광디지털대학교)', 217, '570-749'),
	(4195, '대구사이버대학교', '경북 경산시 진량읍 대구대로 201 대구사이버대학교', 217, '712-714'),
	(4196, '영진사이버대학', '대구광역시 북구 복현로 35', 218, '702721'),
	(4197, '한국복지사이버대학', '경상북도 경산시 남천로 746-10 (남천면)', 218, '712881'),
	(4198, '국제예술대학', '서울특별시 강남구 도산대로30길 47 (논현동, 국제예술대학)', 219, '135995'),
	(4199, '백석예술대학교', '서울 서초구 방배로9길 23 백석예술대학교', 219, '137-848'),
	(4200, '정화예술대학', '서울특별시 중구 퇴계로16길 21 (남산동1가, 정화예술대학 명동캠퍼스)', 219, '100041'),
	(4201, '정화예술대학', '서울특별시 중구 퇴계로8길 73 (회현동1가, 남산빌딩(정화예술대학 남산캠퍼스))', 219, '100873'),
	(4202, '한국폴리텍 I 대학 서울강서캠퍼스', '서울특별시 강서구 우장산로10길 112 (화곡동, 한국폴리텍Ⅰ서울강서대학)', 220, '157010'),
	(4203, '한국폴리텍Ⅰ대학 서울정수캠퍼스', '서울 용산구 보광로 73(보광동 238)', 220, '140-823'),
	(4204, '한국폴리텍Ⅶ대학 부산캠퍼스', '부산광역시 북구 만덕대로155번길 99 (덕천동, 한국폴리텍VII대학부산캠퍼스)', 220, '616741'),
	(4205, '한국폴리텍 섬유패션캠퍼스', '대구광역시 동구 팔공로 222 (봉무동, 1558번지)', 220, '701170'),
	(4206, '한국폴리텍대학 대구캠퍼스', '대구광역시 서구 국채보상로43길 15 (평리동)', 220, '703721'),
	(4207, '한국폴리텍 II 대학 남인천캠퍼스', '인천 남구 주안5동  1389-2', 220, '402-205'),
	(4208, '한국폴리텍대학 인천캠퍼스', '인천 부평구 무네미로 448번길 56', 220, '403-719'),
	(4209, '한국폴리텍V대학 광주캠퍼스', '광주광역시 북구 하서로 85', 220, '500856'),
	(4210, '한국폴리텍IV 대학 대전캠퍼스', '대전 동구 우암로 352-21', 220, '300-702'),
	(4211, '한국폴리텍 VII 대학 울산캠퍼스', '울산광역시 중구 산전길 155 (동동, 한국폴리텍7대학울산캠퍼스)', 220, '681712'),
	(4212, '한국정보통신기능대학', '경기도 광주시 순암로 16-26 (역동, 한국정보통신기능대학)', 220, '464731'),
	(4213, '한국폴리텍 I 대학 성남캠퍼스', '경기 성남시 수정구 수정로 398 한국폴리텍대학성남캠퍼스', 220, '461-711'),
	(4214, '한국폴리텍대학 안성여자캠퍼스', '경기도 안성시 송원길 41-12 (공도읍, 한국폴리텍여자대학)', 220, '456719'),
	(4215, '한국폴리텍 III 대학 강릉캠퍼스', '강원도 강릉시 남산초교길 121 (노암동, 한국폴리텍3대학)', 220, '210932'),
	(4216, '한국폴리텍 III 대학 춘천캠퍼스', '강원 춘천시 동산면 영서로 1290-31', 220, '200-840'),
	(4217, '한국폴리텍 IV 대학 청주캠퍼스', '충청북도 청주시 흥덕구 산단로 54 (송정동, 한국폴리텍Ⅳ대학청주캠퍼스)', 220, '361857'),
	(4218, '한국폴리텍 IV 대학 아산캠퍼스', '충청남도 아산시 행목로 45 (신창면, 한국폴리텍Ⅳ대학아산캠퍼스)', 220, '336781'),
	(4219, '한국폴리텍 IV 대학 홍성캠퍼스', '충청남도 홍성군 홍성읍 충서로 1200', 220, '350703'),
	(4220, '한국폴리텍대학바이오캠퍼스', '충남 논산시 강경읍 동안로 112번길 48', 220, '320-905'),
	(4221, '한국폴리텍 V 대학 김제캠퍼스', '전라북도 김제시 백학제길 154 (백학동, 한국 폴리텍V대학)', 220, '576100'),
	(4222, '한국폴리텍대학 익산캠퍼스', '전라북도 익산시 선화로 579 (어양동, 한국폴리텍V대학)', 220, '570210'),
	(4223, '한국폴리텍V대학 목포캠퍼스', '전남 무안군 청계면 영산로 1854-16번지', 220, '534-703'),
	(4224, '한국폴리텍 Ⅵ 대학 영주캠퍼스', '경상북도 영주시 가흥로 2 (문정동)', 220, '750070'),
	(4225, '한국폴리텍대학 구미캠퍼스', '경북 구미시 수출대로3길 84', 220, '730-030'),
	(4226, '한국폴리텍대학 창원캠퍼스', '경상남도 창원시 성산구 외동반림로 51-88 (중앙동, 한국폴리텍Ⅶ대학)', 220, '642772'),
	(4227, '한국폴리텍대학 항공캠퍼스', '경상남도 사천시 대학길 46 (이금동, 한국폴리텍항공대학)', 220, '664708'),
	(4228, '고등학교', '', 100, NULL);
/*!40000 ALTER TABLE `educational_inst` ENABLE KEYS */;


-- Dumping structure for table azit.edu_inst_type
DROP TABLE IF EXISTS `edu_inst_type`;
CREATE TABLE IF NOT EXISTS `edu_inst_type` (
  `id` int(11) NOT NULL AUTO_INCREMENT,
  `type` varchar(255) DEFAULT NULL,
  `parent_id` int(11) DEFAULT NULL,
  PRIMARY KEY (`id`),
  UNIQUE KEY `id` (`id`)
) ENGINE=InnoDB AUTO_INCREMENT=2001 DEFAULT CHARSET=utf8;

-- Dumping data for table azit.edu_inst_type: ~31 rows (approximately)
DELETE FROM `edu_inst_type`;
/*!40000 ALTER TABLE `edu_inst_type` DISABLE KEYS */;
INSERT INTO `edu_inst_type` (`id`, `type`, `parent_id`) VALUES
	(1, 'SCHOOL', NULL),
	(2, 'PRIVATE_EDUCATIONAL_INSTITUTE', NULL),
	(100, '고등학교', 1000),
	(101, '특성화고(직업)', 100),
	(102, '일반고', 100),
	(103, '자율고', 100),
	(104, '특수목적고', 100),
	(105, '특성화고(대안)', 100),
	(200, '대학교', 1000),
	(201, '전문대학(3년제)', 200),
	(202, '전문대학(2년제)', 200),
	(203, '교육대학', 200),
	(204, '대학교', 200),
	(205, '방송통신대학', 200),
	(206, '산업대학', 200),
	(207, '기술대학', 200),
	(208, '각종대학(전문)', 200),
	(209, '각종대학(대학)', 200),
	(210, '일반대학원', 200),
	(211, '전문대학원', 200),
	(212, '특수대학원', 200),
	(213, '원격대학(전문)', 200),
	(214, '원격대학(대학)', 200),
	(215, '사내대학(전문)', 200),
	(216, '사내대학(대학)', 200),
	(217, '사이버대학(대학)', 200),
	(218, '사이버대학(전문)', 200),
	(219, '전공대학', 200),
	(220, '기능대학', 200),
	(1000, '학교', 1000),
	(2000, '학원', 2000);
/*!40000 ALTER TABLE `edu_inst_type` ENABLE KEYS */;


-- Dumping structure for table azit.exam
DROP TABLE IF EXISTS `exam`;
CREATE TABLE IF NOT EXISTS `exam` (
  `id` int(11) NOT NULL AUTO_INCREMENT,
  `title` varchar(255) DEFAULT NULL,
  `date` date DEFAULT NULL,
  `total_score` int(11) DEFAULT NULL,
  `examinee_count` int(11) DEFAULT NULL,
  `detail_point` blob,
  `edu_inst_id` int(11) NOT NULL,
  `subject_id` int(11) NOT NULL,
  `is_active` tinyint(1) DEFAULT NULL,
  `detail_type` blob,
  PRIMARY KEY (`id`),
  UNIQUE KEY `id` (`id`),
  KEY `subject_id` (`subject_id`),
  KEY `Exam_ibfk_1` (`edu_inst_id`),
  CONSTRAINT `Exam_ibfk_1` FOREIGN KEY (`edu_inst_id`) REFERENCES `educational_inst` (`id`) ON DELETE NO ACTION ON UPDATE NO ACTION,
  CONSTRAINT `Exam_ibfk_2` FOREIGN KEY (`subject_id`) REFERENCES `subjects` (`id`) ON DELETE NO ACTION ON UPDATE NO ACTION
) ENGINE=InnoDB DEFAULT CHARSET=utf8;

-- Dumping data for table azit.exam: ~0 rows (approximately)
DELETE FROM `exam`;
/*!40000 ALTER TABLE `exam` DISABLE KEYS */;
/*!40000 ALTER TABLE `exam` ENABLE KEYS */;


-- Dumping structure for table azit.exam_records
DROP TABLE IF EXISTS `exam_records`;
CREATE TABLE IF NOT EXISTS `exam_records` (
  `exam_id` int(11) NOT NULL,
  `student_id` int(11) NOT NULL,
  `score` int(11) DEFAULT NULL,
  `detail_point` blob,
  `type_id` int(11) NOT NULL,
  UNIQUE KEY `exam_id` (`exam_id`,`student_id`),
  KEY `type_id` (`type_id`),
  KEY `student_id` (`student_id`),
  CONSTRAINT `Exam_records_ibfk_1` FOREIGN KEY (`exam_id`) REFERENCES `exam` (`id`) ON DELETE NO ACTION ON UPDATE NO ACTION,
  CONSTRAINT `Exam_records_ibfk_2` FOREIGN KEY (`type_id`) REFERENCES `exam_record_type` (`id`) ON DELETE NO ACTION ON UPDATE NO ACTION,
  CONSTRAINT `Exam_records_ibfk_3` FOREIGN KEY (`student_id`) REFERENCES `students` (`id`) ON DELETE NO ACTION ON UPDATE NO ACTION
) ENGINE=InnoDB DEFAULT CHARSET=utf8;

-- Dumping data for table azit.exam_records: ~0 rows (approximately)
DELETE FROM `exam_records`;
/*!40000 ALTER TABLE `exam_records` DISABLE KEYS */;
/*!40000 ALTER TABLE `exam_records` ENABLE KEYS */;


-- Dumping structure for table azit.exam_record_type
DROP TABLE IF EXISTS `exam_record_type`;
CREATE TABLE IF NOT EXISTS `exam_record_type` (
  `id` int(11) NOT NULL AUTO_INCREMENT,
  `type` varchar(255) DEFAULT NULL,
  PRIMARY KEY (`id`),
  UNIQUE KEY `id` (`id`)
) ENGINE=InnoDB AUTO_INCREMENT=5 DEFAULT CHARSET=utf8;

-- Dumping data for table azit.exam_record_type: ~4 rows (approximately)
DELETE FROM `exam_record_type`;
/*!40000 ALTER TABLE `exam_record_type` DISABLE KEYS */;
INSERT INTO `exam_record_type` (`id`, `type`) VALUES
	(1, 'GRADE'),
	(2, 'SCORE'),
	(3, 'STANDARD_SCORE'),
	(4, 'PERCENTILE');
/*!40000 ALTER TABLE `exam_record_type` ENABLE KEYS */;


-- Dumping structure for table azit.lectures
DROP TABLE IF EXISTS `lectures`;
CREATE TABLE IF NOT EXISTS `lectures` (
  `id` int(11) NOT NULL AUTO_INCREMENT,
  `created_at` date DEFAULT NULL,
  `goal` varchar(255) DEFAULT NULL,
  `contents` varchar(255) DEFAULT NULL,
  `is_repeated` tinyint(1) DEFAULT NULL,
  `student_id` int(11) NOT NULL,
  `lecture_id` int(11) NOT NULL,
  `is_deleted` tinyint(1) DEFAULT NULL,
  PRIMARY KEY (`id`),
  UNIQUE KEY `id` (`id`),
  KEY `lecture_id` (`lecture_id`),
  KEY `student_id` (`student_id`),
  CONSTRAINT `Lectures_ibfk_1` FOREIGN KEY (`lecture_id`) REFERENCES `lecture_list` (`id`) ON DELETE NO ACTION ON UPDATE NO ACTION,
  CONSTRAINT `Lectures_ibfk_2` FOREIGN KEY (`student_id`) REFERENCES `students` (`id`) ON DELETE NO ACTION ON UPDATE NO ACTION
) ENGINE=InnoDB DEFAULT CHARSET=utf8;

-- Dumping data for table azit.lectures: ~0 rows (approximately)
DELETE FROM `lectures`;
/*!40000 ALTER TABLE `lectures` DISABLE KEYS */;
/*!40000 ALTER TABLE `lectures` ENABLE KEYS */;


-- Dumping structure for table azit.lecture_list
DROP TABLE IF EXISTS `lecture_list`;
CREATE TABLE IF NOT EXISTS `lecture_list` (
  `id` int(11) NOT NULL AUTO_INCREMENT,
  `title` varchar(255) DEFAULT NULL,
  `contents` blob,
  `class_time` date DEFAULT NULL,
  `teacher_id` int(11) NOT NULL,
  `textbook_id` int(11) NOT NULL,
  PRIMARY KEY (`id`),
  UNIQUE KEY `id` (`id`),
  KEY `teacher_id` (`teacher_id`),
  KEY `textbook_id` (`textbook_id`),
  CONSTRAINT `Lecture_list_ibfk_1` FOREIGN KEY (`teacher_id`) REFERENCES `teachers` (`id`) ON DELETE NO ACTION ON UPDATE NO ACTION,
  CONSTRAINT `Lecture_list_ibfk_2` FOREIGN KEY (`textbook_id`) REFERENCES `textbooks` (`id`) ON DELETE NO ACTION ON UPDATE NO ACTION
) ENGINE=InnoDB DEFAULT CHARSET=utf8;

-- Dumping data for table azit.lecture_list: ~0 rows (approximately)
DELETE FROM `lecture_list`;
/*!40000 ALTER TABLE `lecture_list` DISABLE KEYS */;
/*!40000 ALTER TABLE `lecture_list` ENABLE KEYS */;


-- Dumping structure for table azit.lecture_records
DROP TABLE IF EXISTS `lecture_records`;
CREATE TABLE IF NOT EXISTS `lecture_records` (
  `id` int(11) NOT NULL AUTO_INCREMENT,
  `created_at` date DEFAULT NULL,
  `start_time` time DEFAULT NULL,
  `end_time` time DEFAULT NULL,
  `duration` time DEFAULT NULL,
  `lecture_id` int(11) NOT NULL,
  PRIMARY KEY (`id`),
  UNIQUE KEY `id` (`id`),
  UNIQUE KEY `lecture_id` (`lecture_id`),
  CONSTRAINT `Lecture_records_ibfk_1` FOREIGN KEY (`lecture_id`) REFERENCES `lectures` (`id`) ON DELETE NO ACTION ON UPDATE NO ACTION
) ENGINE=InnoDB DEFAULT CHARSET=utf8;

-- Dumping data for table azit.lecture_records: ~0 rows (approximately)
DELETE FROM `lecture_records`;
/*!40000 ALTER TABLE `lecture_records` DISABLE KEYS */;
/*!40000 ALTER TABLE `lecture_records` ENABLE KEYS */;


-- Dumping structure for table azit.mentors
DROP TABLE IF EXISTS `mentors`;
CREATE TABLE IF NOT EXISTS `mentors` (
  `id` int(11) NOT NULL,
  `major` varchar(255) DEFAULT NULL,
  `high_school` varchar(255) DEFAULT NULL,
  `university` varchar(255) DEFAULT NULL,
  `goal` varchar(255) DEFAULT NULL,
  `introduce` varchar(255) DEFAULT NULL,
  `study_method` varchar(255) DEFAULT NULL,
  `guidance_plan` varchar(255) DEFAULT NULL,
  `num_of_answer` int(11) DEFAULT NULL,
  `point` int(11) DEFAULT NULL,
  `grade` float DEFAULT NULL,
  `is_authenticated` tinyint(1) DEFAULT NULL,
  `nickname` varchar(255) DEFAULT NULL,
  `year` int(11) DEFAULT NULL,
  PRIMARY KEY (`id`),
  UNIQUE KEY `id` (`id`),
  CONSTRAINT `Mentors_ibfk_1` FOREIGN KEY (`id`) REFERENCES `users` (`id`) ON DELETE NO ACTION ON UPDATE NO ACTION
) ENGINE=InnoDB DEFAULT CHARSET=utf8;

-- Dumping data for table azit.mentors: ~12 rows (approximately)
DELETE FROM `mentors`;
/*!40000 ALTER TABLE `mentors` DISABLE KEYS */;
INSERT INTO `mentors` (`id`, `major`, `high_school`, `university`, `goal`, `introduce`, `study_method`, `guidance_plan`, `num_of_answer`, `point`, `grade`, `is_authenticated`, `nickname`, `year`) VALUES
	(3, '학과', NULL, '한국대', NULL, '오늘의 할일은 내일로 미루지말자', NULL, NULL, 0, 0, 0, 1, 'nickname', 1),
	(22, NULL, NULL, NULL, NULL, NULL, NULL, NULL, 0, 0, 0, 0, 'test', 1),
	(25, NULL, NULL, NULL, NULL, NULL, NULL, NULL, 0, 0, 0, 0, 'azit관리자', 5),
	(26, NULL, NULL, NULL, NULL, NULL, NULL, NULL, 0, 0, 0, 1, 'ckj', 1),
	(29, NULL, NULL, NULL, NULL, NULL, NULL, NULL, 0, 0, 0, 0, 'azitazit', 5),
	(30, NULL, NULL, NULL, NULL, NULL, NULL, NULL, 0, 0, 0, 0, 'jrjeniffer', 4),
	(31, NULL, NULL, NULL, NULL, NULL, NULL, NULL, 0, 0, 0, 0, '제니퍼', 3),
	(32, NULL, NULL, NULL, NULL, NULL, NULL, NULL, 0, 0, 0, 1, 'zennif', 4),
	(41, NULL, NULL, NULL, NULL, NULL, NULL, NULL, 0, 0, 0, 0, '테스트멤토', 4),
	(49, '태스트과', NULL, '테스트대학', NULL, 'ㅇㅇㅇㅇ', NULL, NULL, 0, 0, 0, 1, '테스트멘토', 1),
	(56, '항공운항과', NULL, '고려대학교', NULL, '나는 고려대학생이다:)', NULL, NULL, 0, 0, 0, 1, '박태용', 3),
	(60, NULL, NULL, '서울대학교', NULL, NULL, NULL, NULL, 0, 0, 0, 0, 'ㄱ ㄱ', 5);
/*!40000 ALTER TABLE `mentors` ENABLE KEYS */;


-- Dumping structure for table azit.mentor_subjects
DROP TABLE IF EXISTS `mentor_subjects`;
CREATE TABLE IF NOT EXISTS `mentor_subjects` (
  `mentor_id` int(11) NOT NULL,
  `subject_id` int(11) NOT NULL,
  UNIQUE KEY `mentor_id` (`mentor_id`,`subject_id`),
  KEY `subject_id` (`subject_id`),
  CONSTRAINT `Mentor_subjects_ibfk_1` FOREIGN KEY (`mentor_id`) REFERENCES `mentors` (`id`) ON DELETE NO ACTION ON UPDATE NO ACTION,
  CONSTRAINT `Mentor_subjects_ibfk_2` FOREIGN KEY (`subject_id`) REFERENCES `subjects` (`id`) ON DELETE NO ACTION ON UPDATE NO ACTION
) ENGINE=InnoDB DEFAULT CHARSET=utf8;

-- Dumping data for table azit.mentor_subjects: ~10 rows (approximately)
DELETE FROM `mentor_subjects`;
/*!40000 ALTER TABLE `mentor_subjects` DISABLE KEYS */;
INSERT INTO `mentor_subjects` (`mentor_id`, `subject_id`) VALUES
	(3, 100),
	(56, 100),
	(3, 200),
	(49, 200),
	(56, 200),
	(56, 300),
	(56, 400),
	(56, 500),
	(3, 600),
	(56, 600);
/*!40000 ALTER TABLE `mentor_subjects` ENABLE KEYS */;


-- Dumping structure for table azit.messages
DROP TABLE IF EXISTS `messages`;
CREATE TABLE IF NOT EXISTS `messages` (
  `id` int(11) NOT NULL AUTO_INCREMENT,
  `message` text,
  `created_at` datetime DEFAULT NULL,
  `sender_id` int(11) NOT NULL,
  `receiver_id` int(11) NOT NULL,
  `is_new` tinyint(1) DEFAULT NULL,
  PRIMARY KEY (`id`),
  UNIQUE KEY `id` (`id`),
  KEY `sender_id` (`sender_id`),
  KEY `receiver_id` (`receiver_id`),
  CONSTRAINT `Messages_ibfk_1` FOREIGN KEY (`sender_id`) REFERENCES `users` (`id`) ON DELETE NO ACTION ON UPDATE NO ACTION,
  CONSTRAINT `Messages_ibfk_2` FOREIGN KEY (`receiver_id`) REFERENCES `users` (`id`) ON DELETE NO ACTION ON UPDATE NO ACTION
) ENGINE=InnoDB AUTO_INCREMENT=10 DEFAULT CHARSET=utf8;

-- Dumping data for table azit.messages: ~5 rows (approximately)
DELETE FROM `messages`;
/*!40000 ALTER TABLE `messages` DISABLE KEYS */;
INSERT INTO `messages` (`id`, `message`, `created_at`, `sender_id`, `receiver_id`, `is_new`) VALUES
	(1, '메세지 테스트1', '2015-11-03 21:54:24', 2, 1, 1),
	(2, '메세지 테스트2', '2015-11-03 21:54:24', 2, 1, 1),
	(3, '메세지 테스트3', '2015-11-03 21:54:24', 2, 1, 1),
	(4, '메세지 테스트4', '2015-11-03 21:54:24', 2, 1, 1),
	(9, '메시지 테스트', '2015-11-06 04:47:11', 2, 1, 1);
/*!40000 ALTER TABLE `messages` ENABLE KEYS */;


-- Dumping structure for table azit.m_s_matching
DROP TABLE IF EXISTS `m_s_matching`;
CREATE TABLE IF NOT EXISTS `m_s_matching` (
  `student_id` int(11) NOT NULL,
  `mentor_id` int(11) NOT NULL,
  UNIQUE KEY `student_id` (`student_id`,`mentor_id`),
  KEY `mentor_id` (`mentor_id`),
  CONSTRAINT `M_S_Matching_ibfk_1` FOREIGN KEY (`mentor_id`) REFERENCES `mentors` (`id`) ON DELETE NO ACTION ON UPDATE NO ACTION,
  CONSTRAINT `M_S_Matching_ibfk_2` FOREIGN KEY (`student_id`) REFERENCES `students` (`id`) ON DELETE NO ACTION ON UPDATE NO ACTION
) ENGINE=InnoDB DEFAULT CHARSET=utf8;

-- Dumping data for table azit.m_s_matching: ~0 rows (approximately)
DELETE FROM `m_s_matching`;
/*!40000 ALTER TABLE `m_s_matching` DISABLE KEYS */;
/*!40000 ALTER TABLE `m_s_matching` ENABLE KEYS */;


-- Dumping structure for table azit.optional_subjects
DROP TABLE IF EXISTS `optional_subjects`;
CREATE TABLE IF NOT EXISTS `optional_subjects` (
  `student_id` int(11) NOT NULL,
  `subject_id` int(11) NOT NULL,
  UNIQUE KEY `student_id` (`student_id`,`subject_id`),
  KEY `subject_id` (`subject_id`),
  CONSTRAINT `Optional_subjects_ibfk_1` FOREIGN KEY (`student_id`) REFERENCES `students` (`id`) ON DELETE NO ACTION ON UPDATE NO ACTION,
  CONSTRAINT `Optional_subjects_ibfk_2` FOREIGN KEY (`subject_id`) REFERENCES `subjects` (`id`) ON DELETE NO ACTION ON UPDATE NO ACTION
) ENGINE=InnoDB DEFAULT CHARSET=utf8;

-- Dumping data for table azit.optional_subjects: ~56 rows (approximately)
DELETE FROM `optional_subjects`;
/*!40000 ALTER TABLE `optional_subjects` DISABLE KEYS */;
INSERT INTO `optional_subjects` (`student_id`, `subject_id`) VALUES
	(17, 400),
	(18, 400),
	(27, 400),
	(40, 400),
	(44, 400),
	(52, 400),
	(57, 400),
	(63, 400),
	(39, 402),
	(43, 402),
	(50, 402),
	(63, 402),
	(17, 403),
	(18, 403),
	(28, 403),
	(34, 403),
	(37, 403),
	(38, 403),
	(45, 403),
	(54, 403),
	(57, 403),
	(59, 403),
	(63, 403),
	(27, 404),
	(35, 404),
	(36, 404),
	(51, 404),
	(52, 404),
	(57, 404),
	(63, 404),
	(18, 405),
	(28, 405),
	(52, 405),
	(63, 405),
	(27, 406),
	(63, 406),
	(27, 407),
	(52, 407),
	(63, 407),
	(65, 407),
	(17, 408),
	(18, 408),
	(28, 408),
	(53, 408),
	(63, 408),
	(34, 409),
	(36, 409),
	(53, 409),
	(62, 409),
	(63, 409),
	(18, 410),
	(28, 410),
	(57, 410),
	(63, 410),
	(55, 501),
	(55, 502);
/*!40000 ALTER TABLE `optional_subjects` ENABLE KEYS */;


-- Dumping structure for table azit.postings
DROP TABLE IF EXISTS `postings`;
CREATE TABLE IF NOT EXISTS `postings` (
  `id` int(11) NOT NULL AUTO_INCREMENT,
  `title` varchar(255) DEFAULT NULL,
  `article` text,
  `created_at` datetime DEFAULT NULL,
  `is_answered` tinyint(1) DEFAULT NULL,
  `parent_id` int(11) DEFAULT NULL,
  `num_of_reply` int(11) DEFAULT NULL,
  `user_id` int(11) NOT NULL,
  `type_id` int(11) NOT NULL,
  `textbook_id` int(11) DEFAULT NULL,
  `textbook_page` int(11) DEFAULT NULL,
  `question_number` int(11) DEFAULT NULL,
  `is_chosen` tinyint(1) DEFAULT NULL,
  `score` int(11) DEFAULT NULL,
  `subject_id` int(11) DEFAULT NULL,
  `has_new_answer` tinyint(1) DEFAULT NULL,
  PRIMARY KEY (`id`),
  UNIQUE KEY `id` (`id`),
  KEY `type_id` (`type_id`),
  KEY `textbook_id` (`textbook_id`),
  KEY `user_id` (`user_id`),
  CONSTRAINT `Postings_ibfk_1` FOREIGN KEY (`type_id`) REFERENCES `posting_type` (`id`) ON DELETE NO ACTION ON UPDATE NO ACTION,
  CONSTRAINT `Postings_ibfk_2` FOREIGN KEY (`textbook_id`) REFERENCES `textbooks` (`id`) ON DELETE NO ACTION ON UPDATE NO ACTION,
  CONSTRAINT `Postings_ibfk_3` FOREIGN KEY (`user_id`) REFERENCES `users` (`id`) ON DELETE NO ACTION ON UPDATE NO ACTION
) ENGINE=InnoDB AUTO_INCREMENT=58 DEFAULT CHARSET=utf8;

-- Dumping data for table azit.postings: ~57 rows (approximately)
DELETE FROM `postings`;
/*!40000 ALTER TABLE `postings` DISABLE KEYS */;
INSERT INTO `postings` (`id`, `title`, `article`, `created_at`, `is_answered`, `parent_id`, `num_of_reply`, `user_id`, `type_id`, `textbook_id`, `textbook_page`, `question_number`, `is_chosen`, `score`, `subject_id`, `has_new_answer`) VALUES
	(1, '멘토링 테스트', '멘토링 테스트', '2015-10-27 00:00:00', 1, 1, 11, 1, 10, NULL, NULL, NULL, NULL, NULL, NULL, 0),
	(2, NULL, '멘토링 답변 테스트1', '2015-10-27 00:00:00', 0, 1, 0, 3, 10, NULL, NULL, NULL, 0, NULL, NULL, NULL),
	(3, '클리닉 테스트', '클리닉 테스트', '2015-10-27 00:00:00', 1, 3, 6, 1, 20, 1, 10, 10, 1, NULL, 1, 0),
	(4, '클리닉 테스트', '클리닉 테스트', '2015-10-27 00:00:00', 0, 4, 0, 1, 20, 1, 10, 10, NULL, NULL, 2, 0),
	(5, NULL, '멘토링 답변 테스트2', '2015-10-27 00:00:00', 0, 1, 0, 3, 10, NULL, NULL, NULL, 0, NULL, NULL, NULL),
	(6, NULL, '멘토링 답변 테스트', '2015-10-27 00:00:00', 0, 1, 0, 3, 10, NULL, NULL, NULL, 0, NULL, NULL, NULL),
	(7, '클리닉 테스트', '클리닉 테스트', '2015-10-27 00:00:00', 0, 7, 0, 1, 20, 1, 10, 10, NULL, NULL, 3, 0),
	(8, NULL, '클리닉 답변 테스트23', '2015-10-28 00:00:00', 0, 3, 0, 3, 20, NULL, NULL, NULL, 1, 3, NULL, NULL),
	(9, NULL, '클리닉 답변 테스트', '2015-10-28 00:00:00', 0, 3, 0, 3, 20, NULL, NULL, NULL, 0, 1, NULL, NULL),
	(10, NULL, '클리닉 답변 테스트', '2015-10-30 00:00:00', 0, 1, 0, 3, 10, NULL, NULL, NULL, 0, NULL, NULL, NULL),
	(11, NULL, '멘토링 답변 테스트4', '2015-10-30 00:00:00', 0, 1, 0, 3, 10, NULL, NULL, NULL, 0, NULL, NULL, NULL),
	(12, NULL, '클리닉 답변 테스트', '2015-10-30 00:00:00', 0, 3, 0, 3, 20, NULL, NULL, NULL, 0, 0, NULL, NULL),
	(13, '멘토링 테스트 2', '멘토링 테스트 2', '2015-11-01 00:00:00', 0, 13, 0, 5, 10, NULL, NULL, NULL, NULL, NULL, NULL, 0),
	(14, '테스트', '테스트트트', '2015-11-06 00:00:00', 1, 14, 0, 50, 10, NULL, NULL, NULL, 0, NULL, NULL, 0),
	(15, '테그트트틑', '테스트으응', '2015-11-06 00:00:00', 0, 15, 1, 50, 10, NULL, NULL, NULL, 0, NULL, NULL, 0),
	(16, 'ㄴㄴ', 'ㄴㄴㅌㅌ', '2015-11-06 00:00:00', 0, 16, 0, 50, 20, 1, 123, 124, 0, NULL, 2, 0),
	(17, '테스트', '테테테', '2015-11-06 00:00:00', 0, 17, 0, 1, 20, 1, 123, 456, 0, NULL, 1, 0),
	(18, '테스트111', 'ㅃㅂ', '2015-11-06 00:00:00', 0, 18, 0, 50, 10, NULL, NULL, NULL, 0, NULL, NULL, 0),
	(19, NULL, '답글', '2015-11-06 00:00:00', 0, 14, 0, 3, 10, NULL, NULL, NULL, 0, NULL, NULL, NULL),
	(20, NULL, '답글', '2015-11-06 00:00:00', 0, 14, 0, 3, 10, NULL, NULL, NULL, 0, NULL, NULL, NULL),
	(21, '탐구케스크', '테스트', '2015-11-06 00:00:00', 0, 21, 1, 1, 10, NULL, NULL, NULL, 0, NULL, NULL, 0),
	(22, 'ㄴ', 'ㄱ', '2015-11-06 00:00:00', 0, 22, 0, 1, 20, 1, 1, 1, 0, NULL, 4, 0),
	(23, '테스트 체크', '체크하기', '2015-11-06 00:00:00', 0, 23, 0, 50, 10, NULL, NULL, NULL, 0, NULL, NULL, 0),
	(24, '질문하기', '답변 달리는지 테스트', '2015-11-06 00:00:00', 0, 24, 0, 50, 10, NULL, NULL, NULL, 0, NULL, NULL, 0),
	(25, '풀어주세오 답변 테스트', '답변 테스트', '2015-11-06 00:00:00', 0, 25, 0, 50, 20, 1, 12, 77, 0, NULL, 4, 0),
	(26, '질문하기 테스트', '질문하기 테스트', '2015-11-06 00:00:00', 1, 26, 0, 50, 10, NULL, NULL, NULL, 0, NULL, NULL, 0),
	(27, '사탐 질문이요', '궁금합니다', '2015-11-06 00:00:00', 0, 27, 1, 50, 20, 1, 23, 77, 0, NULL, 4, 0),
	(28, NULL, '답글 달리는지 확인', '2015-11-06 00:00:00', 0, 26, 0, 49, 10, NULL, NULL, NULL, 0, NULL, NULL, NULL),
	(29, '예체능 테스트', '테스트', '2015-11-06 00:00:00', 1, 29, 1, 50, 20, 1, 245, 245, 0, NULL, 4, 0),
	(30, NULL, '담글 답글', '2015-11-06 00:00:00', 0, 29, 0, 49, 20, NULL, NULL, NULL, 0, NULL, NULL, NULL),
	(31, '아리가또', '고자이마스', '2015-11-06 00:00:00', 1, 31, 3, 53, 20, 1, 15, 16, 0, NULL, 1, 0),
	(32, NULL, '혼또니', '2015-11-06 00:00:00', 0, 31, 0, 56, 20, NULL, NULL, NULL, 0, NULL, NULL, NULL),
	(33, '뭐지?', '응?', '2015-11-06 00:00:00', 0, 33, 0, 57, 10, NULL, NULL, NULL, 0, NULL, NULL, 0),
	(34, '연대경영좋냐', '개구릴듯', '2015-11-06 00:00:00', 1, 34, 0, 57, 10, NULL, NULL, NULL, 0, NULL, NULL, 0),
	(35, '이야', '이야\n', '2015-11-06 00:00:00', 0, 35, 1, 57, 20, 1, 1, 1, 0, NULL, 4, 0),
	(36, NULL, '개구려 고대가 좋아', '2015-11-06 00:00:00', 0, 34, 0, 56, 10, NULL, NULL, NULL, 0, NULL, NULL, NULL),
	(37, '제', '내', '2015-11-09 00:00:00', 0, 37, 0, 1, 20, 1, 1, 1, 0, NULL, 1, 0),
	(38, '똥영', '하이', '2015-11-09 00:00:00', 0, 38, 0, 1, 20, 1, 2, 2, 0, NULL, 2, 0),
	(39, '똥영', '호', '2015-11-09 00:00:00', 0, 39, 0, 1, 20, 1, 3, 3, 0, NULL, 2, 0),
	(40, 'ㅇㅇㅇ', 'ㅇㅇㅇ\n', '2015-11-11 04:51:18', 0, 40, 2, 52, 10, NULL, NULL, NULL, 0, NULL, NULL, 0),
	(41, 'ㅏㅏ', 'ㅏㅏㅏㅏ', '2015-11-11 04:58:40', 0, 41, 2, 59, 10, NULL, NULL, NULL, 0, NULL, NULL, 0),
	(42, 'ㅇㅇ', 'ㅛㅎㅎ\n', '2015-11-11 05:33:08', 0, 42, 0, 52, 20, 1, 1, 1, 0, NULL, 2, 0),
	(43, 'ㅎㄹ', 'ㅎㅎㅎㅎ', '2015-11-11 05:33:52', 0, 43, 0, 52, 20, 1, 1, 1, 0, NULL, 1, 0),
	(44, 'ㅂㅂ', '더 허', '2015-11-11 05:35:09', 0, 44, 0, 52, 20, 1, 1, 1, 0, NULL, 1, 0),
	(45, 'l', 'ojij', '2015-11-11 05:37:37', 0, 45, 1, 59, 20, 1, 5, 58, 0, NULL, 4, 0),
	(46, 'test', 'test', '2015-11-12 11:07:53', 0, 46, 0, 1, 20, 1, 1, 2, 0, NULL, 2, 0),
	(47, 'tttt', 'rrttt', '2015-11-12 11:09:01', 0, 47, 0, 1, 20, 1, 1, 3, 0, NULL, 1, 0),
	(48, 'test', 'ok', '2015-11-12 11:14:42', 0, 48, 0, 1, 20, 1, 1, 5, 0, NULL, 3, 0),
	(49, '노', '누', '2015-11-13 08:01:52', 0, 49, 0, 1, 20, 1, 12, 23, 0, NULL, 1, 0),
	(50, '모', '뭐', '2015-11-13 09:22:20', 0, 50, 0, 1, 20, 1, 1, 1, 0, NULL, 3, 0),
	(51, '뭐', '뭐', '2015-11-13 18:35:09', 0, 51, 0, 1, 20, 1, 1, 1, 0, NULL, 1, 0),
	(52, '제', '생', '2015-11-13 18:41:28', 0, 52, 0, 1, 20, 1, 1, 1, 0, NULL, 1, 0),
	(53, '제목', '내용', '2015-11-13 18:44:24', 0, 53, 0, 1, 20, 1, 1, 1, 0, NULL, 1, 0),
	(54, '제목', '내용', '2015-11-13 10:16:07', 0, 54, 0, 1, 20, 1, 23, 25, 0, NULL, 1, 0),
	(55, '도', '도', '2015-11-13 10:22:35', 0, 55, 0, 1, 20, 1, 1, 1, 0, NULL, 2, 0),
	(56, 'a', 'aa', '2015-11-16 01:48:10', 0, 56, 1, 62, 10, NULL, NULL, NULL, 0, NULL, NULL, 0),
	(57, 'ㄱㅈㄱㅈㄱ', 'ㅣ지시잉', '2015-12-11 04:20:18', 0, 57, 1, 62, 20, 1, 16, 15, 0, NULL, 4, 0);
/*!40000 ALTER TABLE `postings` ENABLE KEYS */;


-- Dumping structure for table azit.posting_images
DROP TABLE IF EXISTS `posting_images`;
CREATE TABLE IF NOT EXISTS `posting_images` (
  `id` int(11) NOT NULL AUTO_INCREMENT,
  `image_url` varchar(255) DEFAULT NULL,
  `posting_id` int(11) NOT NULL,
  PRIMARY KEY (`id`),
  UNIQUE KEY `id` (`id`),
  KEY `posting_id` (`posting_id`),
  CONSTRAINT `Posting_images_ibfk_1` FOREIGN KEY (`posting_id`) REFERENCES `postings` (`id`) ON DELETE NO ACTION ON UPDATE NO ACTION
) ENGINE=InnoDB AUTO_INCREMENT=21 DEFAULT CHARSET=utf8;

-- Dumping data for table azit.posting_images: ~20 rows (approximately)
DELETE FROM `posting_images`;
/*!40000 ALTER TABLE `posting_images` DISABLE KEYS */;
INSERT INTO `posting_images` (`id`, `image_url`, `posting_id`) VALUES
	(1, 'image url', 6),
	(2, 'image url1', 7),
	(3, 'image url2', 7),
	(4, '', 8),
	(5, '', 10),
	(6, '', 11),
	(7, '', 12),
	(8, '/images/postings/20151106/1/4cab970a-fe20-40e3-ba19-fa7de74389ee.jpg', 22),
	(9, '/images/postings/20151106/53/2de8b52f-161d-481a-8d8a-8cf1efde11e1.jpg', 31),
	(10, '/images/postings/20151109/1/799fca64-2039-4163-b501-86c417e70b39.jpg', 39),
	(11, '/images/postings/20151111/52/be425562-23a3-427a-9228-3a70efc4f51b.jpg', 43),
	(12, '/images/postings/20151111/52/0c8c1a4c-ccf7-44a2-bfa6-ac9824a0fd0d.jpg', 44),
	(13, '/images/postings/20151111/59/e984a253-fd93-477b-bb63-8f695d446092.jpg', 45),
	(14, '/images/postings/20151113/1/cfed3376-857f-4d9e-9b1f-eaa83f36bf78.jpg', 53),
	(15, '/images/postings/20151113/1/124e0499-58a2-406e-b872-d98561a8047a.jpg', 53),
	(16, '/images/postings/20151113/1/0c030c6c-5143-46e3-b1a9-1888c7394233.jpg', 54),
	(17, '/images/postings/20151113/1/842d5eb3-8a69-40d1-a656-523e672e25cb.jpg', 54),
	(18, '/images/postings/20151113/1/4ddd1e7f-d6ba-41ed-8636-dd0fb5c2ae56.jpg', 55),
	(19, '/images/postings/20151211/62/61a7f8b4-8d5f-4f29-9f9a-6c99a0008fc1.jpg', 57),
	(20, '/images/postings/20151211/62/342a5dbd-f740-4866-94ca-8a022023b7d6.jpg', 57);
/*!40000 ALTER TABLE `posting_images` ENABLE KEYS */;


-- Dumping structure for table azit.posting_type
DROP TABLE IF EXISTS `posting_type`;
CREATE TABLE IF NOT EXISTS `posting_type` (
  `id` int(11) NOT NULL AUTO_INCREMENT,
  `type` varchar(255) DEFAULT NULL,
  PRIMARY KEY (`id`),
  UNIQUE KEY `id` (`id`)
) ENGINE=InnoDB AUTO_INCREMENT=21 DEFAULT CHARSET=utf8;

-- Dumping data for table azit.posting_type: ~2 rows (approximately)
DELETE FROM `posting_type`;
/*!40000 ALTER TABLE `posting_type` DISABLE KEYS */;
INSERT INTO `posting_type` (`id`, `type`) VALUES
	(10, 'MENTORING'),
	(20, 'CLINIC');
/*!40000 ALTER TABLE `posting_type` ENABLE KEYS */;


-- Dumping structure for table azit.replies
DROP TABLE IF EXISTS `replies`;
CREATE TABLE IF NOT EXISTS `replies` (
  `id` int(11) NOT NULL AUTO_INCREMENT,
  `reply` text,
  `created_at` datetime DEFAULT NULL,
  `num_of_like` int(11) DEFAULT NULL,
  `num_of_reply` int(11) DEFAULT NULL,
  `image_url` varchar(255) DEFAULT NULL,
  `parent_id` int(11) DEFAULT NULL,
  `posting_id` int(11) NOT NULL,
  `user_id` int(11) NOT NULL,
  PRIMARY KEY (`id`),
  UNIQUE KEY `id` (`id`),
  KEY `posting_id` (`posting_id`),
  KEY `user_id` (`user_id`),
  CONSTRAINT `Replies_ibfk_1` FOREIGN KEY (`posting_id`) REFERENCES `postings` (`id`) ON DELETE NO ACTION ON UPDATE NO ACTION,
  CONSTRAINT `Replies_ibfk_2` FOREIGN KEY (`user_id`) REFERENCES `users` (`id`) ON DELETE NO ACTION ON UPDATE NO ACTION
) ENGINE=InnoDB AUTO_INCREMENT=72 DEFAULT CHARSET=utf8;

-- Dumping data for table azit.replies: ~71 rows (approximately)
DELETE FROM `replies`;
/*!40000 ALTER TABLE `replies` DISABLE KEYS */;
INSERT INTO `replies` (`id`, `reply`, `created_at`, `num_of_like`, `num_of_reply`, `image_url`, `parent_id`, `posting_id`, `user_id`) VALUES
	(1, '답글', '2015-10-27 00:00:00', 0, 1, '/images/posting_images/2f0a52d2-fefb-441b-a3ce-e30858e3630b.PNG', 1, 1, 1),
	(2, '답글', '2015-10-30 00:00:00', 0, 0, '', 2, 1, 1),
	(3, '답글', '2015-11-11 00:00:00', 0, 0, NULL, 3, 1, 1),
	(4, '답글', '2015-10-27 00:00:00', 0, 0, '', 1, 1, 1),
	(5, '댓', '2015-11-06 00:00:00', 0, 0, '', 5, 1, 1),
	(6, '댓', '2015-11-06 00:00:00', 0, 0, '', 6, 13, 1),
	(7, '데헷', '2015-11-06 00:00:00', 0, 0, '', 7, 13, 1),
	(8, '데헷', '2015-11-06 00:00:00', 0, 0, '', 8, 13, 1),
	(9, '헷', '2015-11-06 00:00:00', 0, 0, '', 9, 15, 1),
	(10, '더', '2015-11-06 00:00:00', 0, 0, '', 10, 13, 1),
	(11, '답변 주세요', '2015-11-06 00:00:00', 0, 0, '', 11, 23, 50),
	(12, '답변 주세요', '2015-11-06 00:00:00', 0, 0, '', 12, 23, 50),
	(13, '화이팅!', '2015-11-06 00:00:00', 0, 0, '', 13, 23, 49),
	(14, '테스트달아봅니다', '2015-11-06 00:00:00', 1, 0, '', 14, 3, 49),
	(15, '답글?', '2015-11-06 00:00:00', 0, 0, '', 15, 23, 49),
	(16, '댓글', '2015-11-06 00:00:00', 0, 0, '', 16, 15, 50),
	(17, '우오', '2015-11-06 00:00:00', 0, 0, '', 17, 23, 50),
	(18, '답글을 답니다', '2015-11-06 00:00:00', 0, 0, '', 18, 24, 49),
	(19, '답변을 달아봅니다', '2015-11-06 00:00:00', 0, 0, '', 19, 25, 49),
	(20, 'ㅡ답뵨', '2015-11-06 00:00:00', 0, 0, '', 20, 1, 1),
	(21, '답변', '2015-11-06 00:00:00', 0, 0, '', 21, 13, 3),
	(22, '답변', '2015-11-06 00:00:00', 0, 0, '', 22, 13, 3),
	(23, '답긍', '2015-11-06 00:00:00', 0, 0, '', 23, 13, 3),
	(24, '답긍', '2015-11-06 00:00:00', 0, 0, '', 24, 13, 3),
	(25, '답긍', '2015-11-06 00:00:00', 0, 0, '', 25, 13, 3),
	(26, '답긍', '2015-11-06 00:00:00', 0, 0, '', 26, 13, 3),
	(27, '답긍', '2015-11-06 00:00:00', 0, 0, '', 27, 13, 3),
	(28, '답긍', '2015-11-06 00:00:00', 0, 0, '', 28, 13, 3),
	(29, '답긍', '2015-11-06 00:00:00', 0, 0, '', 29, 13, 3),
	(30, '답긍', '2015-11-06 00:00:00', 0, 0, '', 30, 13, 3),
	(31, '답긍', '2015-11-06 00:00:00', 0, 0, '', 31, 13, 3),
	(32, '답긍', '2015-11-06 00:00:00', 0, 0, '', 32, 13, 3),
	(33, '답긍', '2015-11-06 00:00:00', 0, 0, '', 33, 13, 3),
	(34, '답긍', '2015-11-06 00:00:00', 0, 0, '', 34, 13, 3),
	(35, '답긍', '2015-11-06 00:00:00', 0, 0, '', 35, 13, 3),
	(36, '답긍', '2015-11-06 00:00:00', 0, 0, '', 36, 13, 3),
	(37, '답긍', '2015-11-06 00:00:00', 0, 0, '', 37, 13, 3),
	(38, '답긍', '2015-11-06 00:00:00', 0, 0, '', 38, 13, 3),
	(39, '답긍', '2015-11-06 00:00:00', 0, 0, '', 39, 13, 3),
	(40, '답긍', '2015-11-06 00:00:00', 0, 0, '', 40, 13, 3),
	(41, '답긍', '2015-11-06 00:00:00', 0, 0, '', 41, 13, 3),
	(42, '답긍', '2015-11-06 00:00:00', 0, 0, '', 42, 13, 3),
	(43, '텔미', '2015-11-06 00:00:00', 1, 0, '', 43, 3, 1),
	(44, 'ㅁ', '2015-11-06 00:00:00', 1, 0, '', 44, 3, 1),
	(45, 'ㅋㄴ', '2015-11-06 00:00:00', 0, 0, '', 45, 21, 1),
	(46, '답글 달기 테스트', '2015-11-06 00:00:00', 0, 0, '', 46, 27, 49),
	(47, '다펴', '2015-11-06 00:00:00', 0, 0, '', 47, 3, 3),
	(48, '댓글 적용', '2015-11-06 00:00:00', 0, 0, '', 48, 29, 49),
	(49, '키야', '2015-11-06 00:00:00', 0, 0, '', 49, 1, 57),
	(50, '캬', '2015-11-06 00:00:00', 0, 0, '', 50, 1, 57),
	(51, '알려줘', '2015-11-06 00:00:00', 0, 0, '', 51, 35, 57),
	(52, 'ㅋ엉', '2015-11-06 00:00:00', 0, 0, '', 52, 31, 57),
	(53, 'ㅋ', '2015-11-06 00:00:00', 0, 0, '', 53, 31, 57),
	(54, 'ㄱ', '2015-11-06 00:00:00', 0, 0, '', 54, 31, 57),
	(55, '힝', '2015-11-07 00:00:00', 0, 0, '', 55, 1, 59),
	(56, '댓그', '2015-11-09 00:00:00', 0, 0, '', 56, 3, 1),
	(57, '댓', '2015-11-09 00:00:00', 0, 0, '', 57, 3, 1),
	(58, '테스트', '2015-11-09 15:27:31', 0, 0, '', 58, 3, 1),
	(59, '안녕', '2015-11-10 11:09:35', 0, 0, '', 59, 15, 52),
	(60, 'ㅏㅏㅏ\n', '2015-11-11 04:52:36', 0, 0, '', 60, 40, 59),
	(61, 'ㅁㄴㅇㄹ', '2015-11-11 04:53:31', 0, 0, '', 61, 40, 59),
	(62, 'ㅁㅇㄴㄹ', '2015-11-11 05:00:35', 1, 0, '', 62, 41, 59),
	(63, 'glv\n', '2015-11-11 05:38:14', 0, 0, '', 63, 45, 59),
	(64, 'ㅇㄱㅇ', '2015-11-12 05:41:27', 1, 0, '', 64, 41, 59),
	(65, 'ㅎ', '2015-11-13 12:49:33', 0, 0, '', 65, 1, 63),
	(66, '문제', '2015-11-13 12:49:36', 0, 0, '', 66, 1, 63),
	(67, 'ㅇᆢㄴ단디러', '2015-11-13 12:49:45', 0, 0, '', 67, 1, 63),
	(68, '산', '2015-11-13 12:49:52', 0, 0, '', 68, 1, 63),
	(69, 'nn', '2015-11-13 12:50:09', 0, 0, '', 69, 1, 63),
	(70, 'ㅃㅃ', '2015-11-16 01:48:35', 1, 0, '', 70, 56, 62),
	(71, 'ㅇ', '2015-12-11 04:20:45', 1, 0, '', 71, 57, 62);
/*!40000 ALTER TABLE `replies` ENABLE KEYS */;


-- Dumping structure for table azit.reply_like
DROP TABLE IF EXISTS `reply_like`;
CREATE TABLE IF NOT EXISTS `reply_like` (
  `reply_id` int(11) NOT NULL,
  `user_id` int(11) NOT NULL,
  UNIQUE KEY `reply_id` (`reply_id`,`user_id`),
  KEY `user_id` (`user_id`),
  CONSTRAINT `Reply_like_ibfk_1` FOREIGN KEY (`reply_id`) REFERENCES `replies` (`id`) ON DELETE NO ACTION ON UPDATE NO ACTION,
  CONSTRAINT `Reply_like_ibfk_2` FOREIGN KEY (`user_id`) REFERENCES `users` (`id`) ON DELETE NO ACTION ON UPDATE NO ACTION
) ENGINE=InnoDB DEFAULT CHARSET=utf8;

-- Dumping data for table azit.reply_like: ~8 rows (approximately)
DELETE FROM `reply_like`;
/*!40000 ALTER TABLE `reply_like` DISABLE KEYS */;
INSERT INTO `reply_like` (`reply_id`, `user_id`) VALUES
	(1, 1),
	(14, 1),
	(43, 1),
	(44, 1),
	(62, 62),
	(64, 62),
	(70, 62),
	(71, 62);
/*!40000 ALTER TABLE `reply_like` ENABLE KEYS */;


-- Dumping structure for table azit.reply_report
DROP TABLE IF EXISTS `reply_report`;
CREATE TABLE IF NOT EXISTS `reply_report` (
  `reply_id` int(11) NOT NULL,
  `user_id` int(11) NOT NULL,
  UNIQUE KEY `reply_id` (`reply_id`,`user_id`),
  KEY `user_id` (`user_id`),
  CONSTRAINT `Reply_report_ibfk_1` FOREIGN KEY (`reply_id`) REFERENCES `replies` (`id`) ON DELETE NO ACTION ON UPDATE NO ACTION,
  CONSTRAINT `Reply_report_ibfk_2` FOREIGN KEY (`user_id`) REFERENCES `users` (`id`) ON DELETE NO ACTION ON UPDATE NO ACTION
) ENGINE=InnoDB DEFAULT CHARSET=utf8;

-- Dumping data for table azit.reply_report: ~0 rows (approximately)
DELETE FROM `reply_report`;
/*!40000 ALTER TABLE `reply_report` DISABLE KEYS */;
/*!40000 ALTER TABLE `reply_report` ENABLE KEYS */;


-- Dumping structure for table azit.students
DROP TABLE IF EXISTS `students`;
CREATE TABLE IF NOT EXISTS `students` (
  `id` int(11) NOT NULL,
  `department` varchar(255) DEFAULT NULL,
  `korean_type` varchar(32) DEFAULT NULL,
  `math_type` varchar(32) DEFAULT NULL,
  `foreign_language` tinyint(1) DEFAULT NULL,
  `year` int(11) DEFAULT NULL,
  `introduce` varchar(255) DEFAULT NULL,
  `target_university` varchar(255) DEFAULT NULL,
  `target_department` varchar(255) DEFAULT NULL,
  `goal` varchar(255) DEFAULT NULL,
  `d_day_title` varchar(255) DEFAULT NULL,
  `d_day_date` datetime DEFAULT NULL,
  `nickname` varchar(255) DEFAULT NULL,
  PRIMARY KEY (`id`),
  UNIQUE KEY `id` (`id`),
  CONSTRAINT `Students_ibfk_1` FOREIGN KEY (`id`) REFERENCES `users` (`id`) ON DELETE NO ACTION ON UPDATE NO ACTION
) ENGINE=InnoDB DEFAULT CHARSET=utf8;

-- Dumping data for table azit.students: ~27 rows (approximately)
DELETE FROM `students`;
/*!40000 ALTER TABLE `students` DISABLE KEYS */;
INSERT INTO `students` (`id`, `department`, `korean_type`, `math_type`, `foreign_language`, `year`, `introduce`, `target_university`, `target_department`, `goal`, `d_day_title`, `d_day_date`, `nickname`) VALUES
	(1, 'A', 'A', 'A', 1, 1, '소개', '서울', NULL, NULL, NULL, NULL, '닉네임'),
	(4, 'A', 'A', 'A', 1, 1, NULL, NULL, NULL, NULL, NULL, NULL, NULL),
	(17, 'B', 'A', 'B', 1, 0, NULL, NULL, NULL, NULL, NULL, NULL, 'test'),
	(18, 'B', 'A', 'B', 1, 0, NULL, NULL, NULL, NULL, NULL, NULL, 'test'),
	(27, 'B', 'A', 'B', 1, 2, NULL, NULL, NULL, NULL, NULL, NULL, 'Azititit'),
	(28, 'B', 'A', 'A', 1, 2, NULL, NULL, NULL, NULL, NULL, NULL, 'Azititit'),
	(34, 'B', 'A', 'A', 1, 1, NULL, NULL, NULL, NULL, NULL, NULL, '학생테스트'),
	(35, 'B', 'B', 'B', 1, 1, NULL, NULL, NULL, NULL, NULL, NULL, '학생테스트'),
	(36, 'B', 'A', 'A', 1, 1, NULL, NULL, NULL, NULL, NULL, NULL, '학생테스트'),
	(37, 'B', 'A', 'A', 1, 1, NULL, NULL, NULL, NULL, NULL, NULL, '학생테스트1'),
	(38, 'B', 'A', 'A', 1, 1, NULL, NULL, NULL, NULL, NULL, NULL, '학생테스트1'),
	(39, 'B', 'A', 'A', 1, 1, NULL, NULL, NULL, NULL, NULL, NULL, 'kjkj'),
	(40, 'B', 'A', 'B', 1, 1, NULL, NULL, NULL, NULL, NULL, NULL, '테스트'),
	(43, 'B', 'A', 'B', 1, 1, NULL, NULL, NULL, NULL, NULL, NULL, 'ㄴ홈ㄴ'),
	(44, 'B', 'A', 'B', 1, 1, NULL, NULL, NULL, NULL, NULL, NULL, 'ㅇ'),
	(45, 'B', 'A', 'B', 1, 1, NULL, NULL, NULL, NULL, NULL, NULL, 'ㅇ'),
	(50, 'B', 'A', 'A', 1, 1, '오요', '테스트', NULL, NULL, NULL, NULL, '학생테스트10'),
	(51, 'B', 'B', 'B', 1, 1, NULL, NULL, NULL, NULL, NULL, NULL, '1357'),
	(52, 'B', 'A', 'A', 1, 3, '', '', NULL, NULL, NULL, NULL, '김태희'),
	(53, 'B', 'A', 'A', 1, 1, NULL, NULL, NULL, NULL, NULL, NULL, 'ㅈㅇㅈ'),
	(54, 'B', 'A', 'B', 1, 1, NULL, NULL, NULL, NULL, NULL, NULL, 'ㄱ'),
	(55, 'B', 'B', 'B', 1, 0, NULL, NULL, NULL, NULL, NULL, NULL, '김민삼'),
	(57, 'B', 'A', 'A', 1, 1, '', '', NULL, NULL, NULL, NULL, '윤찬희♥'),
	(59, 'B', 'A', 'B', 1, 0, '아아', '한양', NULL, NULL, NULL, NULL, '세미'),
	(62, 'A', 'A', 'B', 1, 1, '', '', NULL, NULL, NULL, NULL, '                                        냠냠'),
	(63, 'B', 'A', 'B', 1, 2, NULL, NULL, NULL, NULL, NULL, NULL, 'àaaaàaaaaaaaaaaaaaaaaaaaaaaaaasssssssssssssssdddfffffggggggghhjjjjjjjj'),
	(65, 'B', 'A', 'B', 1, 1, NULL, NULL, NULL, NULL, NULL, NULL, 'test');
/*!40000 ALTER TABLE `students` ENABLE KEYS */;


-- Dumping structure for table azit.studies
DROP TABLE IF EXISTS `studies`;
CREATE TABLE IF NOT EXISTS `studies` (
  `id` int(11) NOT NULL AUTO_INCREMENT,
  `created_at` date DEFAULT NULL,
  `goal` varchar(255) DEFAULT NULL,
  `is_repeated` tinyint(1) DEFAULT NULL,
  `textbook_id` int(11) NOT NULL,
  `student_id` int(11) NOT NULL,
  `is_deleted` tinyint(1) DEFAULT NULL,
  PRIMARY KEY (`id`),
  UNIQUE KEY `id` (`id`),
  KEY `student_id` (`student_id`),
  KEY `textbook_id` (`textbook_id`),
  CONSTRAINT `Studies_ibfk_1` FOREIGN KEY (`student_id`) REFERENCES `students` (`id`) ON DELETE NO ACTION ON UPDATE NO ACTION,
  CONSTRAINT `Studies_ibfk_2` FOREIGN KEY (`textbook_id`) REFERENCES `textbooks` (`id`) ON DELETE NO ACTION ON UPDATE NO ACTION
) ENGINE=InnoDB AUTO_INCREMENT=57 DEFAULT CHARSET=utf8;

-- Dumping data for table azit.studies: ~18 rows (approximately)
DELETE FROM `studies`;
/*!40000 ALTER TABLE `studies` DISABLE KEYS */;
INSERT INTO `studies` (`id`, `created_at`, `goal`, `is_repeated`, `textbook_id`, `student_id`, `is_deleted`) VALUES
	(1, '2015-10-29', '!!!!', 1, 1, 1, 1),
	(2, '2015-10-29', '!!!!', 0, 2, 1, 0),
	(3, '2015-10-29', '!!!!', 1, 3, 1, 1),
	(4, '2015-10-29', '!!!!', 0, 5, 1, 0),
	(5, '2015-10-29', '!!!!', 0, 1, 1, 0),
	(6, '2015-10-29', '!!!!', 0, 1, 1, 0),
	(8, '2015-11-05', '목', 1, 1, 1, 0),
	(9, '2015-11-06', '10문제', 1, 1, 52, 1),
	(10, '2015-11-06', '만ㅅㅈ', 1, 1, 53, 0),
	(11, '2015-11-07', '홧홧팅 ', 0, 1, 59, 0),
	(12, '2015-11-07', '', 0, 15, 59, 0),
	(25, '2015-11-11', '', 1, 3, 59, 0),
	(51, '2015-11-11', '', 0, 4, 62, 0),
	(52, '2015-11-11', '', 0, 1, 53, 0),
	(53, '2015-11-12', '존나짱', 0, 1, 63, 0),
	(54, '2015-11-16', '', 0, 4, 59, 0),
	(55, '2015-12-10', '', 0, 1, 62, 0),
	(56, '2015-12-17', '10시간', 0, 2, 1, 0);
/*!40000 ALTER TABLE `studies` ENABLE KEYS */;


-- Dumping structure for table azit.study_records
DROP TABLE IF EXISTS `study_records`;
CREATE TABLE IF NOT EXISTS `study_records` (
  `id` int(11) NOT NULL AUTO_INCREMENT,
  `created_at` date DEFAULT NULL,
  `start_time` time DEFAULT NULL,
  `end_time` time DEFAULT NULL,
  `duration` time DEFAULT NULL,
  `study_id` int(11) NOT NULL,
  PRIMARY KEY (`id`),
  UNIQUE KEY `id` (`id`),
  KEY `study_id` (`study_id`),
  CONSTRAINT `Study_records_ibfk_1` FOREIGN KEY (`study_id`) REFERENCES `studies` (`id`) ON DELETE NO ACTION ON UPDATE NO ACTION
) ENGINE=InnoDB AUTO_INCREMENT=21 DEFAULT CHARSET=utf8;

-- Dumping data for table azit.study_records: ~20 rows (approximately)
DELETE FROM `study_records`;
/*!40000 ALTER TABLE `study_records` DISABLE KEYS */;
INSERT INTO `study_records` (`id`, `created_at`, `start_time`, `end_time`, `duration`, `study_id`) VALUES
	(1, '2015-10-19', '100:00:00', '00:00:11', '00:00:01', 1),
	(2, '2015-10-29', '11:10:00', '12:10:00', '00:30:00', 1),
	(3, '2015-11-05', '02:07:35', '02:07:35', '00:00:00', 3),
	(4, '2015-11-06', '03:15:36', '03:15:36', '00:00:00', 9),
	(5, '2015-11-07', '12:55:32', '12:55:32', '00:00:00', 12),
	(6, '2015-11-07', '12:55:36', '12:55:36', '00:00:00', 12),
	(7, '2015-11-10', '08:09:05', '08:09:05', '00:00:00', 9),
	(8, '2015-11-10', '08:09:13', '08:09:13', '00:00:00', 9),
	(9, '2015-11-10', '08:09:17', '08:09:17', '00:00:00', 9),
	(10, '2015-11-11', '01:35:27', '01:35:27', '00:00:00', 9),
	(11, '2015-11-11', '01:37:19', '01:37:19', '00:00:00', 9),
	(12, '2015-11-11', '01:43:20', '01:43:20', '00:00:00', 25),
	(13, '2015-11-11', '04:27:53', '04:27:53', '00:00:00', 51),
	(14, '2015-11-11', '03:29:22', '03:29:22', '00:00:00', 51),
	(15, '2015-11-12', '10:22:57', '10:22:57', '00:00:00', 53),
	(16, '2015-11-12', '10:23:05', '10:23:05', '00:00:00', 53),
	(17, '2015-11-12', '02:41:53', '02:41:53', '00:00:00', 25),
	(18, '2015-11-12', '02:41:56', '02:41:56', '00:00:00', 25),
	(19, '2015-11-16', '09:50:45', '09:50:45', '00:00:00', 25),
	(20, '2015-11-16', '09:50:49', '09:50:49', '00:00:00', 25);
/*!40000 ALTER TABLE `study_records` ENABLE KEYS */;


-- Dumping structure for table azit.subjects
DROP TABLE IF EXISTS `subjects`;
CREATE TABLE IF NOT EXISTS `subjects` (
  `id` int(11) NOT NULL AUTO_INCREMENT,
  `title` varchar(255) DEFAULT NULL,
  `parent_id` int(11) NOT NULL,
  PRIMARY KEY (`id`),
  UNIQUE KEY `id` (`id`)
) ENGINE=InnoDB AUTO_INCREMENT=6001 DEFAULT CHARSET=utf8;

-- Dumping data for table azit.subjects: ~0 rows (approximately)
DELETE FROM `subjects`;
/*!40000 ALTER TABLE `subjects` DISABLE KEYS */;
INSERT INTO `subjects` (`id`, `title`, `parent_id`) VALUES
	(1, '전체과목', 0),
	(100, '국어', 100),
	(200, '수학', 200),
	(300, '영어', 300),
	(400, '사탐', 400),
	(401, '경제', 400),
	(402, '법과 정치', 400),
	(403, '사회문화', 400),
	(404, '한국사', 400),
	(405, '세계사', 400),
	(406, '동아시아사', 400),
	(407, '한국지리', 400),
	(408, '세계지리', 400),
	(409, '생활과 윤리', 400),
	(410, '윤리와 사상', 400),
	(500, '과탐', 500),
	(501, '물리1', 500),
	(502, '물리2', 500),
	(503, '화학1', 500),
	(504, '화학2', 500),
	(505, '생명과학1', 500),
	(506, '생명과학2', 500),
	(507, '지구과학1', 500),
	(508, '지구과학2', 500),
	(600, '예체능', 600),
	(1000, '국어', 1),
	(1010, '문학', 1000),
	(1020, '비문학', 1000),
	(1030, '화법/작문', 1000),
	(1040, '문법', 1000),
	(1050, '모의고사', 1000),
	(2000, '수학', 1),
	(2010, '수학1', 2000),
	(2011, '다항식', 2010),
	(2012, '방정식과 부등식', 2010),
	(2013, '도형의 방정식', 2010),
	(2020, '수학2', 2000),
	(2021, '집합과 명제', 2020),
	(2022, '함수', 2020),
	(2023, '수열', 2020),
	(2024, '지수와 로그', 2020),
	(2030, '미적분1', 2000),
	(2031, '수열의 극한', 2030),
	(2032, '함수의 극한', 2030),
	(2033, '다항함수의 미분법', 2030),
	(2034, '다항함수의 적분법', 2030),
	(2040, '미적분2', 2000),
	(2041, '지수함수와 로그함수', 2040),
	(2042, '삼각함수', 2040),
	(2043, '미분법', 2040),
	(2044, '적분법', 2040),
	(2050, '확률과 통계', 2000),
	(2051, '순열과 조합', 2050),
	(2052, '확률', 2050),
	(2053, '통계', 2050),
	(2060, '기하와 벡터', 2000),
	(2061, '평면 곡선', 2060),
	(2062, '평면 벡터', 2060),
	(2063, '공간도형과 공간좌표', 2060),
	(2064, '공간벡터', 2060),
	(3000, '영어', 1),
	(3010, '독해', 3000),
	(3020, '청해', 3000),
	(3030, '어법', 3000),
	(3040, '단어', 3000),
	(4000, '사탐', 1),
	(4010, '경제', 4000),
	(4011, '경제 생활과 경제 문제의 이해', 4010),
	(4012, '경제 주체의 역할과 의사 결정', 4010),
	(4013, '시장과 경제 활동', 4010),
	(4014, '국민 경제의 이해', 4010),
	(4015, '세계 시장과 한국 경제', 4010),
	(4016, '경제 생활과 금융', 4010),
	(4020, '법과 정치', 4000),
	(4021, '민주 정치와 법', 4020),
	(4022, '민주 정치의 과정과 참여', 4020),
	(4023, '헌법의 기본 원리', 4020),
	(4024, '개인 생활과 법', 4020),
	(4025, '사회 생활과 법', 4020),
	(4026, '국제 사회의 법과 정치', 4020),
	(4030, '사회문화', 4000),
	(4031, '사회,문화현상의 탐구', 4030),
	(4032, '개인과 사회 구조', 4030),
	(4033, '문화와 사회', 4030),
	(4034, '사회 계층과 불평등', 4030),
	(4035, '일상 생활과 사회 제도', 4030),
	(4036, '현대 사회와 사회 변동', 4030),
	(4040, '한국사', 4000),
	(4041, '우리 역사의 형성과 고대국가', 4040),
	(4042, '고려와 조선의 성립과 발전', 4040),
	(4043, '조선 사회와 변화와 서양 열강의 침략적 접근', 4040),
	(4044, '동아시아의 변화와 조선의 근대 개혁 운동', 4040),
	(4045, '근대 국가 수립 운동과 일본 제국주의의 침략', 4040),
	(4046, '일제의 식민지 지배와 민족 운동의 전개', 4040),
	(4047, '전체주의 대두와  민족 운동의 발전', 4040),
	(4048, '냉전 체제와 대한민국 정부의 수립', 4040),
	(4049, '대한민국의 발전과 국제 정세의 변화', 4040),
	(4050, '세계사', 4000),
	(4051, '역사와 인간', 4050),
	(4052, '문명의 성립과 통일제국', 4050),
	(4053, '지역 세계의 재편과 성장', 4050),
	(4054, '지역 세계의 통합과 세게적 교역망', 4050),
	(4055, '서양 국민 국가의 형성과 산업화', 4050),
	(4056, '제국주의 침략과 민족 운동', 4050),
	(4057, '현대 세계의 변화', 4050),
	(4060, '동아시아사', 4000),
	(4061, '동아시아 역사의 시작', 4060),
	(4062, '인구 이동과 문화의 교류', 4060),
	(4063, '생산력의 발전과 지배층의 교체', 4060),
	(4064, '국제 질서의 변화와 독자적 전통의 형성', 4060),
	(4065, '국민 국가의 수립', 4060),
	(4066, '오늘날의 동아시아', 4060),
	(4070, '한국지리', 4000),
	(4071, '국토의 이해', 4070),
	(4072, '국토의 자연 환경', 4070),
	(4073, '생활권 형성 기능', 4070),
	(4074, '생활권의 형성과 변화', 4070),
	(4075, '여러 지역의 생활', 4070),
	(4076, '국토 통일의 과제와 노력', 4070),
	(4077, '지역 간 상호 의존', 4070),
	(4080, '세계지리', 4000),
	(4081, '세계화와 지역 이해', 4080),
	(4082, '세게의 다양한 문화와 여행', 4080),
	(4083, '세게의 자연 환경', 4080),
	(4084, '세계화 시대의 경제 활동', 4080),
	(4085, '세계화 시대의 인구와 도시', 4080),
	(4086, '갈등과 공존의 세계', 4080),
	(4090, '생활과 윤리', 4000),
	(4091, '생활과 윤리의 의의', 4090),
	(4092, '생명,성 윤리', 4090),
	(4093, '가족 윤리', 4090),
	(4094, '과학,새태,정보 윤리', 4090),
	(4095, '사회 정의', 4090),
	(4096, '직업 윤리', 4090),
	(4097, '문화와 윤리', 4090),
	(4098, '평화와 윤리', 4090),
	(4100, '윤리와 사상', 4000),
	(4101, '윤리 사상과 사회 사상의 의의', 4100),
	(4102, '동양과 한국 윤리 사상', 4100),
	(4103, '서양 윤리 사상', 4100),
	(4104, '사회사상', 4100),
	(5000, '과탐', 1),
	(5100, '물리', 5000),
	(5110, '물리1', 5100),
	(5111, '시공간과 우주', 5110),
	(5112, '물질과 전자기장', 5110),
	(5113, '정보와 통신', 5110),
	(5114, '에너지', 5110),
	(5120, '물리2', 5100),
	(5121, '운동과 에너지 - 고전역학', 5120),
	(5122, '전기와 자기 - 전자기학', 5120),
	(5123, '파동과 빛 - 광학', 5120),
	(5124, '미시세계와 양자현상 - 양자역학', 5120),
	(5200, '화학', 5000),
	(5210, '화학1', 5200),
	(5211, '화학의 언어', 5210),
	(5212, '개성 있는 원소', 5210),
	(5213, '아름다운 분자 세게', 5210),
	(5214, '닮은꼴 화학 반응', 5210),
	(5220, '화학2', 5200),
	(5221, '다양한 모습의 물질 - 물리화학/무기화학', 5220),
	(5222, '물질 변화와 에너지 - 물리화학, 열화학+열역학', 5220),
	(5223, '화학 평형 - 분석화학', 5220),
	(5224, '화학 반응 속도 - 물리화학(그 중에서도 반응동역학)', 5220),
	(5225, '인류복지와 화학 - 생활 화학', 5220),
	(5300, '생물', 5000),
	(5310, '생명과학1', 5300),
	(5311, '생명과학의 이해', 5310),
	(5312, '세포와 생명의 연속성', 5310),
	(5313, '항상성과 건강', 5310),
	(5314, '자연 속의 인간', 5310),
	(5320, '생명과학2', 5300),
	(5321, '세포와 물질대사', 5320),
	(5322, '유전자와 생명공학', 5320),
	(5323, '생물의 진화', 5320),
	(5400, '지구과학', 5000),
	(5410, '지구과학1', 5400),
	(5411, '소중한 지구', 5410),
	(5412, '생동하는 지구', 5410),
	(5413, '위기의 지구', 5410),
	(5414, '다가오는 우주', 5410),
	(5420, '지구과학2', 5400),
	(5421, '지구의 구조와 지각의 물질', 5420),
	(5422, '지구의 변동과 역사', 5420),
	(5423, '대기와 해양의 운동과 상호 작용', 5420),
	(5424, '천문학', 5420),
	(6000, '예체능', 1);
/*!40000 ALTER TABLE `subjects` ENABLE KEYS */;


-- Dumping structure for table azit.target_departments
DROP TABLE IF EXISTS `target_departments`;
CREATE TABLE IF NOT EXISTS `target_departments` (
  `student_id` int(11) NOT NULL,
  `department_id` int(11) NOT NULL,
  UNIQUE KEY `studnet_id` (`student_id`,`department_id`),
  KEY `department_id` (`department_id`),
  CONSTRAINT `Target_departments_ibfk_1` FOREIGN KEY (`department_id`) REFERENCES `departments` (`id`) ON DELETE NO ACTION ON UPDATE NO ACTION
) ENGINE=InnoDB DEFAULT CHARSET=utf8;

-- Dumping data for table azit.target_departments: ~0 rows (approximately)
DELETE FROM `target_departments`;
/*!40000 ALTER TABLE `target_departments` DISABLE KEYS */;
/*!40000 ALTER TABLE `target_departments` ENABLE KEYS */;


-- Dumping structure for table azit.teachers
DROP TABLE IF EXISTS `teachers`;
CREATE TABLE IF NOT EXISTS `teachers` (
  `id` int(11) NOT NULL,
  `classification` varchar(32) DEFAULT NULL,
  `birthday` varchar(255) DEFAULT NULL,
  `last_school` varchar(255) DEFAULT NULL,
  `is_graduated` tinyint(1) DEFAULT NULL,
  PRIMARY KEY (`id`),
  UNIQUE KEY `id` (`id`),
  CONSTRAINT `Teachers_ibfk_1` FOREIGN KEY (`id`) REFERENCES `users` (`id`) ON DELETE NO ACTION ON UPDATE NO ACTION
) ENGINE=InnoDB DEFAULT CHARSET=utf8;

-- Dumping data for table azit.teachers: ~0 rows (approximately)
DELETE FROM `teachers`;
/*!40000 ALTER TABLE `teachers` DISABLE KEYS */;
INSERT INTO `teachers` (`id`, `classification`, `birthday`, `last_school`, `is_graduated`) VALUES
	(2, 'public', '1999-99-99', '한국대학교', 1),
	(23, 'A', '1991.5.5', '트램스', 1),
	(24, 'A', '1991.10.', '트램스', 1),
	(33, 'A', '1989.11.02', '연세대', 1),
	(42, 'A', '1234.12.12', '학교', 1),
	(46, 'A', '1984.1.1', '테스트', 1),
	(47, 'A', '1984.1.1', '테스트', 1),
	(48, 'A', '1984.9.9', '테스트', 1),
	(58, 'A', '1980.11.4', '연세대', 0),
	(61, 'A', '1234.1.1', '서울대', 1),
	(64, 'A', '1993.5.20', '안산고등', 0);
/*!40000 ALTER TABLE `teachers` ENABLE KEYS */;


-- Dumping structure for table azit.textbooks
DROP TABLE IF EXISTS `textbooks`;
CREATE TABLE IF NOT EXISTS `textbooks` (
  `id` int(11) NOT NULL AUTO_INCREMENT,
  `title` varchar(255) DEFAULT NULL,
  `subject_id` int(11) NOT NULL,
  `contents` blob,
  PRIMARY KEY (`id`),
  UNIQUE KEY `id` (`id`),
  KEY `subject_id` (`subject_id`),
  CONSTRAINT `Textbooks_ibfk_1` FOREIGN KEY (`subject_id`) REFERENCES `subjects` (`id`) ON DELETE NO ACTION ON UPDATE NO ACTION
) ENGINE=InnoDB AUTO_INCREMENT=25 DEFAULT CHARSET=utf8;

-- Dumping data for table azit.textbooks: ~0 rows (approximately)
DELETE FROM `textbooks`;
/*!40000 ALTER TABLE `textbooks` DISABLE KEYS */;
INSERT INTO `textbooks` (`id`, `title`, `subject_id`, `contents`) VALUES
	(1, '국어 문제집', 100, NULL),
	(2, '수학 문제집', 200, NULL),
	(3, '영어 문제집', 300, NULL),
	(4, '사탐 문제집', 400, NULL),
	(5, '경제 문제집', 401, NULL),
	(6, '법과 정치 문제집', 402, NULL),
	(7, '사회문화 문제집', 403, NULL),
	(8, '한국사 문제집', 404, NULL),
	(9, '세계사 문제집', 405, NULL),
	(10, '동아시아사 문제집', 406, NULL),
	(11, '한국지리 문제집', 407, NULL),
	(12, '세계지리 문제집', 408, NULL),
	(13, '생활과 윤리 문제집', 409, NULL),
	(14, '윤리와 사상 문제집', 410, NULL),
	(15, '과탐 문제집', 500, NULL),
	(16, '물리1 문제집', 501, NULL),
	(17, '물리2 문제집', 502, NULL),
	(18, '화학1 문제집', 503, NULL),
	(19, '화학2 문제집', 504, NULL),
	(20, '생명과학1 문제집', 505, NULL),
	(21, '생명과학2 문제집', 506, NULL),
	(22, '지구과학1 문제집', 507, NULL),
	(23, '지구과학2 문제집', 508, NULL),
	(24, '예체능 문제집', 600, NULL);
/*!40000 ALTER TABLE `textbooks` ENABLE KEYS */;


-- Dumping structure for table azit.t_s_matching
DROP TABLE IF EXISTS `t_s_matching`;
CREATE TABLE IF NOT EXISTS `t_s_matching` (
  `teacher_id` int(11) NOT NULL,
  `student_id` int(11) NOT NULL,
  `is_approval` tinyint(1) DEFAULT NULL,
  UNIQUE KEY `teacher_id` (`teacher_id`,`student_id`),
  KEY `student_id` (`student_id`),
  CONSTRAINT `T_S_Matching_ibfk_1` FOREIGN KEY (`student_id`) REFERENCES `students` (`id`) ON DELETE NO ACTION ON UPDATE NO ACTION,
  CONSTRAINT `T_S_Matching_ibfk_2` FOREIGN KEY (`teacher_id`) REFERENCES `teachers` (`id`) ON DELETE NO ACTION ON UPDATE NO ACTION
) ENGINE=InnoDB DEFAULT CHARSET=utf8;

-- Dumping data for table azit.t_s_matching: ~0 rows (approximately)
DELETE FROM `t_s_matching`;
/*!40000 ALTER TABLE `t_s_matching` DISABLE KEYS */;
INSERT INTO `t_s_matching` (`teacher_id`, `student_id`, `is_approval`) VALUES
	(2, 1, 1),
	(2, 4, 1),
	(2, 51, 1),
	(61, 59, 0);
/*!40000 ALTER TABLE `t_s_matching` ENABLE KEYS */;


-- Dumping structure for table azit.users
DROP TABLE IF EXISTS `users`;
CREATE TABLE IF NOT EXISTS `users` (
  `id` int(11) NOT NULL AUTO_INCREMENT,
  `name` varchar(255) DEFAULT NULL,
  `email` varchar(255) DEFAULT NULL,
  `password` varchar(255) DEFAULT NULL,
  `phone` varchar(255) DEFAULT NULL,
  `gender` varchar(32) DEFAULT NULL,
  `profile_image` varchar(255) DEFAULT NULL,
  `secret` varchar(255) DEFAULT NULL,
  `type_id` int(11) NOT NULL,
  `edu_inst_id` int(11) DEFAULT NULL,
  PRIMARY KEY (`id`),
  UNIQUE KEY `id` (`id`),
  KEY `type_id` (`type_id`),
  CONSTRAINT `Users_ibfk_1` FOREIGN KEY (`type_id`) REFERENCES `user_type` (`id`) ON DELETE NO ACTION ON UPDATE NO ACTION
) ENGINE=InnoDB AUTO_INCREMENT=68 DEFAULT CHARSET=utf8;

-- Dumping data for table azit.users: ~0 rows (approximately)
DELETE FROM `users`;
/*!40000 ALTER TABLE `users` DISABLE KEYS */;
INSERT INTO `users` (`id`, `name`, `email`, `password`, `phone`, `gender`, `profile_image`, `secret`, `type_id`, `edu_inst_id`) VALUES
	(1, 'student', 'student', '$2a$10$jQ4gh1GV1b.qsio23homLO4cBaiKecrqy1UqGDju9xQpHjajVyWmK', '00000000', 'F', '/images/profiles/20151109/1/2622e783-8275-4632-803e-fbead041a5ed.jpg', 'qx6LFMEP4sd8d0rQX9h27T4L9Po=', 2, 1),
	(2, 'teacher', 'teacher', '$2a$10$URPFBPRVByG3aEHnXr/Lvu51i2tommpStfChcO6Vj4s36PGE7/l3m', '00000000', 'F', '/images/profiles/20151105/1/4c08accb-72dc-4c2b-9a6c-83151d34fe49.jpg', '9DLz3PRt7GnxqWTLrxL9MCaSRqI=', 3, 1),
	(3, 'mentor', 'mentor', '$2a$10$4TpGUbKIOr1PHUIUfPrhW.v2oneEm32wFjjjTQ3rXNAlTptPaZQaq', '00000000', 'F', '/images/profiles/20151105/3/31df4723-1ab7-429e-8314-756679bcef80.jpg', 'D/jcWCH5BLKnHSS9Jo1HrAddQ6o=', 4, 1),
	(4, 'student2', 'student2', '$2a$10$jQ4gh1GV1b.qsio23homLO4cBaiKecrqy1UqGDju9xQpHjajVyWmK', '00000000', 'M', NULL, 'qx6LFMEP4sd8d0rQX9h27T4L9Poo', 2, 1),
	(5, '운영자', 'admin@admin.com', '$2a$10$.EuNooWaXoYYUd7e03Nu4u/yb67.AvKOG2Dl9YJyQjgVcYeJnUYtW', '00000000', 'M', NULL, 'KfUHJZ7Sr/sloVZuqfLV0lao9z4=', 1, 1),
	(17, 'test', 'test10@test.com', '$2a$10$Hpd.uh.g/5wpbOCvPeMpvekfS/Bv6G4IcAlhaWLDYpKSKkKzxjNWW', '01046786002', 'F', NULL, 'uGF/5N7GsysrLxkUMe4ae1+IglM=', 2, 1),
	(18, 'test', 'test11@test.com', '$2a$10$W3etzaKwa4XEqjQfTXhICueGX.FSH2AdDXDbAyE8ztSDoni8cB4yK', '00000000', 'F', NULL, '5G1EbhyDPlvxcQxxzegOdUxYJkQ=', 2, 1),
	(19, 'test', 'mento@test.com', '$2a$10$.14tDBass6nj2AULCJTB1eVR7Baw9pPqkrjm2UX3EjABaXT48FEeW', '01046786002', 'M', NULL, 'HsI8n4eDP8gGR7PXdV4j7Dug1Q4=', 4, 1),
	(20, 'test', 'mento@test.com', '$2a$10$94D/97Hn5RwX40ULBvt8m.pxUGFImaQJN78fLpNn0u3ff8ciBKiL2', '01046786002', 'M', NULL, 'qrV6bFD7a0Il7JpzIvxtdSCZx44=', 4, 1),
	(21, 'test', 'mento1@test.com', '$2a$10$oVZQETVp4gjs8TM10oRUveAM2dTU8/1/zgW4yM0pTyKgAopQumTkC', '01046786002', 'M', NULL, 'jIj+45pEBeoxiJutkBaZaXYbNS4=', 4, 1),
	(22, 'test', 'mento3@test.com', '$2a$10$xZ/biddGb9xZssnzR6xsTOAK25DlEvPBJoX61kTxlvKXCa7VxoXLm', '01046786002', 'M', NULL, 'gpg9nikq3UMg4rR8b7W1IBgt3nE=', 4, 1),
	(23, 'test', 'teacherTest@trams.com', '$2a$10$0VEogbVACW5ERb7I2sSPLObHhqjINCZANdf58mGaDd.0mep0dwTTq', '01000000000', 'M', NULL, 'Y5XVY+EgERWyvDbualRrEX/BRfg=', 3, 1),
	(24, 'test', 'teacherTest1@trams.com', '$2a$10$EYQDPk2OtXu47gKeY4SbluUvorjdYlu6EWzjUssAXRDHwosw7R1AO', '01000000000', 'F', NULL, 'qWREnk1BOTf1+kVrKDCzFcfD2Ss=', 3, 1),
	(25, '전민재', 'min4706@gmail.com ', '$2a$10$TmAK7lgTX58KH13S0EaiDOs2aJSwvFDG4oZYGIm0QiG6HLNtGjXeK', '01056900430', 'M', NULL, 'VSPO6c2nVHzLZF/EtK6nFykuuRA=', 4, 1),
	(26, '채기정', 'kjchae@trams.co.kr', '$2a$10$jZcBtMI.Wl2MooV59sqwhul2lKkh5v8m6PhTBjPK7bRVNYGz0VHce', '01077371550', 'M', NULL, 'XCJ2TKKcRc7DqJZa0E04Jsk84yk=', 4, 1),
	(27, '박태용', 'rococo8@naver.com', '$2a$10$Tx0G78bJl19p0rQ1mOSRbuHlsGgceFHtBF1P19orqmnXn7tcDz7.W', '01095553333', 'M', NULL, '3kVPBhlel8k4AthMyE0XRrknMH4=', 2, 1),
	(28, '박태용', 'rococo10@naver.com', '$2a$10$hZyyVbPSmsBJ8WsqBO17x.0YOn84njzc/ciUySM1BcaAygPts.4YS', '01095553333', 'M', NULL, '1q22aTo1UrZ29SZrkVoOih+irfE=', 2, 1),
	(29, '박태용', 'azit@naver.com', '$2a$10$WjcUEjC2yLH7Jzd4R66ccu3MCHBJqZMEkMT.oapGXjumnFUVJ4cru', '01095556794', 'F', NULL, 'D+zZoANoC58GZerbXIARtyA2gwo=', 4, 1),
	(30, '제니퍼', 'jrjren@gmail.com', '$2a$10$jWRKB7ADAjClhXsQyoOxquaZZ.osgh8dSPvX1awqlbWbBpIngY/d6', '01099997777', 'M', NULL, 'uuwESZWGdr5W2xrOW/G0aNJH4uI=', 4, 1),
	(31, '제니퍼', 'zeniffer@gmail.com', '$2a$10$nKD/WoATeHhRLucBUh43VeQjH0hv54XCHOAEPQgUP81rZGY75/1AK', '01095558373', 'F', NULL, 'kgAmpuUwS/g/XsBYVi3lak2ezfI=', 4, 1),
	(32, 'zennifer kim', 'zennifer.kim@gmail.com', '$2a$10$855py5BrF7RwTUvOV.GqDuL7e6IEeLAAJaM7pfVVSiKRIlFfnpygG', '01099995555', 'F', NULL, 'irb6OzF1HBnU0LNLV9rMTZD2auA=', 4, 1),
	(33, '박태용', 'park.taeyong@gmail.com', '$2a$10$F2vtguOa9fdvc3253n3FQuNcavFOF0qDlfuonHKVQtNx1.DpRFauG', '01099996666', 'M', NULL, 'puc1s5uaHOhyOIHIxaGuXuRvPgs=', 3, 1),
	(34, '학생테스트', 'test@trams.co.kr', '$2a$10$2twoxGUXWa3911u1fMw1nOhi0giEq/fX1PlVXsoNsU7r7Abxd3yE.', '01077371550', 'M', NULL, 'k6/acaK7SDfNjAgOwrGk4sYM8mc=', 2, 1),
	(35, '학생테스트', 'test333@trams.co.kr', '$2a$10$bCJD8OwPKwpt8y6cc.LGwui4q0x.tPv.bZTJZu802jzR9i.8N.lKC', '01077371550', 'M', NULL, 'PV6ichshYS+ccqmrWyTHUCx7rBo=', 2, 1),
	(36, '학생테스트', 'test3355553@trams.co.kr', '$2a$10$RxFT.xdsEfvMieRYtGfaB.oLds0C.03OLsfPDZyAxxGRhpljLeJj6', '01077371550', 'M', NULL, 'nssUf9GJeenmbtjdQQ/8X4NzsiU=', 2, 1),
	(37, 'kkkktrst', 'teste3e33@trams co.kr', '$2a$10$65CchbKtp/qfjeBSA3tzp.FElcOX66Dy2PwZuUIHKN8PQM6VZ0Pjm', '01013347788', 'M', NULL, 'NqjJU6OeNcG3HifbjzUAECbAm2Y=', 2, 1),
	(38, 'kkkktrst', 'test55677865@trams co.kr', '$2a$10$iZ/zvAZIc51EKdch1Ho.Uebsn5ZP8lVM9/TbjA3PTVH5bZCVwCWce', '01013347788', 'M', NULL, 'LRGZWf7flOEA8bI2ZtlfhvV8KTk=', 2, 1),
	(39, '테스트7', 'kjchaetest@trams.com', '$2a$10$r20t6e61AEHsxCnPKGuLVOvv0noJWYA/ZzPreOEGC3vFGbZXoxGxG', '01048273977', 'M', NULL, 'N8bPlTLfCYiMwGEt2Cj4ydb5fX4=', 2, 1),
	(40, '테스트', '123@mail.com', '$2a$10$l8KNnrzGeliMsJcOsAa3HuWRTkjRFAku3JP0md9W9UhXqpgJOCwja', '111111', 'M', NULL, 'jk8U9V3LjCWEnfO0BAZPnwzGKpI=', 2, 1),
	(41, '테스트멘토', '234@mail.com', '$2a$10$Y9kh3F.b/5RpjE3102cuueEU8WE4JZKGzeCFmFES5K7ahhKTYObFe', '1111', 'M', NULL, 'MPCArMJCe7J50NPWuAOcXyPvzqE=', 4, 1),
	(42, '선싱', '345@mail.com', '$2a$10$g6kaRaccrAOiFUWBipuT2eDzGqCkIOuo00J1OgGeO7n8tPod7meKi', '1111', 'M', NULL, 'b4SpZ+yCY06pb5brj2ZOp2Ztk6M=', 3, 1),
	(43, '노아ㅏㅁ', '456@mail.com', '$2a$10$YTdnb1hp/txcGgRZt4XhW.AumvbVmRQ.lwd60YRIRlqPUTL7iwMZW', '111', 'M', NULL, '6orAHw//iHAjCVJvx8Ytl4Nc3U8=', 2, 1),
	(44, 'ㅇ', '345', '$2a$10$0AmCdPJDMxaRgxW.5q6IoeIol5y2xvMp.75fXdn9XmcFRoosG8wxe', 'ㅂ', 'M', NULL, 'D0tDj+HMMAe2sjZgCNMTmv/P4YA=', 2, 1),
	(45, 'ㅇ', '34s', '$2a$10$609Gq.maW5cQXvGpnmOT2uTU8Y3VX/tvZYWMvKYwrOSeF1hxUofly', 'ㅂ', 'M', NULL, 'QkvL/6aW3ANvwdgvJF11EeLQQ4w=', 2, 1),
	(46, '테스트7', 'trst7@trams.co.kr', '$2a$10$tLwA3su/cQ0IZNbWRrAf0u9C2Jmp.r33bmtCisZJubRSVpPDveT6C', '01012341245', 'M', NULL, '1YXj995RHGUXfebvizC1OXcKcis=', 3, 1),
	(47, '테스트7', 'trst7@trams.co.kr', '$2a$10$Gt.pH.KLR46PphBlJNL7Ru2Q7DuGJ4kPKhe4E3lmrXltg/3gY5hqy', '01012341245', 'M', NULL, 'B9xmDh2pxdm5h8zxjWINmrhpEDg=', 3, 1),
	(48, '테스트8', 'test888@trams.co.kr', '$2a$10$VkIkZhgAMbnzd8IWU5DPz.M/IFyJ18n6ZNq8jgsKwNPB0MMrD9gry', '01012441239', 'F', NULL, 'DJNWbWOxPKPL6RQ7gHuhKdDxnvI=', 3, 1),
	(49, '김테스트', 'test999@trams.co.kr', '$2a$10$c/RTUczd8.ZNL4jetXwPtuDq1Y8XRgKLhnu01X0cdgRbQreuDPKaS', '01012343456', 'M', '', 'YRLNX9MQ8TeTw8qKKnrbcND+s0s=', 4, 1),
	(50, '학생테스트', 'test1010@trams.co.kr', '$2a$10$V4CARK4Z/6X785p9Bm54v.Qh9SjUGdlFlM5cU1TSjXoZOLGP/0sR.', '01012347845', 'F', '', 'jZxjnyx4N4QGLpswKgZCl8mK22g=', 2, 1),
	(51, 'ㅊㅊㅊ', '13@trams co.kr', '$2a$10$LujoO2oJJxFtFCmUemPt3On/OzYgPFTYrPwAjySJp0yd9bqhng3ZC', '01012348584', 'F', NULL, '/F4XU4XxqlWebqwgJtqmuBgN3B0=', 2, 1),
	(52, '김태희', 'yoonkyu.us@gmail.com ', '$2a$10$OsbSIrGdbqCKxFBI4fk6Ve0jVtJ1wEoWrqcfSXZ9iKqH1BaMtA9dS', '01092737334', 'M', '/images/profiles/20151111/52/15eb123f-aa0b-4501-9918-e13f4ab286c4.jpg', '5pgZXEtAkKsZVCaZRGvAP9Ner90=', 2, 1),
	(53, 'ㅈㅁㅈ', 'mj6073@naver.com', '$2a$10$/q4KRx5dcpcFfUSt4adGs.rr5WXVaPZCoOpODuDVEEta9S8WcskLC', '', 'M', NULL, 'TGkleQVB8bu8IMFUiNgWM8/q/eo=', 2, 1),
	(54, 'ㄷ', 'ㄴ', '$2a$10$tCHddoC0nS1nlT7.l8A9k.S4yMwZfEdA3R/eonrgjdvInCOerDxVK', '1', 'M', NULL, '9AczLjJSaTaG8uGiakLLpeV6QEI=', 2, 1),
	(55, '김민삼', 'minsamkim@gmail.com', '$2a$10$O4CLyk.XAI/u6ZBrRk0qOeWhYKh1lH6gXThyfoAc.LmtLB82tZjPC', '123', 'M', NULL, 'P/AULs9WtySOHJr0ze0p8W5Kz9U=', 2, 1),
	(56, '박태용', 'taeyong.park@gmail.com', '$2a$10$.STBzqQhjVHNCjnocwec4uVw9KjSKUkQZNv.QZejA4K/ltyww7fdW', '01077777777', 'F', '/images/profiles/20151106/56/000c6150-c4c0-4fc6-8a3a-4d83a68a14c7.jpg', 'pFsUHbpma4YuVRToX6OlNXbT7wc=', 4, 2508),
	(57, '허영석', 'ys.jake.heo', '$2a$10$pe2MOeUkuVxR9Y8LimqHfe/CJtMJYTSl8vOx9vuc5c3h4r7Jb3TWi', '01099125690', 'M', '', 'Y9pGAIVLyjcKdtPo62TMhgjsUSM=', 2, 987),
	(58, '허케오', 'taeyong.park.1111@gmail.com', '$2a$10$KD9qU6BW6ZaK1tMm05VWKeZoXKXfw8dDjI4yMF4tdsJZzRSxC0AaG', '01099998888', 'M', NULL, 'TuwRmHERsRHWC1jXlEvZC5s7bws=', 3, 6),
	(59, '강세미', 'ssemi4094@navee.com ', '$2a$10$Uf.u/5FAXG8SAyANNjgADelfgZYF9sF69qNH.9pRKlpMgGTDTq0y6', '01052655869', 'M', '', 'uZONhj9qNCc+Zsvrv3xwu2ixLTE=', 2, 1143),
	(60, '강세미', 'ssemi4094@naver.com', '$2a$10$cc97XFmePwaQEEg1QD8kP.gFWnzEdfTO.pDpAHWWDXrHap1sbG4hC', '123456789', 'M', NULL, 'y5O+/eVZgk16uabFu3NJ84P+5Xs=', 4, 2522),
	(61, '강세미', 'ssemi4094@nave.com ', '$2a$10$tep9.6EE7Skhi7QiOqEyG.2lly01VKFCDCF27HyLMDNUiGEtYvFwW', '123456789', 'M', NULL, 'QYi9VEbzTACmREZHE9Q2ht1fp3A=', 3, 2990),
	(62, '빼빼로', '123', '$2a$10$IO.Ys.nkmzjX9t7r5wa1uOgqEFAcneug/zzBbBz9vXzYmklLU9l1W', '01012345678', 'M', '', 'WViOaoWiiSnUA4HnOsTdEE5pPfM=', 2, 1013),
	(63, '네이버', 'azit@azit.com', '$2a$10$D5S8qRuKx9zvMOPiX4mnhePAkZl1qGEeWYL9Cb7eY2YV5lTrHEsSe', '00011119999777', 'M', NULL, 'AzzFA+WPxOv2zHWdcUHkozIDyj0=', 2, 2531),
	(64, 'test', 'tea@trams.com', '$2a$10$7l5SXjEV.nRqFZsZ5MGBA.Y6qn9Ccyba97Zh/ci1a5h.TU5P70b8a', '01000000000', 'M', NULL, '4DGiaSohTawLfsqC7qRXvDT70sA=', 3, 1),
	(65, 'ssssss', 'sett@gken.com', '$2a$10$YCLJ0O3FWHlffI.fRUZ2XOjmam81K5qSE6a/FPgyLDNAKSl6hQyAe', '01012341234', 'M', NULL, 'JP9suaYXsnylSY++JUDSzASSYKc=', 2, 2298),
	(66, 'anhgt', 'anhgt26@gmail.com', '$2a$10$d5IiG8kfqL/DTVoJu3ADaeD8gwxgrxXLaIPPXXvwTFJmrj3acV2UG', '01685899892', 'M', NULL, 'JP9suaYXsnylSY++JUDSzASSYKc=', 2, 2298);
/*!40000 ALTER TABLE `users` ENABLE KEYS */;


-- Dumping structure for table azit.user_edu
DROP TABLE IF EXISTS `user_edu`;
CREATE TABLE IF NOT EXISTS `user_edu` (
  `edu_inst_id` int(11) NOT NULL,
  `user_id` int(11) NOT NULL,
  KEY `user_id` (`user_id`),
  KEY `User_edu_ibfk_1` (`edu_inst_id`),
  CONSTRAINT `User_edu_ibfk_1` FOREIGN KEY (`edu_inst_id`) REFERENCES `educational_inst` (`id`) ON DELETE NO ACTION ON UPDATE NO ACTION,
  CONSTRAINT `User_edu_ibfk_2` FOREIGN KEY (`user_id`) REFERENCES `users` (`id`) ON DELETE NO ACTION ON UPDATE NO ACTION
) ENGINE=InnoDB DEFAULT CHARSET=utf8;

-- Dumping data for table azit.user_edu: ~0 rows (approximately)
DELETE FROM `user_edu`;
/*!40000 ALTER TABLE `user_edu` DISABLE KEYS */;
/*!40000 ALTER TABLE `user_edu` ENABLE KEYS */;


-- Dumping structure for table azit.user_type
DROP TABLE IF EXISTS `user_type`;
CREATE TABLE IF NOT EXISTS `user_type` (
  `id` int(11) NOT NULL AUTO_INCREMENT,
  `type` varchar(255) DEFAULT NULL,
  PRIMARY KEY (`id`),
  UNIQUE KEY `id` (`id`)
) ENGINE=InnoDB AUTO_INCREMENT=5 DEFAULT CHARSET=utf8;

-- Dumping data for table azit.user_type: ~0 rows (approximately)
DELETE FROM `user_type`;
/*!40000 ALTER TABLE `user_type` DISABLE KEYS */;
INSERT INTO `user_type` (`id`, `type`) VALUES
	(1, 'ADMIN'),
	(2, 'STUDENT'),
	(3, 'TEACHER'),
	(4, 'MENTOR');
/*!40000 ALTER TABLE `user_type` ENABLE KEYS */;
/*!40101 SET SQL_MODE=IFNULL(@OLD_SQL_MODE, '') */;
/*!40014 SET FOREIGN_KEY_CHECKS=IF(@OLD_FOREIGN_KEY_CHECKS IS NULL, 1, @OLD_FOREIGN_KEY_CHECKS) */;
/*!40101 SET CHARACTER_SET_CLIENT=@OLD_CHARACTER_SET_CLIENT */;
